accel_x (m/s^2),accel_y (m/s^2),accel_z (m/s^2)
6.528619841346472788e-03,2.135673902559395970e-03,-9.792776705482838295e+00
-5.722508431381838519e-03,2.602408037062725783e-03,-9.793292691352021961e+00
-9.268885973723904603e-03,9.901494981733651238e-03,-9.788960997215635729e+00
2.829515646476953462e-03,-7.568244115980647842e-03,-9.800290662513106099e+00
5.406644232647422920e-05,-3.587894130046188229e-04,-9.798147405154091771e+00
1.001462993781297370e-02,-5.802276786204990308e-03,-9.801185792687538978e+00
1.021653429905955944e-02,-5.842673873776072814e-03,-9.797527520033458615e+00
3.354118134843625098e-03,-8.895433315203553478e-04,-9.796698821270361179e+00
-1.317956190786493710e-03,4.511558745467368972e-03,-9.797113029939827911e+00
-2.045780526823370599e-03,-2.667276026643619711e-03,-9.800690676925983169e+00
-9.064545630427868136e-03,2.460170850731233094e-03,-9.804986791145799074e+00
-2.295798471135368935e-03,4.441530675889112864e-03,-9.788589457786899928e+00
2.831249926940230394e-03,-6.746282186880225851e-03,-9.797532965858154697e+00
-2.313814151456539993e-03,2.356039908511402270e-03,-9.791055568602052617e+00
-1.538217562272779912e-03,-1.302578738297452453e-03,-9.790413384511227335e+00
6.842331030179919435e-03,-1.770905347608263923e-03,-9.794044139906789681e+00
-7.188412334837541301e-03,1.877333726859153288e-03,-9.790266700187908455e+00
-3.589650585160704833e-03,1.607386018086660569e-04,-9.798205313272669414e+00
2.808038181552420780e-03,1.493388939352761381e-03,-9.794738837038215351e+00
5.638106964629998642e-03,7.322326332713917710e-03,-9.789342252906781283e+00
8.616835851403912422e-03,-2.907607799540369228e-03,-9.789320212289291945e+00
7.114952005444588265e-03,-6.802100495104091565e-03,-9.790611890718952992e+00
-4.889214963551901695e-03,-9.772796970208459406e-04,-9.802067130978366905e+00
3.768685613317585871e-03,-4.494861412223976477e-03,-9.797125689944277127e+00
2.166380637871621277e-03,-6.573290406201521933e-03,-9.788019465392920893e+00
5.760052673212960085e-03,-2.566231432249040795e-03,-9.794958347507010998e+00
-9.323061310152140190e-04,-3.225218027110361013e-03,-9.794022343205600833e+00
-3.183965947091839822e-03,-1.359665477033058893e-02,-9.803240422370482321e+00
-6.333949456134977188e-03,-3.207612057726771156e-03,-9.796381029089973325e+00
-3.799967830665226722e-03,-2.178422286786062950e-03,-9.803326979097638727e+00
-1.061421249511058191e-03,6.737709702467055591e-03,-9.793948113475792638e+00
2.096469749338078677e-03,2.615905995877429099e-03,-9.794121229784863658e+00
-3.268997636773094805e-03,6.258479244374968997e-03,-9.799637145497168689e+00
-6.398634674855119102e-03,-9.634011410083263838e-03,-9.799645092122982959e+00
1.224714593426131596e-03,-6.828037825277960028e-03,-9.793243055179477352e+00
-2.572769242254497636e-03,7.066132222478299814e-03,-9.789772115500474214e+00
-7.450569712343662774e-04,-1.030997963671234988e-02,-9.786988241124166876e+00
-4.430947817223954491e-03,-6.336394945760017577e-03,-9.796451730740299624e+00
6.684245358140564197e-03,-4.240678968462793796e-03,-9.799482407062129141e+00
-1.672005862653064062e-03,-7.874475346501779230e-03,-9.790626906623106862e+00
-5.777930832445037079e-03,-4.374814423402196423e-03,-9.801906521283662244e+00
1.626464405346671150e-03,-1.497412473204591012e-03,-9.789712592997963370e+00
4.849388658143550558e-03,1.821393724313597525e-03,-9.795483599741771741e+00
-3.035430085659370208e-03,-1.007015832996798485e-03,-9.794366155226450488e+00
4.207432720849755420e-03,3.863601755425027148e-03,-9.799173706433897735e+00
-6.308634070592154114e-03,-7.555273206851328104e-03,-9.799595102395825208e+00
-2.148231623570443557e-03,3.697833830009358749e-03,-9.795643359855272791e+00
9.137902206918204623e-03,2.535860034413055328e-03,-9.803322179380527857e+00
-1.401276299557990953e-03,-5.415500790918299778e-03,-9.793415066925332368e+00
-5.325952252501607196e-04,-1.138095190004930401e-03,-9.801529387088384837e+00
1.102177117350541975e-02,-1.449458424151754340e-03,-9.801656457729597705e+00
2.616096930307480403e-03,5.476476488983597624e-03,-9.788949106656522403e+00
-5.496431965347039691e-03,-3.190472320809521929e-03,-9.789943566420264531e+00
-7.837308149491909598e-03,-3.426276239399176499e-03,-9.797775857107783537e+00
-3.269916440409894199e-03,-1.432144758173750122e-03,-9.799853314558321316e+00
-1.059737889172158304e-02,-4.495910858187295196e-03,-9.789318829378814257e+00
-5.595193532755651268e-03,-3.718883034210931481e-03,-9.789397768393520494e+00
-1.166587850416074545e-03,1.460752825036228629e-03,-9.795691262545767941e+00
-1.562551595027587880e-03,-2.231785796622260364e-03,-9.800192816255114181e+00
-6.170999873316259298e-04,1.000027537238043669e-02,-9.797011673189443215e+00
-3.427643295443278965e-03,-1.663034574128652906e-03,-9.792186884435766459e+00
2.319444038710385416e-05,4.219408872187295489e-03,-9.795907187563640761e+00
-2.250789300025964144e-03,3.889261305644673827e-04,-9.799229578855657152e+00
-9.749359634671864519e-03,6.521680194736888259e-03,-9.783096188118584280e+00
-7.188133718161176557e-03,8.075792406553152294e-04,-9.791155651797321724e+00
-4.961671807119183084e-03,6.853770167932417452e-03,-9.792843082313764214e+00
-2.576850084203971374e-03,2.250387386648780661e-03,-9.799247401225901655e+00
5.379411411576358239e-04,9.222120222074452461e-04,-9.795617078922081333e+00
8.712873136477436225e-04,-1.069953466751582573e-02,-9.795406530288149227e+00
9.830094959717941994e-04,8.023248188669741474e-03,-9.793914438237930398e+00
-2.256902702204264654e-03,-4.182102719444431697e-04,-9.785984507846418268e+00
-5.311076108676489815e-05,7.168235039885442620e-04,-9.795858098197692598e+00
2.385597356772500583e-03,5.428784892672147006e-03,-9.804928182084074351e+00
8.281580521049698371e-03,3.656751869590576381e-03,-9.799275365714979813e+00
-2.003003379248457453e-03,-1.131275050222992160e-03,-9.796880847686153970e+00
-2.031193176828696365e-03,-3.168480460362349798e-03,-9.797814247508034313e+00
1.161874427104792051e-02,8.391964157835926207e-04,-9.792642075074383001e+00
-4.390897092944785057e-03,2.526661576411664851e-03,-9.790123500576429549e+00
8.856959538928510511e-03,1.120026655917424636e-03,-9.801098098245660140e+00
-1.884659711274902375e-04,-1.868492414267363712e-03,-9.788781780634597141e+00
5.966403499616037024e-04,-8.149015995521076503e-04,-9.802749800443395500e+00
-4.797990685943717866e-03,8.991857602231095523e-03,-9.796698654638893444e+00
1.058920492466087961e-03,1.589949959974632562e-03,-9.800800493766917754e+00
2.304252234408552154e-03,-1.548765420076644167e-03,-9.793881866425632410e+00
1.702767169039341765e-03,1.229524475253234621e-03,-9.801056948517990364e+00
6.424918831632821584e-03,1.068212659586796230e-03,-9.800630637569023307e+00
3.941751763660613327e-03,1.505040341604880908e-03,-9.801920046701820155e+00
6.049566668348290051e-03,2.395063033734656788e-03,-9.799557533923767494e+00
-1.025958853153756184e-03,-1.037643540671095987e-03,-9.784597386153951248e+00
4.079204998373915994e-03,1.538133318023789933e-03,-9.797383054974320160e+00
2.212658404663012893e-03,2.665328009884143211e-03,-9.802160530860888343e+00
-7.985796683977289603e-03,9.528602136042263124e-03,-9.791240624751511135e+00
-7.237810766573549983e-04,1.121375757794978436e-03,-9.797986003125181753e+00
3.923181997105046510e-03,9.635817202634684719e-03,-9.800474672782199193e+00
-2.004584905642117949e-03,1.162181219456662890e-03,-9.797021882359151945e+00
-5.954296052637971653e-03,1.607648965048852612e-03,-9.798348489256092364e+00
2.470560211460238759e-03,-9.408572613505519419e-03,-9.793898537117410541e+00
-1.022271616499088008e-02,3.608223047776827445e-03,-9.793924355501992807e+00
6.788314627461521263e-03,-7.166315963219168847e-03,-9.798300372121200752e+00
-8.950148321438365293e-03,-8.145100490608658469e-03,-9.796895648286945146e+00
-9.260621372664798239e-04,2.525975675811742427e-01,-9.799147081632636258e+00
8.788220985885853223e-03,5.079733916219466572e-01,-9.799696205751143196e+00
-3.188493351427954155e-03,7.009908514862006612e-01,-9.800731848075651342e+00
-3.939604280015523985e-03,8.871335429591936661e-01,-9.786367339324359094e+00
-4.326624214491497748e-03,1.086429469691454264e+00,-9.801148486971239748e+00
4.426172133245610645e-03,1.226271397700320342e+00,-9.787925443996092767e+00
4.198035208698196012e-03,1.360179366265933387e+00,-9.788434731982281534e+00
1.756193360754376752e-03,1.493407269457941666e+00,-9.784338174463414362e+00
-2.887768952064526367e-03,1.602500371954354907e+00,-9.791231441737478391e+00
-1.287784904524146489e-03,1.709315626083047990e+00,-9.796881970429152986e+00
6.518951888569352038e-03,1.799393791587655222e+00,-9.796845710628462101e+00
2.671147773724624752e-03,1.879798668350873836e+00,-9.805288849646236926e+00
-4.968977536663776208e-03,1.950185026768676222e+00,-9.794876918873478999e+00
-3.311012678379668525e-04,2.019791581865787222e+00,-9.799081897910525640e+00
-2.284239546517242026e-03,2.085322980153700989e+00,-9.799330543550373918e+00
-2.204921707923022164e-03,2.126848721528312947e+00,-9.796149746110591749e+00
-7.011606708394502868e-03,2.182106105617147129e+00,-9.791763689751345368e+00
7.824161499169717329e-03,2.217337493393494618e+00,-9.809556721621058628e+00
3.579222281569843355e-03,2.267343852824711181e+00,-9.800423727813203811e+00
-3.686076241534648988e-03,2.302286050184944255e+00,-9.792609606641363484e+00
-1.394450794200718198e-03,2.338763987943551559e+00,-9.795351945598495647e+00
5.150941192185175786e-03,2.359999195104753422e+00,-9.798253930321832783e+00
4.800612582223463994e-03,2.389279161593988565e+00,-9.803853551331142668e+00
-1.996105558854256896e-03,2.409570720407634870e+00,-9.785095313915034509e+00
4.098727372683808761e-04,2.425340228539046628e+00,-9.801646693865540882e+00
-6.336531765805599771e-03,2.452992688061309323e+00,-9.798182481820669310e+00
-1.731037385391018084e-03,2.466662485763408075e+00,-9.798767679690929100e+00
6.496270480776474357e-03,2.473019354897985966e+00,-9.798985721467001753e+00
1.263116955616878272e-03,2.483545280595162108e+00,-9.794113766506603369e+00
-1.044750726806318621e-02,2.507235967164193280e+00,-9.797057887166152668e+00
-2.405609685022061170e-03,2.521495621223651007e+00,-9.792823626955090788e+00
4.217902738275036527e-03,2.520754772088915185e+00,-9.803359365338327081e+00
-2.692397460574833500e-03,2.532374493883143618e+00,-9.799180542203473010e+00
-2.348174938239763841e-03,2.543214068854449117e+00,-9.792432810777187413e+00
1.937745304613598500e-03,2.547556111822346203e+00,-9.794455448845550194e+00
4.554788260659878817e-03,2.560402963012281763e+00,-9.795401934064097205e+00
-4.378330039557717067e-03,2.555481254557889326e+00,-9.796462745266127925e+00
5.209481529033402336e-03,2.570092399801252370e+00,-9.798656586190331197e+00
3.194307318221005932e-03,2.577335870039934473e+00,-9.803164866798494970e+00
-4.719827389772638868e-03,2.581844610657096251e+00,-9.803274616049909795e+00
-1.845183927756085954e-03,2.586744074393515724e+00,-9.792787281749159689e+00
-4.320142409233366718e-03,2.589469700393058460e+00,-9.788384820393101649e+00
-1.143441316457530135e-03,2.589274265696098087e+00,-9.802231895501622105e+00
-1.122313241452995748e-02,2.596750959178069973e+00,-9.799282808432820957e+00
5.099499712034708497e-03,2.594803082673147632e+00,-9.793279108367373809e+00
3.088995461357569097e-03,2.598635079989347840e+00,-9.792758603082928559e+00
6.691481390609561181e-03,2.589157788683580375e+00,-9.795412019744649257e+00
-3.348544688272236253e-03,2.602888764101754848e+00,-9.804391701596481212e+00
-5.696815167945143074e-03,2.598175349470819295e+00,-9.796963696166322677e+00
1.649976631796631985e-03,2.606861122872321523e+00,-9.796939052414632698e+00
2.325089549186822990e-03,2.603487801953272118e+00,-9.794382327036901259e+00
7.397340538123767413e-03,2.604118757698861586e+00,-9.799564528409524300e+00
3.468095510212536314e-03,2.609921459748305139e+00,-9.795221354848500539e+00
-4.380891071579262087e-03,2.603217908341524556e+00,-9.791688853059794084e+00
-5.921629315133024145e-03,2.609741552869683456e+00,-9.790575648857270608e+00
-8.867948609210267799e-03,2.603562630960084778e+00,-9.796615471781542794e+00
-5.301772538119194772e-03,2.609546615210187603e+00,-9.792839115786197368e+00
-4.422252631359069840e-03,2.615361743978128484e+00,-9.797063401632202684e+00
2.489231438037827534e-03,2.614370923280610270e+00,-9.806078129548700062e+00
3.915872705407848382e-03,2.607303385406301910e+00,-9.790363126993320009e+00
9.236444417886548186e-03,2.617709571221631393e+00,-9.797418660466506779e+00
-6.759331235311919839e-04,2.610004200389171469e+00,-9.787672056770739815e+00
-2.661931043539796093e-03,2.617991162589332177e+00,-9.788877393150670514e+00
-4.685451003851490506e-03,2.615118102269158751e+00,-9.794653795910750915e+00
-1.726879097454559354e-03,2.611763964220153333e+00,-9.797604656866337081e+00
-1.734389362859472747e-03,2.615584695128402970e+00,-9.789001891030506997e+00
-1.071500924619107377e-03,2.615219988041221910e+00,-9.796200329106239835e+00
-7.201896698942601878e-03,2.615291952276975973e+00,-9.788438715720344518e+00
-3.027687226476669709e-03,2.616909016047888059e+00,-9.789725595235443834e+00
-2.764550878842619939e-03,2.619176609654191523e+00,-9.787498650254280008e+00
-1.169425760651452827e-03,2.612449262375978964e+00,-9.800750037391640745e+00
-3.846472974614870231e-03,2.619501712518616188e+00,-9.798279212625525147e+00
3.046470379561080823e-03,2.613619314149373096e+00,-9.793134778508170157e+00
1.217069792588208396e-02,2.614141380684896543e+00,-9.798018844600544952e+00
-5.988265259784226677e-03,2.613286061259064486e+00,-9.806455662508273718e+00
3.596925609744926807e-03,2.608656603576746225e+00,-9.788725156497337210e+00
4.088967587113487485e-04,2.614093743111664647e+00,-9.802166004388901399e+00
-9.746501466609526487e-03,2.616105006574235059e+00,-9.789674057630884718e+00
3.316784164800064359e-03,2.610160473657573643e+00,-9.790453293071376351e+00
-3.837933252984601553e-03,2.615746592858217312e+00,-9.800431732597566281e+00
4.965683046914469954e-03,2.616344190563178795e+00,-9.803660557969143596e+00
5.902634652345502622e-03,2.617066785690430386e+00,-9.789749642821000464e+00
-3.589884541032447793e-03,2.620354667229112255e+00,-9.787544378733707973e+00
3.522490882770689096e-03,2.618910090010278413e+00,-9.783344953168120028e+00
-5.182484113138679203e-03,2.611367690093497895e+00,-9.798698689328700695e+00
5.087839606881978949e-03,2.620438021211342061e+00,-9.791611075677161935e+00
-2.541256669828633082e-03,2.608081878885678329e+00,-9.795356940619790009e+00
-3.427054866994540955e-03,2.624325829815045363e+00,-9.796443274019388525e+00
-1.377611757101624389e-03,2.620639793184545319e+00,-9.784937102897046657e+00
2.368134338666949557e-03,2.619736052323576647e+00,-9.797916535673607541e+00
1.383735625025891156e-03,2.619312470926091763e+00,-9.796095122573204250e+00
-2.630807065207936904e-03,2.623708027733099968e+00,-9.784577747516621571e+00
-5.302820679899126338e-03,2.614944086908135290e+00,-9.796149342450465980e+00
-3.279197088197237462e-03,2.620125681866189993e+00,-9.789599146281666719e+00
2.979949193419457933e-03,2.616252790221003099e+00,-9.794169615322177336e+00
-4.352591724120727194e-03,2.616128625720393508e+00,-9.788105553306014173e+00
5.991203527807502198e-03,2.620132162860763003e+00,-9.790476830409884812e+00
3.854802733577596726e-03,2.612698283452469461e+00,-9.797618633210806394e+00
-1.211224949629729868e-02,2.616845644982197072e+00,-9.800106167764553788e+00
-1.253702967173733231e-03,2.618164470360699880e+00,-9.787178525075388436e+00
-1.997283385301355362e-03,2.617207362621574163e+00,-9.799198885333549214e+00
-8.287071661016165707e-05,2.614963665830067452e+00,-9.793463825602925610e+00
1.406272492278401931e-03,2.628828758715505920e+00,-9.801637135447368365e+00
1.839862633836005868e-03,2.627100019361499061e+00,-9.796910641583542301e+00
3.550191181126472612e-03,2.616636872624929833e+00,-9.786501512050518770e+00
2.501421090212678239e-03,2.621130449184962075e+00,-9.794571019636943987e+00
5.696647264342336210e-03,2.614281186401073320e+00,-9.789180088970699245e+00
8.240182531837078259e-03,2.621227405012804823e+00,-9.790628814217546605e+00
8.006349047376731722e-04,2.614623685736357839e+00,-9.792356765918519557e+00
-8.639582687714624648e-03,2.625115706871168797e+00,-9.797886763589037429e+00
-7.484824557363532228e-03,2.624381655814159053e+00,-9.794218485439033728e+00
-1.098959116199344681e-03,2.615782763639757036e+00,-9.802651294314351560e+00
-6.918115035975541845e-03,2.623811562419207544e+00,-9.798068708388674608e+00
6.284011588593672003e-03,2.613242728326904629e+00,-9.802560797325929443e+00
1.015690128762667711e-02,2.619518666123639594e+00,-9.799257708595595417e+00
-2.376488568116743270e-03,2.608205478043094772e+00,-9.808635255229942729e+00
-3.819756880825646143e-04,2.622039252437487367e+00,-9.805314438508018426e+00
3.633192089442030537e-03,2.620910751481004830e+00,-9.791104164296726253e+00
-2.587914881590727256e-03,2.616864247054486725e+00,-9.798997111736147403e+00
-3.845112780433610454e-03,2.609482686591241940e+00,-9.795403911459581892e+00
4.771431257766481360e-03,2.621777510089192909e+00,-9.789329081092935425e+00
1.152974912956393483e-02,2.615267787881084605e+00,-9.793537733196778561e+00
5.324447852891604945e-03,2.624356294484858854e+00,-9.794483653437906057e+00
-7.909240613920867592e-04,2.620045548450057105e+00,-9.795978134980479979e+00
-3.525545837669163789e-03,2.622166383058952999e+00,-9.792825277403869322e+00
4.119043239749165149e-03,2.616972463148826922e+00,-9.789188730703552110e+00
1.001087690456589976e-02,2.609416885246330420e+00,-9.797043023563855257e+00
6.008192572343853607e-03,2.606503573269750795e+00,-9.786496608652234031e+00
3.651415452424869139e-03,2.620994757759410376e+00,-9.797196761244945762e+00
1.291638791637459045e-03,2.614732841544775255e+00,-9.793527575010459785e+00
1.741312477676039633e-03,2.621103157097733227e+00,-9.802067887932217616e+00
1.543347590332634287e-02,2.619798891557329590e+00,-9.803204713486019628e+00
4.763092236321958550e-03,2.610844910542258202e+00,-9.788697574913774346e+00
6.728787804284461910e-03,2.623684590111178050e+00,-9.794748546923162991e+00
-6.369002337227258614e-03,2.621404054410668927e+00,-9.789208012579376117e+00
8.917583831881525230e-04,2.619481440139617145e+00,-9.793072667759798122e+00
-6.829079809912882472e-03,2.615857433024181056e+00,-9.789449150596203353e+00
-8.932723299432851830e-03,2.623741216111068031e+00,-9.800874189216647991e+00
9.222706677868824227e-04,2.613759397285040365e+00,-9.796333454062828849e+00
3.006165890564163525e-03,2.620813141122911638e+00,-9.796707406499651327e+00
2.019876843444011558e-03,2.609840718283579886e+00,-9.791992292186469271e+00
-1.454481549383060835e-03,2.613709123774637266e+00,-9.805735325662183755e+00
1.233568629408713290e-03,2.620215590796489025e+00,-9.799405755370948157e+00
-3.290647893521092895e-04,2.615957751967879830e+00,-9.801714269290750181e+00
1.838007767128170891e-03,2.623455748980266122e+00,-9.790334775986044846e+00
7.502721529855509684e-03,2.623649153789743504e+00,-9.800968254773268384e+00
2.695749324304610398e-03,2.623984432526432098e+00,-9.795326134374731097e+00
-6.531157064351433145e-03,2.620565080198112629e+00,-9.793736091362653440e+00
-2.404616311053152519e-04,2.615944279600754374e+00,-9.793097577626904027e+00
1.483759451264019934e-03,2.609345452663494047e+00,-9.795169494515084452e+00
-5.538743086025480628e-03,2.614852015660920515e+00,-9.797237133926948616e+00
-3.061071235543269629e-03,2.619724159907822703e+00,-9.803123437361863424e+00
-1.595762612535131910e-03,2.620634742351044544e+00,-9.798268060561417414e+00
-7.832607113701603799e-03,2.623772627621030473e+00,-9.793272191955924910e+00
-2.621084044570021806e-03,2.615573194606026775e+00,-9.797497537121932609e+00
-8.332408735038532993e-04,2.624302978036654466e+00,-9.800807290428235063e+00
2.469035015384207429e-03,2.611583664292602691e+00,-9.792753101231276958e+00
3.631601950100911934e-03,2.619640408107143603e+00,-9.790552234137432919e+00
1.598377262346106645e-03,2.623434894258932282e+00,-9.786472291882759578e+00
6.855824430673773499e-03,2.624639666200257349e+00,-9.785099260691495715e+00
1.470619263867689900e-03,2.619738186335601071e+00,-9.794442351397140811e+00
1.452085300474559174e-03,2.618372419523098849e+00,-9.788568809636840840e+00
-3.464957863836707307e-03,2.616164582409780337e+00,-9.795771093266601781e+00
-2.621357784318567065e-03,2.609177812109414241e+00,-9.789160502269020014e+00
3.283964115504722000e-03,2.619236076796877644e+00,-9.802045736104577855e+00
-1.217987957413678955e-03,2.625553884520213099e+00,-9.795701748871127990e+00
1.972760572483066212e-03,2.613406977564050937e+00,-9.798992739124756213e+00
-6.805645129760468109e-06,2.621357743298176501e+00,-9.796522982072612962e+00
1.694926830018811956e-03,2.622001355126080568e+00,-9.799877313864030270e+00
-9.724387690001185230e-04,2.616941090145353588e+00,-9.799778615175709362e+00
-1.735906343079127558e-03,2.617100864969603702e+00,-9.796231004464948100e+00
-1.235564147891788419e-03,2.618037778572228191e+00,-9.793745618145774046e+00
-5.517783248283890905e-03,2.621607453702397894e+00,-9.793656791146016616e+00
2.837984882035371383e-03,2.621205473694262267e+00,-9.798193641161988765e+00
-6.871574185179926166e-03,2.616762158216300538e+00,-9.786326014796703276e+00
6.662191439672864555e-03,2.618652130630561459e+00,-9.804346298837145923e+00
6.443428748971600194e-03,2.621171353612488986e+00,-9.792184676781539920e+00
-1.396091763493024140e-03,2.618354247792520795e+00,-9.788763905327558135e+00
2.264551879261006515e-04,2.616204240142313342e+00,-9.793139732637664352e+00
1.222718483750371166e-03,2.616877405051055039e+00,-9.793815359878989213e+00
6.903750494017323741e-03,2.618944697944041167e+00,-9.801277691526417257e+00
9.798478134328722847e-03,2.623837632147502319e+00,-9.807897912728867240e+00
-7.417239784830257157e-03,2.617185867406734978e+00,-9.788290119364349451e+00
3.901943046994035998e-03,2.611366629703208542e+00,-9.791850010247690861e+00
1.949908892762215696e-03,2.616104288961206059e+00,-9.798189105042071745e+00
3.714291921317335998e-03,2.612118474185789019e+00,-9.796594482106121049e+00
-4.560585414417402984e-03,2.616769082565288063e+00,-9.802106945933415361e+00
-5.163402070313465216e-03,2.618222881322753270e+00,-9.794180584139098755e+00
1.029158835825761753e-03,2.618001365550507220e+00,-9.792679784286558942e+00
4.273454890550764523e-03,2.623134594015946952e+00,-9.795042773631694288e+00
-3.229874147709981165e-03,2.616540813352827843e+00,-9.789722820034679529e+00
8.515232013789708274e-03,2.609983335095660273e+00,-9.790898003261201410e+00
4.498827962291603554e-03,2.618961240757633036e+00,-9.800767371991868870e+00
-7.891321491322476813e-04,2.612658588561945106e+00,-9.794837407075471347e+00
4.110116226360130756e-03,2.620037613534342835e+00,-9.798857222770983810e+00
5.825137642617115967e-03,2.615021746145004489e+00,-9.802877206713407787e+00
6.090466179387442509e-03,2.615130682116448391e+00,-9.800582397864060269e+00
-7.684740149850336150e-04,2.617280493969614596e+00,-9.793007347978017307e+00
-2.352281229992894424e-03,2.625305585536735542e+00,-9.796276738817502050e+00
-7.888444303524587073e-03,2.619403523303506010e+00,-9.791787365436773527e+00
1.488991444462741840e-03,2.611674437800004078e+00,-9.790736973619953432e+00
6.176275342197955036e-03,2.608874897759486444e+00,-9.793768998926980274e+00
1.855071737487215848e-03,2.616446800335760159e+00,-9.792921315477077115e+00
1.065541092195160244e-02,2.630478839720558959e+00,-9.802870321367917583e+00
-3.440731290929782476e-04,2.612782568386599724e+00,-9.798635856274332312e+00
3.422436259463436468e-03,2.617445377460900335e+00,-9.789642033504899032e+00
-6.886177853707615287e-03,2.624818530632575087e+00,-9.789207321189508093e+00
3.625010822947437750e-03,2.617328928145684408e+00,-9.797919324568377775e+00
9.743646476794704317e-03,2.618093510511859012e+00,-9.785045956809113932e+00
-4.608492717789296374e-03,2.622717392911700252e+00,-9.794538341103878665e+00
-3.049822883975939099e-03,2.620207919963275511e+00,-9.792203964161432239e+00
-5.609357458508416275e-04,2.621625307793342241e+00,-9.788095918777974802e+00
-7.341963172506093573e-03,2.618654252124226645e+00,-9.791383655710005129e+00
3.659095762555859832e-03,2.611045662949665225e+00,-9.795562283614021482e+00
-8.516299587540727620e-03,2.614738727467494250e+00,-9.792015666874533508e+00
-5.027498721828813771e-03,2.619228596753488070e+00,-9.799096049178247725e+00
-9.713345607106370675e-05,2.609041465954443861e+00,-9.800433473580268284e+00
6.401326184643529350e-05,2.615646889606574543e+00,-9.801893797351207027e+00
-9.208284630517520747e-03,2.616948302025844164e+00,-9.800239746059677515e+00
-2.381600079030799476e-03,2.607192905865096222e+00,-9.795746945476880185e+00
2.916781667748839964e-03,2.615845642295317575e+00,-9.795544619596904923e+00
3.749750251867364249e-04,2.621846084689172685e+00,-9.793015816992605593e+00
-3.500611974097229788e-03,2.620022889761217666e+00,-9.794439535496866966e+00
3.634133872294213752e-03,2.620528839958899958e+00,-9.797792110272446564e+00
3.530413464883517139e-03,2.615805696783002787e+00,-9.795049203600653343e+00
9.860718318601881943e-03,2.618832618134294687e+00,-9.787142713076155687e+00
-1.742511389511949360e-03,2.615112565627939034e+00,-9.789411051124854879e+00
-1.438664116309791531e-03,2.617543549539353087e+00,-9.792900002897777512e+00
3.505940671772865124e-03,2.612092823756111848e+00,-9.791737636563771829e+00
3.388820346861383653e-03,2.617431125127370528e+00,-9.795619153853833083e+00
3.416127758468109638e-03,2.621811960248104700e+00,-9.797573868959350563e+00
-2.533936084462538180e-03,2.619270405392014389e+00,-9.790663136008623368e+00
7.323373382321916522e-03,2.615791915911942489e+00,-9.793911498351224765e+00
6.078925164049531552e-03,2.628025109954196914e+00,-9.796169224443433521e+00
2.065603626900678995e-03,2.617791376781833712e+00,-9.797452994793248493e+00
-5.787933532557183562e-03,2.614029792973248778e+00,-9.801026137278343597e+00
2.037533478368560701e-03,2.612346485347854852e+00,-9.798679480102634898e+00
-3.989922568977786674e-03,2.602472220269288261e+00,-9.791571545051718672e+00
-1.610207623819876832e-03,2.620917381248353273e+00,-9.795047575031423648e+00
-4.079028473113320390e-03,2.614726492792397217e+00,-9.799759795131141260e+00
1.547138509376178755e-04,2.626066615070052901e+00,-9.798451303322714523e+00
-4.288759857608816055e-03,2.615036658649497081e+00,-9.795486003003290421e+00
1.042284274167672511e-02,2.610880993395755745e+00,-9.789065523956669068e+00
1.881873314047036692e-03,2.618582990812218458e+00,-9.793366809861774769e+00
1.162101209946955023e-03,2.615165455084590640e+00,-9.793436380457048784e+00
7.003368039859771566e-04,2.623003293440574257e+00,-9.789502550138033499e+00
1.244370954078712370e-03,2.615149944043438701e+00,-9.788207727086403409e+00
-4.404101241184684747e-03,2.611669699638164310e+00,-9.801482722835141104e+00
6.732596324945062591e-03,2.625866913990332119e+00,-9.797606005280494301e+00
4.631443749916299910e-03,2.616061402341872455e+00,-9.798543914587673598e+00
-4.839251312125121031e-03,2.608974792511084662e+00,-9.793105052294473367e+00
-1.316643133779938669e-03,2.609209168979538696e+00,-9.797819376065808328e+00
-4.900209518767638210e-03,2.609906547321094727e+00,-9.798393924567422530e+00
-7.083623447499006430e-03,2.615282508496285629e+00,-9.792283687529321767e+00
-2.119626550382646898e-03,2.619987001055755993e+00,-9.791116560164422111e+00
9.122538639261037682e-03,2.613894980457025508e+00,-9.793372014777625978e+00
-2.054038977881029408e-03,2.614663513835727926e+00,-9.791877067218614172e+00
4.318084617265777365e-03,2.613398041072406475e+00,-9.796921301851378772e+00
2.810479083553393213e-03,2.613138707568753549e+00,-9.795209021167361030e+00
2.556223099715937159e-03,2.613983382912606679e+00,-9.795325796830139709e+00
-3.425204139071643793e-03,2.615725725757910514e+00,-9.797300157106299423e+00
1.167814398207824358e-02,2.613074122969232693e+00,-9.798298514371197143e+00
2.204773717110835272e-03,2.626116474250456356e+00,-9.793003762460582351e+00
-4.342589029671554274e-03,2.613008214207809043e+00,-9.804358107375566789e+00
4.740349370015212627e-04,2.624077803585123991e+00,-9.793454598305444847e+00
4.990326539053697302e-03,2.614457490387453120e+00,-9.791927280077670659e+00
-4.339683319134565341e-04,2.616707242766824759e+00,-9.798553957608163500e+00
-5.968698074489587821e-03,2.614886301265331614e+00,-9.787937088558654963e+00
4.634219706223603112e-04,2.616934518134825804e+00,-9.792704912272617079e+00
3.835932121278036021e-04,2.622640391093287171e+00,-9.792802901000866811e+00
5.526419553425987626e-03,2.624324097971676206e+00,-9.790034167801893616e+00
3.334432155645563299e-03,2.618875501683401108e+00,-9.803817010414583422e+00
3.629822148760125742e-03,2.608585831872648253e+00,-9.798505599739250727e+00
-9.811308282601790415e-03,2.616565078391133170e+00,-9.790703167683629360e+00
3.886873050971145381e-04,2.616380444353976209e+00,-9.792773678237585600e+00
1.540919756827748878e-03,2.624719397056034964e+00,-9.795077082572429816e+00
4.216006933220109703e-04,2.616549731170188853e+00,-9.798619004103224839e+00
2.867442871192911968e-04,2.616590444732278531e+00,-9.794143146425268398e+00
4.962691263052261374e-03,2.618340186383142143e+00,-9.793645742531841947e+00
-7.806231418384779359e-03,2.611816295431446555e+00,-9.800254600155495766e+00
9.162821802302996421e-03,2.614533318621498736e+00,-9.806489884725074546e+00
4.484377167582675495e-03,2.614375710561630761e+00,-9.797471650315042524e+00
-1.907813046402793674e-03,2.615103977597378559e+00,-9.791518617471830055e+00
7.767920895071515376e-03,2.613283338616477991e+00,-9.793543410540170413e+00
-3.997858369990447101e-03,2.609483922443685433e+00,-9.791591008240990490e+00
6.289349000018655718e-03,2.618506844676562473e+00,-9.793349272863459021e+00
-5.478331935606021823e-03,2.626017453130568668e+00,-9.789972717014469694e+00
3.257818714613514195e-03,2.624640917379588156e+00,-9.788589034197229921e+00
-4.478431491168867679e-04,2.615195443417430265e+00,-9.804258760075757806e+00
-5.995670462350832786e-03,2.617145605257679808e+00,-9.797453659417000082e+00
1.556505583598599262e-03,2.615641711029162764e+00,-9.807650434253993410e+00
2.408358266777152219e-03,2.617791948308609395e+00,-9.789926537488453206e+00
-8.823407427583092322e-03,2.619197580622973920e+00,-9.792175207687606076e+00
1.272230766825689814e-02,2.611525306526683465e+00,-9.794513216914287668e+00
-2.736050140759153752e-03,2.612973732297594776e+00,-9.791567859694767506e+00
-3.836855014156007548e-04,2.623309735133146248e+00,-9.799265329477501396e+00
1.047261436421438249e-02,2.621703137030825026e+00,-9.798035733393282598e+00
7.783410970509550483e-03,2.621320036273906418e+00,-9.794879455339037477e+00
1.281589282710070971e-02,2.615584954698261466e+00,-9.800937061482533963e+00
-9.717116023637888123e-03,2.618684886489984098e+00,-9.788989845925264888e+00
-2.721428665186358814e-04,2.623195849763502174e+00,-9.797796684081193419e+00
6.664389754835285803e-04,2.605150302865411049e+00,-9.800394028181676376e+00
-4.044674691573127596e-03,2.607243110199236380e+00,-9.797429356298955838e+00
-5.043790710946145957e-03,2.612708340964702725e+00,-9.800097064278384451e+00
5.434207879422572884e-03,2.617880143663740000e+00,-9.788853773976653017e+00
9.543683375991096618e-03,2.622236627426596467e+00,-9.795093576102164690e+00
6.600828720243685430e-03,2.616287386926289926e+00,-9.790078890895859587e+00
-8.997541769499977152e-03,2.610570034807177198e+00,-9.788656382020270996e+00
6.952722084616211329e-03,2.615639583907795718e+00,-9.798368207769286187e+00
3.368738086501557247e-03,2.617388220344535998e+00,-9.791253972588281229e+00
-1.475143258975962143e-03,2.619409144929707445e+00,-9.792789196700462995e+00
2.525439299975387828e-03,2.620668050194544296e+00,-9.795637305474533818e+00
-6.000539141347066476e-04,2.619344164773350858e+00,-9.795398636173143103e+00
-3.146372372470505104e-03,2.626971449004129600e+00,-9.787456275482574242e+00
1.704187207905926002e-03,2.619691329423090576e+00,-9.786121206879396794e+00
4.800274101004148829e-03,2.617124389609047697e+00,-9.788956783163671460e+00
4.080441143401784994e-03,2.616706920051038665e+00,-9.804404015169144060e+00
2.551982682377176414e-03,2.613673748226343463e+00,-9.792616102997859784e+00
3.850810626569571593e-04,2.624373393147993117e+00,-9.797645087839716993e+00
4.579496811991975135e-03,2.622316892643030251e+00,-9.794291544643332514e+00
-7.863132324539453795e-04,2.618609826166709009e+00,-9.795900188351911453e+00
-2.843745652774281631e-03,2.620743498585465847e+00,-9.795944962282010948e+00
-6.382676268105364620e-03,2.610765569479921666e+00,-9.797514595440766527e+00
-1.421243264404901821e-03,2.618802456785033872e+00,-9.788787278796574398e+00
3.632853905297355433e-03,2.618946703484052119e+00,-9.795480459821117591e+00
2.445818957568876399e-03,2.615231019108265276e+00,-9.799424639536445270e+00
-9.971891257874421557e-03,2.609513005130258634e+00,-9.790967138919311807e+00
-4.553653537124703393e-04,2.621874373977688411e+00,-9.797025128874244260e+00
3.002432096783433021e-03,2.616073430390832399e+00,-9.802313014930524204e+00
1.643318587608828081e-03,2.618656510117010949e+00,-9.797943356650852920e+00
7.741585803971935730e-04,2.617621812187704844e+00,-9.798158731435927749e+00
-6.725701704899522161e-03,2.613900734475897991e+00,-9.795198310557079679e+00
1.645863315820673663e-03,2.618659310377451366e+00,-9.786222115907291297e+00
-3.492155519630747978e-03,2.610898206698300417e+00,-9.800233699585678693e+00
-7.470893285183861053e-03,2.619258335716599717e+00,-9.791048600642728417e+00
3.393900914531634491e-03,2.619368300407971084e+00,-9.800906150958478946e+00
5.860741063592831562e-03,2.616158678232066936e+00,-9.797954168176524092e+00
1.806329507794166272e-03,2.615704168561656662e+00,-9.789840164248145626e+00
-7.359505715584360556e-03,2.605005650588321675e+00,-9.797209306489996550e+00
-1.648582064758650698e-02,2.621599170855489103e+00,-9.792805509182040069e+00
-8.291580976598482422e-03,2.613021599624507640e+00,-9.796634911573637083e+00
-4.011635630341639502e-03,2.619173044998177602e+00,-9.796228969155377442e+00
-2.454371556159917495e-03,2.616129618645908206e+00,-9.789114879870489005e+00
8.098465279118085419e-03,2.614751025440955612e+00,-9.796137229215277742e+00
-9.530722324699587682e-04,2.614748474895528307e+00,-9.792477777969804009e+00
-1.482501724189509793e-03,2.612055949461744131e+00,-9.795545874173178902e+00
2.859735344187666942e-04,2.618257715861654233e+00,-9.795046191234133559e+00
-1.430024074646348139e-03,2.618558198715087659e+00,-9.793218801056761791e+00
-2.234503647404202827e-03,2.620202828682856921e+00,-9.791188296786607737e+00
-1.415253210432785343e-04,2.618550364730883206e+00,-9.789772497756858982e+00
2.789521763245199348e-03,2.624364557784873320e+00,-9.799791500101109776e+00
7.876720348974877023e-03,2.626585250678239447e+00,-9.793558327764289473e+00
3.651042679802003060e-03,2.614632854593097022e+00,-9.802273996805226375e+00
-6.251059411263235922e-03,2.618042257167943365e+00,-9.791301341443066519e+00
9.595298769559088047e-04,2.607917673981928974e+00,-9.800564182469949870e+00
7.114781503958000908e-03,2.618951438771428997e+00,-9.788725103380203407e+00
5.389354017211430911e-03,2.614386625565096711e+00,-9.798723081542956237e+00
-6.597876556395490359e-03,2.619002374819269008e+00,-9.796227532272116179e+00
-6.352117919596229900e-04,2.620065682006926355e+00,-9.790336218501460408e+00
1.953000934490956538e-05,2.611764201790460760e+00,-9.794671482590084466e+00
1.105631403983651151e-03,2.628641793080935152e+00,-9.790465428148495519e+00
-2.297256762438032538e-03,2.617694481775208359e+00,-9.796865647988214576e+00
-1.063546782938146022e-03,2.618333501362342997e+00,-9.799915768586208387e+00
-3.904698926091890523e-03,2.609581829112432860e+00,-9.799963005784867676e+00
4.326192813419837101e-03,2.609375688730326548e+00,-9.792188598802631816e+00
-1.188531686273729923e-04,2.615043331360457746e+00,-9.795594663962660320e+00
-1.007389093582086725e-02,2.620883294396615160e+00,-9.790379411788006081e+00
-2.386557306504352369e-03,2.619715901019514348e+00,-9.793643507317106867e+00
8.545904959095239643e-04,2.616291520577947338e+00,-9.795703155668267215e+00
-4.048267939877168639e-03,2.613086583891218062e+00,-9.791721060183723679e+00
-1.116687282649601529e-03,2.616437421428185583e+00,-9.791826098431197778e+00
2.352851182271394580e-03,2.618519002351494152e+00,-9.792520621480012011e+00
-3.605253343745532576e-03,2.618937932295515747e+00,-9.802167505639557632e+00
-2.806680975422293917e-03,2.616042056989053677e+00,-9.792867324449222366e+00
-3.053981260368943303e-03,2.614498621331616146e+00,-9.794367586990341934e+00
3.304778766725763144e-03,2.616758691841985396e+00,-9.797770696930678369e+00
1.048585439513275222e-02,2.621168345712257430e+00,-9.795359299291693134e+00
-6.208761606813616857e-04,2.619644721467489390e+00,-9.790990537912284353e+00
3.761106428903104610e-04,2.625442045714878603e+00,-9.801345393406050377e+00
4.059012946820886314e-03,2.611249906631461837e+00,-9.796240061344123617e+00
-1.358868626181188553e-03,2.627323233733121821e+00,-9.800104556977371928e+00
-3.397220964668123868e-03,2.616959419008615395e+00,-9.800282278125630242e+00
-2.068025780301406633e-03,2.624771268961017867e+00,-9.810566806270445639e+00
2.505718785505901304e-03,2.616662433863485404e+00,-9.802252977477429852e+00
2.251429537366065811e-03,2.611753508795298551e+00,-9.786736669341207673e+00
5.241001508859515629e-03,2.618421073939851684e+00,-9.787393154663940109e+00
1.426002181294989003e-03,2.616458076511848585e+00,-9.791304552568478314e+00
-7.523589411217375920e-03,2.613359324376740567e+00,-9.796999214821630275e+00
9.965862259436294307e-03,2.621793466603545397e+00,-9.788923942011203749e+00
-8.968927312029282423e-03,2.614276677098434920e+00,-9.787551302765953309e+00
1.054267615683344463e-02,2.617841624941141809e+00,-9.800283431856827931e+00
3.172431580360006009e-03,2.617596242615095381e+00,-9.788154199112341303e+00
2.762605025889090793e-03,2.629530318976070369e+00,-9.788136784342551522e+00
4.368725114065442373e-03,2.617459295196076674e+00,-9.792075398194651115e+00
-2.066131837742480118e-03,2.616898304407339282e+00,-9.807454663221891522e+00
-2.211137948348762972e-03,2.612462991748426777e+00,-9.790248882390928387e+00
1.157114252076910446e-02,2.625630043109701717e+00,-9.797327649058827248e+00
-5.168280196599694780e-03,2.621100430362251821e+00,-9.807079252772004097e+00
7.188401031155751235e-03,2.625691509534577417e+00,-9.792357386482841264e+00
1.002896331318086330e-02,2.607174759542223885e+00,-9.792917654007419870e+00
2.742885166366780731e-04,2.611437311221098678e+00,-9.793075395485555390e+00
-7.376478737719277708e-04,2.624307363256044301e+00,-9.798941036522315073e+00
-5.333767041741260297e-03,2.616633906268770904e+00,-9.788370988495298519e+00
-3.229951212481659440e-03,2.613705351067477256e+00,-9.801764903430445486e+00
7.058131220358215656e-03,2.628337565805875631e+00,-9.793741524203213089e+00
3.516270073057620876e-03,2.623313718736231426e+00,-9.794841200491545052e+00
-3.615188429944420372e-05,2.609593395909668878e+00,-9.794513240904795026e+00
1.069392927949021398e-03,2.609681242915127264e+00,-9.790686743811003012e+00
-2.323329307863959865e-03,2.612620033488387783e+00,-9.790152274065592408e+00
-1.235686457440299236e-04,2.619282325112711973e+00,-9.783967210189794983e+00
-3.844831934526604482e-03,2.623418908410238615e+00,-9.793692668209939001e+00
-2.157381816943689228e-03,2.618853422616862492e+00,-9.797725689032956709e+00
2.695335172304614245e-03,2.614913297423802963e+00,-9.787693280996531797e+00
2.399664531253547801e-03,2.618618925130539399e+00,-9.800846294313506846e+00
7.537151302752332499e-03,2.618021155716782733e+00,-9.801063542843381882e+00
-3.529695650624052692e-03,2.623310458531691758e+00,-9.795527884488613779e+00
1.914170815177104398e-03,2.614693141654623076e+00,-9.795896398402334171e+00
3.701350404902670373e-03,2.614239757172801326e+00,-9.798132832391580394e+00
-7.627357209534818723e-03,2.620505291952027083e+00,-9.810365905700583866e+00
-6.917376295314695694e-03,2.612580466437662174e+00,-9.792370989245958057e+00
-2.041361394735559398e-04,2.619357221258459933e+00,-9.786312210905709463e+00
-2.569122152684723444e-03,2.627092684643211218e+00,-9.788607786483831674e+00
4.936666234484975851e-03,2.617492547683940796e+00,-9.795838749012135693e+00
9.839833462573679967e-03,2.624436613143063202e+00,-9.791055300981531317e+00
-2.373140289817786668e-03,2.610742255844285431e+00,-9.795184269705176305e+00
-7.378032066308401991e-03,2.615319745132717255e+00,-9.792885153056056780e+00
-8.928382308107466955e-03,2.622379364922469147e+00,-9.797311690110250382e+00
-5.312852322968644085e-04,2.615391469812426983e+00,-9.796125970834761887e+00
2.737689978351352804e-03,2.617090466190932219e+00,-9.803636946390076545e+00
4.144575449431187747e-03,2.612160985634780719e+00,-9.793532382005190939e+00
5.579593959378030890e-03,2.621265553816589655e+00,-9.790272431878419113e+00
-2.769067600400270789e-03,2.619758977055809623e+00,-9.793998435916165590e+00
6.327335467882178217e-03,2.619301125821883236e+00,-9.802246259220167346e+00
3.823470250677020628e-03,2.619122605971904605e+00,-9.795851851507610064e+00
-7.495797935628159374e-03,2.619498195283954001e+00,-9.795357702422418100e+00
1.075835856461577686e-03,2.621205332492014151e+00,-9.788098451404248834e+00
1.082304404494516953e-02,2.617310820997966303e+00,-9.792958372543822065e+00
1.176675501129670169e-03,2.618201492534178776e+00,-9.796848573108896119e+00
8.956870532899183571e-03,2.609155473352744448e+00,-9.784277191478029323e+00
-7.807576902468404793e-03,2.610624022758488927e+00,-9.789760851427400823e+00
2.977630783040384043e-03,2.608926328521277593e+00,-9.792531264599022123e+00
-1.597748882950672175e-03,2.617413607854732316e+00,-9.789766134786828999e+00
2.198062751732808573e-03,2.617059347096156063e+00,-9.791608252690659597e+00
-2.899953660545373426e-03,2.618693406238923771e+00,-9.800359228797661970e+00
-3.672335878806033682e-03,2.610544937567452983e+00,-9.790088463011127118e+00
-1.015105728505296193e-02,2.613857330261362133e+00,-9.794580797102028669e+00
4.369976174238556117e-03,2.618464113469022525e+00,-9.800264002893371185e+00
3.669713231640282271e-03,2.612387196443588522e+00,-9.794225078669544615e+00
-6.666455524901831152e-03,2.622197699630198109e+00,-9.800741140304840116e+00
-2.860994596608747165e-03,2.617975142505009067e+00,-9.799978551830646367e+00
-3.718730591440051834e-03,2.620311969469651281e+00,-9.790852606877230357e+00
5.770285692237258832e-03,2.625653664167787227e+00,-9.792720135854141361e+00
-3.937913839023899319e-03,2.625337418719270843e+00,-9.798022244159815486e+00
1.271951176027440568e-03,2.619876526416591300e+00,-9.785278638546120789e+00
-6.925613677959153829e-03,2.618454969742173066e+00,-9.796943430610138392e+00
-8.284517806222394323e-03,2.624448810676934141e+00,-9.802642033697923196e+00
-3.567258871504485457e-04,2.615928481532343142e+00,-9.789662562725405692e+00
1.007808217961202700e-02,2.618538698032417233e+00,-9.789879888777527128e+00
3.124657741599190346e-03,2.619279524781024993e+00,-9.793046155044276446e+00
-4.633495144199248957e-04,2.609305047955603918e+00,-9.790701758668731713e+00
5.392318930066245810e-05,2.616840327539449618e+00,-9.797957091396135354e+00
3.245023818594137879e-03,2.617515527710030376e+00,-9.790738001210700148e+00
-8.210751936416813522e-04,2.615712003799411267e+00,-9.800205358647996690e+00
7.103251244441275911e-03,2.624042133810270627e+00,-9.793629565285923988e+00
-1.563241080075005156e-03,2.615595347295080586e+00,-9.796134593263703394e+00
8.835345754189866032e-04,2.620662116016877263e+00,-9.791939625394485702e+00
4.006299879560603662e-03,2.614727788077398252e+00,-9.797558461980509392e+00
2.793252587104109660e-03,2.615152682202027901e+00,-9.789146708940986485e+00
9.480197306497592166e-03,2.616720653046693101e+00,-9.789494281571192502e+00
-3.658856151657250387e-03,2.622874770110880327e+00,-9.796959079753955635e+00
-8.541181071362785376e-04,2.613459177121032706e+00,-9.796048393092867457e+00
2.281565393030956894e-03,2.615487804471302802e+00,-9.799965100814214125e+00
4.253073896519294142e-03,2.616895114184665694e+00,-9.795645726615235915e+00
1.708853285920671665e-03,2.623665627302973924e+00,-9.792160450679185502e+00
4.549642819081277205e-03,2.613100549878249801e+00,-9.796821507777291771e+00
-5.524551810764855367e-03,2.622655308629992188e+00,-9.801874926854409864e+00
6.423393734906252504e-03,2.618393867805249187e+00,-9.791362628105718002e+00
-2.979494279109455666e-03,2.622133584455306199e+00,-9.793199969170249375e+00
8.484497085368636338e-03,2.611060223144832548e+00,-9.792835290060247999e+00
3.605868247412484734e-04,2.619274882013419070e+00,-9.787885620091097749e+00
-4.061046778980235798e-03,2.619440960059570944e+00,-9.799322182038777029e+00
-2.931250846152522334e-04,2.622706371082410559e+00,-9.791462242482333878e+00
8.805785917898637308e-03,2.614535841886232337e+00,-9.800302790962973631e+00
9.927974544697948205e-04,2.613133568090743708e+00,-9.796412658451966848e+00
-4.578250649114086988e-03,2.611401380991983601e+00,-9.801937716711460524e+00
-1.148372664794592140e-03,2.623814068553252277e+00,-9.789277229912064726e+00
6.257967893883611792e-03,2.618033266671721204e+00,-9.796155861846893131e+00
-5.060491795656171018e-04,2.613623025077977502e+00,-9.794102613419367387e+00
1.934778845133471189e-04,2.618912918842170701e+00,-9.801956647808397705e+00
-9.363851821869457331e-05,2.611176888096899074e+00,-9.792926463740945664e+00
-8.493147281977447187e-04,2.607967413547012114e+00,-9.787345949378316590e+00
7.533277648590133973e-04,2.622828437882233743e+00,-9.801324151406245022e+00
-1.517768665787516333e-03,2.616584114125721339e+00,-9.794822724425339189e+00
1.355393171779548144e-03,2.611541149502050185e+00,-9.793160089927683387e+00
3.226318471450796525e-03,2.621499975814477690e+00,-9.799409266565527687e+00
-4.198478207514546624e-03,2.618715292286834195e+00,-9.794302268769948583e+00
-6.184420169741679414e-03,2.604777667061140445e+00,-9.794768000225358762e+00
-4.375345157090094507e-03,2.619020052351299643e+00,-9.797916006350027018e+00
6.887412967802454371e-03,2.603234494878722494e+00,-9.788482763342244652e+00
-2.311507392384125163e-03,2.616894495323393244e+00,-9.797525411569084852e+00
-5.280547121240616523e-03,2.607893673552102332e+00,-9.794486010497152506e+00
5.827926129972449236e-03,2.620270979594443439e+00,-9.803838590944208065e+00
-7.348496008333781082e-03,2.612085075090486264e+00,-9.795423196644888364e+00
5.432067479031393170e-03,2.624616112064877882e+00,-9.788005908258961441e+00
-1.373904497612680672e-03,2.617577819047663734e+00,-9.799846663665904956e+00
8.299401624801821045e-03,2.612703764584860977e+00,-9.795120559799046944e+00
-1.170370164316775034e-02,2.622197291952993670e+00,-9.784989177481227429e+00
2.498601060516236587e-03,2.612947263425852817e+00,-9.803412183158961568e+00
1.220102814235593048e-03,2.617105133201909073e+00,-9.796985104853803250e+00
-1.466109445758081650e-03,2.613805156040982958e+00,-9.797121560796357542e+00
2.823599666058595418e-03,2.618567048977988865e+00,-9.798802435831523994e+00
1.270007163939784571e-03,2.621566792155935133e+00,-9.792471665859370233e+00
6.803960071858223754e-03,2.618953095582703838e+00,-9.792796898156373331e+00
4.579702132707358722e-03,2.614658474230061813e+00,-9.791678794597215685e+00
-7.574166867450871782e-03,2.618654798228775338e+00,-9.793489823127970340e+00
-1.460946096266081554e-03,2.623806083976359727e+00,-9.791485981369151048e+00
-6.950304915140952848e-04,2.621917266658206458e+00,-9.791444535832779295e+00
3.111967467346361902e-03,2.619321242590872068e+00,-9.785898989784769242e+00
-3.207903646252627597e-03,2.612550574941171266e+00,-9.799343539900313260e+00
-4.100424174891077397e-03,2.623549695541725679e+00,-9.797474252932962813e+00
6.061978588623720930e-03,2.617313686009254958e+00,-9.801542480379795919e+00
-2.437380340880196308e-03,2.622259395642623225e+00,-9.793281273697896694e+00
2.864729210535930590e-03,2.614567956880834210e+00,-9.796663322324736356e+00
-1.244758694492050996e-04,2.621903047707391909e+00,-9.794322740161439000e+00
9.306321885222020029e-04,2.618078715059951378e+00,-9.785121953082981605e+00
3.152260445607623762e-03,2.628335917845118441e+00,-9.796587421832404274e+00
3.218118761728323059e-03,2.616705315546931754e+00,-9.793495719955034318e+00
1.318374204496017971e-03,2.620728527952699505e+00,-9.799702574137967304e+00
-4.040530767499985951e-03,2.618281630524500248e+00,-9.790850039473559363e+00
1.081253602981003571e-03,2.607659170107664348e+00,-9.795781155930686879e+00
5.967669308560023117e-03,2.619566999578273325e+00,-9.799539396120408696e+00
-4.421778985841365479e-03,2.615543043947815782e+00,-9.797129970141082111e+00
3.433845201078185392e-03,2.611237535890937878e+00,-9.794521076090330070e+00
1.023191079193290390e-04,2.619280303291481093e+00,-9.786588537676598420e+00
-1.889928791924993167e-03,2.621415901824402983e+00,-9.799125344777040780e+00
6.706592918278068971e-03,2.619754521271460579e+00,-9.801114898856056357e+00
-2.440858498487944676e-03,2.621212213512557732e+00,-9.792185657766536266e+00
5.795653480111600218e-03,2.623081199141723552e+00,-9.798440784675699788e+00
3.676756063052012170e-03,2.622459052608953733e+00,-9.800919329790508172e+00
-6.265205321870577319e-03,2.615673871080105961e+00,-9.796018763811693120e+00
-8.547144777980782452e-04,2.615264003993542197e+00,-9.795543821965180697e+00
5.190999924079218487e-03,2.616246848742519227e+00,-9.795104320691777389e+00
-2.144790842241440371e-03,2.615856111096102943e+00,-9.798772156263632738e+00
1.453052773722385998e-04,2.604567846250758212e+00,-9.800278786553349164e+00
-2.977129847303018780e-03,2.615325260832453313e+00,-9.791881237034232299e+00
4.188052172908127320e-03,2.620478820070881287e+00,-9.798128294488234857e+00
-4.450491205137098276e-03,2.619877136567421605e+00,-9.783000836520034937e+00
-3.460719182379651867e-03,2.622384567017953749e+00,-9.794021200173190778e+00
3.603791382060525864e-03,2.623875962446561072e+00,-9.790345616940511420e+00
2.387332202075046188e-03,2.617965961811487219e+00,-9.801612442143857962e+00
1.179880202591175294e-03,2.623450376600142242e+00,-9.795588398508449757e+00
-1.053793833290683334e-03,2.612717288933785298e+00,-9.789312510227453856e+00
-5.341978128861150747e-03,2.622263354301888505e+00,-9.794064691309460002e+00
-1.931236596147853108e-03,2.619915653019476043e+00,-9.787830486357687931e+00
-1.527012162231101934e-03,2.609347845567504987e+00,-9.804530274684928770e+00
2.574614241235359188e-03,2.619668346735312792e+00,-9.803073088004955693e+00
-5.969272066858229316e-03,2.625356255537708794e+00,-9.792223638951847775e+00
3.102018856248172415e-03,2.615203949402242767e+00,-9.800958119465855489e+00
1.060867914725543417e-03,2.615004945087906485e+00,-9.805047183270060529e+00
6.458545814267334330e-04,2.614045540894571307e+00,-9.787342387818211975e+00
1.421278397289092678e-03,2.618062750340051092e+00,-9.788891540635539457e+00
-1.554183577240595814e-03,2.617454796539903761e+00,-9.789839335906334483e+00
-4.864176656296947780e-03,2.615670265149768081e+00,-9.803079389228299689e+00
-1.449775832656629128e-03,2.623494805434229526e+00,-9.793615503715008330e+00
3.025863279731988171e-03,2.619392851583153270e+00,-9.793591718562627335e+00
7.879894160566524620e-04,2.619066276954995054e+00,-9.782385188017906685e+00
-2.551041503020230489e-03,2.609827046284791230e+00,-9.785991174120994174e+00
1.032982512960275816e-03,2.625462517674244545e+00,-9.798760793274459147e+00
-2.522807594147738128e-03,2.608581135961564712e+00,-9.793644942422345068e+00
2.603675679480778674e-03,2.608036728753275302e+00,-9.795526074757317403e+00
-4.139911739532591006e-03,2.613659343027681103e+00,-9.793970944967020031e+00
-1.497302130435755997e-03,2.622298506483354608e+00,-9.793698177695041807e+00
-5.801130809647296951e-03,2.614010244055111176e+00,-9.800018536276970949e+00
-5.272062238525165867e-03,2.614907018107607950e+00,-9.794210904129160511e+00
2.219010208019531714e-03,2.617609304349466814e+00,-9.795785115372716234e+00
4.278818755066629217e-03,2.609014350559711648e+00,-9.787393765967189907e+00
3.832044268005077060e-03,2.620596253437989187e+00,-9.794149018343285107e+00
-5.735288689480250949e-04,2.616868261435258969e+00,-9.791276964956471929e+00
2.235102505524584528e-03,2.617332213867684665e+00,-9.800128274456120892e+00
-5.224759261247173894e-03,2.620103316233592050e+00,-9.793409829481385387e+00
-3.520645331310271516e-03,2.620111106279816138e+00,-9.794130016574953856e+00
5.210981427061792126e-03,2.605098420694775374e+00,-9.786423892281181480e+00
-1.082563189443077039e-03,2.614900009346314391e+00,-9.798732506550747345e+00
-2.030228740320340862e-03,2.609069827527541907e+00,-9.779643659655187449e+00
3.431454708664300000e-03,2.621222600703499772e+00,-9.797103674268678120e+00
1.140153557521357943e-03,2.616447047414466098e+00,-9.800990130498774988e+00
5.210534550032762564e-03,2.606962594549591117e+00,-9.799460639632052050e+00
-6.855209740314870299e-03,2.619880717498848099e+00,-9.797118031834633811e+00
6.638988807249630170e-04,2.620349566779815564e+00,-9.793813299122579252e+00
2.989443559568486213e-03,2.614052250701892177e+00,-9.793678935439567468e+00
-1.406219064619355441e-03,2.603515931358297397e+00,-9.794631389437784108e+00
3.091574349113330403e-03,2.615917839162109626e+00,-9.797616127344749515e+00
6.354663498179750035e-03,2.623724479471740700e+00,-9.790725794247444824e+00
7.380005716252369292e-03,2.619567397387345231e+00,-9.785835615394798737e+00
3.173367870550858252e-03,2.620983346042439432e+00,-9.787114693502463325e+00
4.615069021542091208e-04,2.618633758064353056e+00,-9.797611142908321469e+00
1.977187770790711952e-04,2.623294913557183250e+00,-9.790589484042575563e+00
-2.955348652391821557e-03,2.621323119035531057e+00,-9.795868231070762988e+00
5.739274304729954750e-04,2.618102343888248029e+00,-9.790378316659714031e+00
-2.882917764479445491e-05,2.616767740967540945e+00,-9.789504551823572598e+00
9.094966026458867550e-03,2.351961256287953717e+00,-9.787822493918040934e+00
-4.665070784047467903e-03,2.116285592770757340e+00,-9.804090859692305315e+00
4.351740876226518201e-03,1.907250312606620479e+00,-9.799548777083431972e+00
1.399398759792611687e-03,1.715081011866167016e+00,-9.792682008792301218e+00
-2.705004684785891622e-03,1.539548604895018658e+00,-9.802957388552727025e+00
1.213774126888603547e-02,1.387604947164704061e+00,-9.795091111677720619e+00
-4.460876653766435856e-03,1.257028120175936348e+00,-9.794647912888109431e+00
-6.050949763922174561e-03,1.133032401717916082e+00,-9.795152933045066845e+00
-2.587410934273941688e-03,1.009533084097263389e+00,-9.789439164019498207e+00
1.477727058397576565e-03,9.103039820175354846e-01,-9.796532533664041864e+00
-8.876777517607774975e-03,8.185443123713362912e-01,-9.794223493913280620e+00
-3.029440968996260832e-03,7.276080868904608590e-01,-9.790883961652301792e+00
-4.961927071320201138e-03,6.562104450289122370e-01,-9.793746832876781383e+00
-7.014297908689313965e-03,6.030331989216244359e-01,-9.794970200228862112e+00
9.082003722795840167e-05,5.355864981712221695e-01,-9.785355627968925774e+00
-3.179061075095803660e-03,4.855789428422379039e-01,-9.797308740705901187e+00
-4.834358051394366165e-04,4.388677059799280245e-01,-9.795914603301183021e+00
-2.889987927544747284e-03,3.928997955871855186e-01,-9.792656842604817058e+00
-8.853985928883490071e-04,3.519299356325615302e-01,-9.789457288131284685e+00
-1.722173910139242420e-03,3.203665769934624374e-01,-9.794066545025506443e+00
-1.494259360539113978e-04,2.894291643878019182e-01,-9.799391788554869365e+00
8.263975169092234799e-03,2.570588789297340582e-01,-9.793323506340080087e+00
-2.558828489382890953e-03,2.352571473643950417e-01,-9.794950024487773632e+00
4.762669833583817181e-03,2.022819817411282695e-01,-9.786465705741127508e+00
2.631004773718930443e-04,1.940107001153898725e-01,-9.797710902051548487e+00
5.640227053276437343e-03,1.706963485691094240e-01,-9.798395446389580599e+00
3.607789046212754244e-03,1.515222773635244435e-01,-9.799038419967716962e+00
-2.242286761961994820e-03,1.431714664925285985e-01,-9.800749240504188720e+00
-4.090273781278058046e-03,1.302598686590001609e-01,-9.794463101044524223e+00
-8.712118925304367448e-03,1.144655884609841745e-01,-9.796532976606618703e+00
-4.396996656577576400e-03,9.351705241237492916e-02,-9.783154850805882319e+00
-3.022308322967779282e-03,9.421681028133474523e-02,-9.794456327975177956e+00
-1.088100659081937815e-02,8.253345847112508737e-02,-9.794317766212612852e+00
-4.280320777580884015e-03,6.983089635323357081e-02,-9.799193409133465593e+00
7.064780905680493380e-04,6.581637430781327180e-02,-9.789800917183137940e+00
1.453171851901961581e-03,5.335264571329727257e-02,-9.795258761185083429e+00
4.574103195381250720e-04,5.370445235935627365e-02,-9.800492145462618154e+00
8.359547766591458873e-03,4.716483136770282386e-02,-9.803097240633075415e+00
-4.495321616398066308e-03,4.777146705347738026e-02,-9.785325866868179290e+00
3.962357426410544579e-03,4.272119978579960037e-02,-9.794702943759263647e+00
-8.835489140096481481e-03,2.916480142027345554e-02,-9.787572966467337210e+00
-7.258616694162679231e-04,2.988372824161042093e-02,-9.793434915635945259e+00
-2.372217189322592575e-03,3.500357074149002684e-02,-9.789030764820511266e+00
2.405981685981843936e-04,2.783749801675606747e-02,-9.798272460671551443e+00
-6.751974520928337572e-04,2.124222555915494456e-02,-9.790259158380447246e+00
-9.316396346302033716e-04,2.305382127087713534e-02,-9.797497350163745011e+00
-3.933523115964076416e-03,1.519637350787600601e-02,-9.802030744622006964e+00
4.145493753916863278e-04,2.207395234650411445e-02,-9.793189436332985665e+00
4.061390769127309376e-03,6.698183768866456528e-03,-9.796569932753579124e+00
5.286146503662199000e-03,1.292261882260224877e-02,-9.799027113718084436e+00
3.035499132759851386e-03,1.417226922208316905e-02,-9.795657149376227224e+00
3.978360888860223502e-03,4.509831679144172926e-03,-9.788996719295507631e+00
5.662449433939357058e-04,1.695116266796220170e-02,-9.791537164073426780e+00
-6.941840422074711456e-03,4.124989629765754215e-03,-9.794984763655920190e+00
-5.535629779461920816e-04,1.470337831813939289e-02,-9.800399902705930089e+00
9.937690329389840382e-04,8.527221351626123810e-03,-9.800741003410054830e+00
4.185877253145396529e-04,1.400399073507369030e-02,-9.792754968897050105e+00
1.351026930655307989e-03,1.657299286018340187e-03,-9.788471271755465608e+00
1.064154896599441870e-04,-1.012940521730927058e-02,-9.792103311740373073e+00
-6.363660845163605050e-03,-3.321357055143010426e-03,-9.800668512085493944e+00
-2.823215292766230976e-03,4.168665586621073116e-03,-9.791735841326854484e+00
2.228204047941207983e-03,8.674067525884881363e-03,-9.789207467715606015e+00
-2.227454520839663738e-03,1.021820649215406281e-02,-9.800419576817194667e+00
-2.249351457076116396e-04,4.914051853425957517e-03,-9.786328218961998004e+00
-1.198897143551036319e-02,-4.325048291285890113e-03,-9.794065623768283047e+00
-2.988160623271451932e-03,2.005524451868114389e-03,-9.792251533582042811e+00
-6.937177224182789620e-03,-2.198557785394335794e-03,-9.786495725956271485e+00
8.419886101708908346e-03,1.641452186077979689e-03,-9.789078940250604433e+00
-1.478417479701013386e-03,-6.606272507988675703e-04,-9.791551659534151852e+00
2.666540070522590601e-03,-7.961191564840663232e-03,-9.801513569698617090e+00
4.826752436097063968e-03,-1.288509906850211859e-03,-9.797587162924935811e+00
8.983480202833146397e-03,-2.555673917072787994e-03,-9.799520373604549306e+00
-5.579860718486896569e-04,-5.873922924375747558e-04,-9.796559588911099681e+00
3.352634624127145101e-03,3.163731941706064612e-03,-9.796435075659505998e+00
2.870569529659816339e-03,5.756729990670039852e-04,-9.796209503518971573e+00
-2.772422913237086728e-03,4.918545773426156315e-03,-9.795075715076915657e+00
5.610889795424018299e-03,-1.696688355854148464e-03,-9.795027441706663396e+00
4.719626472411622177e-03,-4.908480630914406444e-03,-9.796907176097096936e+00
3.464435289741460509e-03,1.485142195337202375e-02,-9.794462756715615726e+00
2.822072041792962008e-03,6.498698042908813456e-03,-9.795973882243460551e+00
-2.140744187357430765e-03,5.260562561085349934e-04,-9.796436931726285380e+00
-7.714693455005129609e-04,2.470994454147605601e-03,-9.794397149800495583e+00
6.933864722487501769e-03,-2.223569153080246722e-03,-9.797838650288909434e+00
-1.051226146602962782e-03,-6.086563116607721438e-03,-9.793971696841921926e+00
-2.485743000174389043e-03,-1.996397932634667426e-03,-9.800798317712756003e+00
4.986670854044149108e-03,-3.325994479518521330e-03,-9.801455562807653621e+00
5.145511717894989297e-03,-5.788808149205444328e-03,-9.792812454406362832e+00
2.920948719472244836e-03,7.965339352305070633e-03,-9.797390974943722242e+00
2.252792376262608299e-03,-6.050928999785849284e-03,-9.786463880221472067e+00
-3.469610317515764257e-03,3.124572695996107041e-03,-9.792516577625292484e+00
3.260411414243785059e-03,1.292563492607983313e-03,-9.797897142265844295e+00
-3.806052345122388006e-03,2.110461530610650577e-03,-9.797136440787562961e+00
-7.233597349211226372e-03,1.637999422702401085e-03,-9.795704370937476924e+00
-1.967446183745637060e-03,-4.839266330227616790e-04,-9.793504059289348973e+00
-5.676671825617742896e-03,-4.414074957975521428e-03,-9.795801138559134813e+00
-2.431520473952894241e-03,9.454963197303826745e-04,-9.798844229503099967e+00
7.672625150636745023e-03,-1.190794993704582735e-02,-9.790773083565406765e+00
3.374732176919360751e-03,-4.957700852484684187e-03,-9.788465979408931261e+00
2.714268298215600584e-04,-4.776443636150988666e-03,-9.800576690633535648e+00
3.074566661135208143e-03,-1.505828898130705078e-03,-9.791173661434081410e+00
4.137852873545034074e-03,1.630725955723259834e-03,-9.797945867542555476e+00
4.711131914213346865e-03,1.717515012323880168e-03,-9.799455167223817043e+00
8.085378050967483975e-04,-4.287731164888447001e-03,-9.795771059532222935e+00
-6.208022619348626311e-04,-7.645912207336185915e-03,-9.806964900028377841e+00
-2.179806877954525331e-03,4.278486455120175669e-03,-9.782029341714192583e+00
-6.560049457306820105e-03,5.261351762418270059e-03,-9.792585078547238808e+00
3.904610919617018043e-04,7.446298331489677354e-03,-9.798510190581160018e+00
-5.192241270454133265e-03,-3.936760214992116209e-03,-9.794164181371913358e+00
2.860407309403659951e-03,-5.338208819924044127e-03,-9.791391902891122712e+00
1.001663990125373736e-02,-1.496079838262724193e-03,-9.797434194200274504e+00
3.587670908263131640e-03,-1.602162761987252016e-03,-9.792892607957384143e+00
5.030913412763831499e-03,-4.332480751054527263e-03,-9.786692668814277241e+00
2.296220577713669730e-03,6.541720136595211704e-04,-9.791410744104238617e+00
8.975528765210278800e-03,1.153834463536009165e-02,-9.786812738068819684e+00
-6.279125606960570330e-03,-8.592795007749444176e-04,-9.800384751446344467e+00
6.664495296381869882e-03,-5.294099209700437597e-03,-9.797096523445176786e+00
-2.227269005009996632e-04,-8.746409500647457647e-03,-9.793127906798996918e+00
1.113575617610914302e-02,7.287939767013942166e-03,-9.793320130349760788e+00
1.761004045906707297e-03,-5.822248428190438321e-03,-9.795807134731889576e+00
6.651780771196476837e-03,1.043951217635685769e-02,-9.803603984027610352e+00
3.116278087083250003e-03,-4.559185290672630383e-03,-9.796602939112366570e+00
-9.084795228709897918e-03,2.008384122506023332e-03,-9.789708608042939630e+00
-2.090322711073400175e-03,3.525626128688300488e-03,-9.792854185503777842e+00
-6.486385200625210783e-03,-7.250654625390580942e-03,-9.795261123506987744e+00
5.512149728195370364e-03,-8.136058331083103473e-03,-9.788470921490903365e+00
-3.031017343894942470e-03,-4.508759398171384089e-03,-9.794506466914278064e+00
7.292939719331001033e-03,-8.333089651250976879e-03,-9.796162045143640640e+00
7.180871916976706501e-03,-4.277011519292892375e-03,-9.798189984951992670e+00
-9.672137194252345901e-03,-4.437952015676061360e-03,-9.788868730714483490e+00
7.141002151205330835e-03,2.941501106625819296e-03,-9.795737557387539596e+00
6.226071373110632357e-03,-3.735003063585423579e-03,-9.788592596995512096e+00
4.339572049900142269e-04,-2.766641157069754144e-03,-9.785452511966170164e+00
7.527389841732844665e-03,-4.781096146493283411e-04,-9.797844997671184331e+00
3.054707787188489128e-03,1.792034036786607689e-03,-9.786543215705593823e+00
-2.390345580682379668e-03,8.482904416699481439e-04,-9.799239848330548952e+00
2.609905307183091067e-03,4.542468550677360509e-03,-9.800267843604398621e+00
7.474852001939085323e-04,1.488796019262315831e-03,-9.790344748023747101e+00
1.643137554509439043e-03,-2.599564011643443542e-03,-9.798360951404911035e+00
1.777195419251627198e-03,1.102108786324376569e-04,-9.800742990812079114e+00
8.985842841525501371e-04,-8.799121507693073371e-03,-9.781846511813814260e+00
3.357634859171623569e-03,-1.372671028149489037e-03,-9.796610103711174133e+00
-6.235207873593442800e-03,4.003566238124993751e-03,-9.798512422675482725e+00
-4.745590180002510344e-03,-2.303408622737870663e-03,-9.793548310107091481e+00
-1.236818856701643252e-02,-2.421061515814251081e-03,-9.794894895754136854e+00
-4.887083719282302521e-03,-1.084224509601301907e-02,-9.802030365065638406e+00
-1.608779134594027398e-03,2.009219197743613390e-04,-9.803620671737620640e+00
-4.105905884874337837e-03,-1.617076597043816573e-03,-9.806516615041815044e+00
4.053022297020202579e-03,-2.663200931507800698e-04,-9.797561223074209735e+00
-5.159612016580324839e-03,8.709538462958965610e-03,-9.791751933283354248e+00
-6.281610944869486443e-03,6.089632926934668115e-03,-9.794336567110473624e+00
1.140384881503762491e-03,2.559693571540701956e-03,-9.792391277079365963e+00
-3.351623947041618926e-03,-1.281214531415122461e-02,-9.795393121504448075e+00
4.946800576056632412e-03,1.353077538670146955e-03,-9.793297211402920865e+00
3.633615079407506374e-03,3.640341854689269508e-04,-9.788474553078801321e+00
2.428502651208701898e-03,-4.316249545472405393e-03,-9.791456461292352031e+00
2.348688530114460826e-03,-7.898852818377752327e-03,-9.789553311109537859e+00
-5.566684163544292387e-03,-5.501143731365236607e-03,-9.793477284009698636e+00
3.391011224413170103e-03,-4.643493168768053625e-03,-9.797175847697840112e+00
1.239233268976554225e-02,1.477227609025905022e-03,-9.796576993694779745e+00
6.818198051759382511e-04,1.623273989759582182e-03,-9.802158922993811530e+00
-3.490922251135731387e-04,7.199739599703945496e-03,-9.784417020896841066e+00
-8.515740414582471430e-05,1.129124917646452328e-03,-9.797544108021302378e+00
8.277963061775727924e-03,-3.295911070613914782e-03,-9.797774988119350326e+00
-5.052923547803634882e-03,-1.774983723246112899e-03,-9.794251167054936147e+00
3.396364955148327425e-03,-9.134044145807016651e-03,-9.799153261843192908e+00
2.317766617103658288e-03,9.619112372399605052e-03,-9.793251922265048037e+00
-3.809241992082136163e-03,-4.664431249161910854e-03,-9.791552060277169289e+00
-1.394481725364861207e-03,2.445146315991594040e-03,-9.794280198052019770e+00
-3.547384833844425579e-03,3.573621383825452674e-03,-9.803943734317654091e+00
3.621959650221899876e-03,-1.132746736895005012e-02,-9.798571918112646273e+00
-3.793681659711964013e-03,-1.877619768048487516e-04,-9.797138230777102663e+00
6.366767460854363091e-03,-1.626759757852569953e-04,-9.784731417810494492e+00
-1.273579315303760692e-03,1.062327978871496293e-03,-9.803836652406394236e+00
3.801986629789964791e-03,5.120902168661801632e-03,-9.798358873912393463e+00
-4.626025602770633509e-03,8.328164152562437823e-04,-9.789194041117685430e+00
-3.777654499299707563e-03,-2.695515469241337950e-03,-9.791474569487265356e+00
-2.716921635161009038e-03,-5.410615471860185169e-03,-9.786466231682993566e+00
-4.061917731690302923e-03,-6.261973872588087395e-03,-9.795712940904774513e+00
6.883105646458063769e-04,-2.731894734128100660e-03,-9.792859250041825447e+00
-3.607094504825225601e-04,-2.838705781596362679e-03,-9.797653490935832821e+00
4.636218922997866615e-03,-3.390604174636975641e-03,-9.793112019525761269e+00
3.967341721740127829e-03,-8.967524895174539250e-04,-9.795723030152746702e+00
4.442930813499447809e-03,-3.767128554456734228e-03,-9.804025275505829029e+00
5.142896272581860828e-03,6.701638316261206672e-03,-9.790808028171587907e+00
8.181055981554682596e-03,7.384307419783026809e-04,-9.796885177205966855e+00
1.136533533624236930e-03,6.616391970921334763e-03,-9.793392184447217375e+00
-5.777269984482978453e-03,-8.802820085640017476e-04,-9.792035056690911787e+00
-1.401754153786538039e-03,9.713201254651792141e-03,-9.790239028710431057e+00
2.965108814824349206e-03,9.342774702968119349e-03,-9.800297015320296623e+00
-1.362172342627668460e-02,-3.568671161232202325e-03,-9.797315294944864306e+00
-2.761340813732887211e-03,2.398100494002191815e-03,-9.790997683966228493e+00
-3.575842503178024395e-04,-4.192026764661396440e-03,-9.795992302041060640e+00
4.002149625489066775e-03,-4.080745533025282971e-03,-9.785026179689904069e+00
4.312600850240780326e-03,8.461314771353730183e-03,-9.801889778218333404e+00
8.397268094978139336e-03,-8.488032891320905493e-03,-9.799540435335408972e+00
-1.158037280830545232e-03,-7.877698184245086888e-03,-9.791801639176529903e+00
-1.913762183360662866e-03,5.810295217140132307e-03,-9.795994641798010605e+00
-2.790106215093792700e-03,5.898104658523907647e-03,-9.797120701010726407e+00
4.703272448000016953e-03,7.753419656971319903e-04,-9.792531881140988048e+00
-4.187980357458260042e-03,3.547188707555287094e-03,-9.794871639575298161e+00
2.752762467528276254e-03,-5.004019962979402124e-03,-9.795059007940432494e+00
1.471776924733564406e-03,4.790406566542799310e-03,-9.786079616128315450e+00
9.810772080469886119e-04,4.292521949932447253e-04,-9.788423716983070122e+00
-7.519678151034212173e-03,-4.328091824005187924e-03,-9.786414063615458403e+00
-6.238981570641862970e-03,-3.401260231460216145e-03,-9.797196475254120074e+00
7.307559804219198110e-03,-6.249124539720516541e-03,-9.797187638565493017e+00
2.091674725333855008e-03,2.518601126378973779e-03,-9.800466027574275429e+00
-2.937610037956748209e-03,7.383337389807741223e-04,-9.792753848788539273e+00
1.741751631235890965e-03,8.607412764866468821e-03,-9.796694474476407066e+00
-1.108067733751831770e-03,-2.320880631537661568e-03,-9.791696092015319763e+00
3.783911038546138982e-03,-2.501483933480021238e-03,-9.787314056306112064e+00
-8.683009871631659424e-03,2.565447278930326099e-03,-9.800539017872452519e+00
-4.767215652715647151e-03,1.827768216274007615e-03,-9.799878373525771735e+00
2.584647541048309266e-03,-1.287244462190090602e-02,-9.788835823406605741e+00
6.666820838894654648e-03,-1.141413993796934825e-02,-9.786235275319587146e+00
1.310744621833067215e-03,4.275763135847519131e-03,-9.789894640705201212e+00
-7.333919969391319545e-04,3.496734952258739350e-03,-9.797931076339192913e+00
-1.268897719231428141e-02,-9.298511555006867477e-03,-9.795572206003454241e+00
4.663432537415052037e-03,-2.009879312557536282e-03,-9.796911920402417095e+00
-7.616441490087244061e-03,-2.799044790491637957e-03,-9.802345390345719167e+00
4.737247046356854972e-03,-7.368010692068253757e-03,-9.789992442475263346e+00
-9.226211721551523179e-03,-8.971624368034086805e-03,-9.802202364526339196e+00
-2.983698847353641152e-04,-4.475444912047513331e-03,-9.794596872191569048e+00
5.858230986454165474e-05,-6.709923214298994798e-03,-9.793654770620877414e+00
-8.748271701730510027e-04,7.625875611502984375e-03,-9.796561893298880719e+00
-3.093935374680701744e-03,4.274323025102994347e-03,-9.790535536336404832e+00
-1.097642783650924943e-02,-5.519370000819010663e-03,-9.795425800272365535e+00
6.936215386653981317e-03,-4.346404970838687112e-03,-9.789750725556068289e+00
3.558599409563017579e-03,-6.530487854706118131e-03,-9.785169309379407210e+00
-1.182407753230981483e-02,1.667007039544368295e-03,-9.794666161746564015e+00
9.740145433798844468e-03,-7.872656598532296653e-04,-9.800928542908289742e+00
1.756021407434418639e-03,-6.370898613621057451e-04,-9.789260701590265512e+00
-8.693796457594889227e-03,-5.579172691937669785e-03,-9.800310878152229677e+00
9.597303214826965849e-04,-7.074342105439508643e-03,-9.790868644037752588e+00
-6.358525800516260339e-03,4.999892358122740368e-03,-9.799959533422647695e+00
2.008082570355663749e-03,2.415506040471989682e-04,-9.789636312607221669e+00
-2.667122664266202876e-03,-2.266503014179363854e-03,-9.796496095728956632e+00
-3.712489243237569649e-03,-3.269839497466268778e-03,-9.793109537255411112e+00
7.752462087567957988e-03,-5.479645040566149400e-03,-9.792356492545257751e+00
4.175843852268635269e-03,-5.354418988361519909e-04,-9.796910978089920619e+00
5.107017708359516163e-04,-1.612478418478211590e-03,-9.794721023586051345e+00
5.133024804846979781e-03,4.386205067969589167e-04,-9.791453654942529283e+00
-2.795127910047176187e-03,5.362059661728694158e-03,-9.794160614426910882e+00
-9.302515978068417839e-06,-3.606870006173277035e-03,-9.801555713509150891e+00
1.970030292251291962e-03,2.765126788679031500e-03,-9.792275958203246589e+00
-2.480561458671279177e-04,4.764332580158059209e-03,-9.796222697807079882e+00
4.737410825248723691e-04,2.235502902960462800e-03,-9.791109586878560478e+00
-1.273264024872686022e-03,1.025928158558113640e-03,-9.797124110051546708e+00
1.218837334437300121e-02,-4.184161499791077057e-03,-9.796994516129940322e+00
-5.017115838296220577e-03,-3.114965565033635687e-03,-9.787299417142891755e+00
-3.334419417034946431e-03,-5.626717496673553677e-03,-9.790065786276723969e+00
8.358994339543167904e-04,-9.892154849887584145e-03,-9.797640644748591754e+00
1.440195020788921382e-03,-1.096201810427777611e-03,-9.781034798561188737e+00
-4.029647740771652269e-03,6.721929823746744179e-03,-9.805177667957222454e+00
6.539262804331538552e-03,-2.594546485477755311e-03,-9.792320917544447667e+00
3.695231466039879641e-03,-3.611174704113272876e-04,-9.801399838096468642e+00
-2.465311952685525065e-03,-5.021627898635500943e-03,-9.789542134867600609e+00
-5.422454983478131561e-03,-6.149931386755431474e-03,-9.793067072481555613e+00
-7.962201668774079866e-03,5.695979593957639468e-03,-9.794096897122891221e+00
-4.085900245105641461e-03,-8.698343908215340481e-03,-9.790365866694703101e+00
1.560992757198745957e-03,-3.576654881795262534e-03,-9.811040617368693262e+00
4.888122985661266101e-03,5.274504845154918443e-03,-9.792161708447544299e+00
4.859142395712909811e-03,3.366931676181139383e-05,-9.797212516532150417e+00
-9.493680634058481935e-03,-2.052331534808642804e-03,-9.787235785121657372e+00
-1.015507518200527495e-02,-4.620354984057674884e-03,-9.795340941594430362e+00
-9.010249023187805097e-04,8.311616112760253361e-03,-9.795752678491050247e+00
8.864937158666877847e-04,2.624576934487341667e-03,-9.786800314121540723e+00
4.007873265656742602e-03,-1.863823546120295382e-04,-9.795027176506867050e+00
-6.904849313102088540e-04,-3.841289464783005387e-03,-9.795958695293016660e+00
5.138074745116205135e-03,-2.397648540135754753e-03,-9.780639442875841638e+00
4.125921346080521288e-03,-2.702928626614985869e-03,-9.799042570660358109e+00
1.245661495168210592e-03,2.207770421293320500e-03,-9.794913057644642151e+00
4.339286348004518790e-03,1.702856651780696243e-03,-9.799437317095760491e+00
-2.752416712713716320e-03,-6.111387744991835392e-04,-9.794072667100268248e+00
7.281258236212800709e-03,-4.492099758779892482e-03,-9.794063543268073602e+00
9.891052636030003842e-03,-4.912040338432021452e-03,-9.788368832369267025e+00
-8.470057356675849899e-03,1.289747470625093959e-03,-9.802974577344880203e+00
-5.770616830904327227e-03,-2.108977575221241893e-03,-9.796671603938770900e+00
3.507017327552675707e-04,-5.322676123497098108e-03,-9.795534983008368002e+00
-5.497203003905694330e-03,-6.578246589566510462e-03,-9.793292103566592743e+00
-5.980335138457033579e-05,2.720130318659296940e-04,-9.793629602179134253e+00
-2.146974131889748533e-03,1.001257327361961078e-03,-9.798557581700782393e+00
1.452442635548178507e-03,6.743564177856761939e-03,-9.799354864885884808e+00
1.746612634705891828e-03,6.208729645792819031e-03,-9.803877724428117446e+00
-1.879450658193973457e-03,2.317378082602752909e-03,-9.789495467985434018e+00
-4.620920138473192697e-03,1.176726681610712000e-03,-9.789245242481083409e+00
8.234763981367921801e-03,-1.022597083394997377e-04,-9.798208080337388992e+00
-8.213852224739632071e-03,4.920793583577312037e-03,-9.797772905446693770e+00
8.547191576128530940e-04,-4.293002284920596637e-04,-9.791504975518778409e+00
-7.569194818876238962e-03,5.762531576539192029e-04,-9.788971089170230400e+00
-6.401037229370908598e-03,3.186289124331572083e-03,-9.791170434209059081e+00
-1.628229174545007055e-03,-8.836588177687806998e-04,-9.798218943374035206e+00
6.978197975902784150e-03,-2.860537541852226952e-03,-9.795332143775215883e+00
-4.347151085203781150e-03,-5.897008493821497173e-03,-9.806069888886561614e+00
7.640560008447414876e-03,-2.431741416586542023e-03,-9.789292288344864090e+00
-8.747315605317740024e-05,4.712017291506684011e-03,-9.786932261866846616e+00
-2.341450034923745773e-04,1.922813571962914744e-03,-9.791938057283493535e+00
-7.963225235018318166e-03,-3.624887366384473356e-03,-9.797779219327876987e+00
4.683087556401878404e-03,-3.831566584466928205e-03,-9.795533211172424259e+00
-1.098758131569253348e-03,-1.906762501067757595e-04,-9.798044355503007452e+00
