gyro_x (deg/s),gyro_y (deg/s),gyro_z (deg/s)
8.783881026207503162e-02,-4.193281388725258324e-02,-3.496307983795610141e-02
5.858628391506464674e-03,5.692343225598702795e-03,1.763970410845712780e-02
-9.787994322556563265e-02,-5.017714239982785235e-02,-4.668490202406153089e-02
-4.098297538390542616e-02,-2.063018664335697708e-02,-4.725369063612650661e-02
-2.132768279905713788e-03,3.105430212142142737e-02,1.187148466568773222e-02
-3.645320206516454442e-02,4.627933050663804448e-02,1.670398699084337316e-02
-5.119620723472205481e-02,-2.509811421652504912e-02,1.834082715760045057e-02
2.320273219037456355e-02,4.167356622201734244e-03,3.653602856634690851e-03
1.922825187843103800e-02,-8.910077240458327830e-02,3.107531919412047025e-02
5.414497874935085553e-02,1.311072279148975568e-02,-5.406286402260093021e-02
-4.376678960527602413e-02,5.267783353986434797e-02,9.237020864930610420e-02
-1.028545912792875987e-02,-2.069756463322602533e-02,-2.224901905449630860e-02
-5.143662223766503477e-02,5.535719112446928908e-02,-2.288731280658351172e-02
3.230819225251305854e-02,5.031751881590109526e-02,3.642032022670638886e-02
5.526024233953357595e-03,1.028176494478943472e-02,-7.878027595703308850e-02
-2.423113009465125214e-02,5.802215561813518774e-02,-4.283295170834765069e-03
1.446786059343101692e-02,2.035173362819090587e-02,-5.970306620778428885e-02
-1.191467579631743171e-02,3.117350772621477542e-02,3.442352009059887474e-02
-1.261784631951488357e-02,5.226800871860952380e-02,-3.986122635430508487e-02
-2.079785145828578000e-02,3.460841764729315206e-02,3.083195134112404548e-02
1.200633980589919589e-02,4.098097601990737665e-02,2.589373686966973606e-02
3.231024476176543730e-02,4.345481565566802068e-02,7.592372048268758791e-03
-6.405601258321774044e-03,-4.637169000582262723e-02,8.588031636729691332e-02
5.265399736760322663e-02,7.100285560887281515e-03,5.065324350559367167e-02
-5.419328320001723202e-03,5.302527257843697717e-02,2.125633102801519070e-02
-3.651774996416352632e-03,-2.398185058515117998e-02,4.628697120398986981e-02
4.249375289026884051e-02,-1.046473565910193554e-02,-6.547852405520739050e-02
-2.617045134663811487e-02,2.383880002582407925e-02,-3.209215407461995379e-02
-1.564818694707375418e-02,-8.541757636605332160e-02,2.418872797372437558e-02
2.504184831352474633e-02,2.647558248046050916e-02,-1.042530784088155187e-02
-1.860798431231846769e-03,-4.158720664750283069e-02,-2.748360075175742406e-02
5.334144076412230401e-02,1.904819405870959020e-02,-1.938717566868923547e-02
3.455159952688122843e-02,1.183468263703768737e-02,-6.035768796087923743e-02
-3.188843738479642947e-02,-1.652163324438142566e-02,-3.074507689839169750e-02
4.143921013269764170e-02,-1.414518829303147186e-02,4.257136914891369861e-02
4.367008556477679215e-02,-6.667130409984049766e-02,-6.280881731380034971e-03
-4.936276033554304332e-02,-2.868575424422169576e-02,-1.863612516914539205e-02
9.856826355426456451e-03,-7.076963548651503053e-03,6.005264033018653524e-03
-8.418446359867267498e-03,5.316204787684073070e-03,-5.144883342355378170e-02
-2.461932630422091275e-02,-1.203996575914307310e-01,5.883225731771836442e-02
1.786050138677464007e-03,-8.501211907623493561e-03,-5.074191442924959328e-03
6.966278101230836441e-03,-8.843560796072516550e-02,-2.202978972308235889e-02
-2.842573787055265727e-02,-2.228034588828058452e-02,3.402938083814044390e-02
2.535365726725717639e-02,-1.648873082666294301e-02,-3.930631268904966752e-02
-1.467584447231471334e-03,2.919436214169772448e-02,-2.793858777217925193e-02
2.003655562002314497e-02,6.097940456891179362e-02,3.230136261032174466e-02
3.496775104793398842e-02,-1.592767223771906354e-02,-3.668927159657886516e-02
2.145351699544820190e-02,1.629167932849887729e-02,4.269554548465215316e-02
4.006036299507765956e-03,4.165755871081257278e-02,9.603633814622142273e-02
2.876861059169336446e-02,-2.339147661253314012e-02,-2.917768119775595095e-02
1.019273292833757470e-02,4.177049106691180930e-02,-1.363250019379667055e-01
-2.573133411422830544e-02,7.078116250547157595e-02,3.126094990399158613e-02
-6.972263612093593244e-02,1.174154496630604866e-01,-9.031237115816569128e-02
2.666183704579582620e-02,-1.975343635107204218e-02,1.513389428047080300e-02
1.137865099300341444e-02,5.501460388788265848e-02,-2.665696255793714286e-04
5.625947041634480478e-02,-4.385612729342976308e-04,1.663726129899071021e-03
-1.312994295724909458e-02,3.083208761009683871e-02,-2.847571840390599601e-02
-6.215749295749468939e-02,2.382080837719956559e-02,3.079630808248219262e-02
2.226252200886328150e-03,2.345573973681263150e-02,-2.134922586898169584e-04
7.232054574371331312e-02,-3.396323687341010200e-02,-8.156042356105769331e-02
-6.254493408946236108e-03,3.503927758177604896e-03,-1.923482481534678767e-02
2.130792453864085653e-02,4.189771756377914241e-02,3.834044393423440694e-02
4.274293125136109997e-03,-3.417837541894503534e-02,1.617409202514747887e-02
6.693990025620889794e-02,-1.720803569889393578e-02,1.776336952127461830e-02
-5.944589917349946823e-02,1.037850635606987759e-02,-9.868042056862492625e-03
6.961744460663696343e-02,4.330244701689648680e-03,-4.811089847760458699e-02
-1.143144045337461667e-03,-1.166719306213553735e-02,5.289100713897321171e-02
-2.735325441003317454e-02,5.274437889030345050e-02,5.932576534245456029e-02
-7.114366446353252715e-02,-3.142100236744751335e-02,3.839480886491353911e-02
1.775833512874506331e-02,-7.461446849803305033e-03,-2.851019098002463212e-02
-5.533325551665915082e-02,9.346386437010073892e-03,3.588945253347896464e-02
-8.158208947927551684e-04,-7.720698810725533379e-02,-9.131105921893283017e-02
4.077694629412411710e-03,4.396980502095668847e-02,2.487413895467755019e-03
-5.262437609339662078e-03,1.056639058590650750e-02,-2.891308274057380334e-02
-1.130812425944071470e-02,-1.448136003229671433e-02,-9.434082903911994444e-02
4.947187584245172666e-03,-1.425788480817084640e-02,3.781458815521809499e-03
-1.570387538163929911e-02,4.792631904705964979e-02,-6.825681552733642819e-03
1.688855645766944302e-02,-4.163759512441893296e-02,7.241982485282190407e-03
2.893005978974876741e-02,3.246508736054606881e-02,-3.548775964283510526e-02
-1.551662630011490206e-02,-2.376642700198033573e-02,2.659492290859483479e-02
-7.630314831824755450e-02,-4.279613610988664864e-03,-5.072881281518249255e-03
-4.297635156499832187e-02,1.852581474628276978e-02,-2.462870197748953660e-02
2.852364829280468195e-02,6.379028825604290964e-02,-3.363534717544393749e-03
4.494142368461441495e-02,1.610101000942476546e-02,-6.159418312678237306e-03
2.981587692915398189e-03,-6.242785982766159945e-04,3.313053516484597977e-02
5.172714420082822825e-03,8.170478935224960090e-04,-2.266795847454742760e-02
-1.581357064049277589e-02,2.649314180857591933e-02,2.612666811009808909e-02
-8.186140123427051996e-02,7.559993538108977611e-03,-3.235884570022336953e-02
-2.645673987880048025e-02,4.126461761216682761e-02,1.882027931336030871e-02
4.712173358112962951e-02,-7.386609352512928106e-02,1.294360752322695936e-02
-4.696678144300878849e-02,-2.615668814946760581e-02,4.559504319589940957e-02
9.099319624410592486e-03,-2.490374615559969376e-03,-3.746058895675235395e-02
1.469999873703801974e-02,5.175562106282236008e-02,-2.242473220941312156e-03
-2.840838279089039770e-02,3.804236778181290662e-02,-9.218024837931922425e-04
1.013921622216940321e-01,3.943517141778930812e-02,-1.529659628863700403e-02
4.794804614787115393e-02,-2.864482854429983155e-02,-2.036117267693183033e-02
1.261125305392138685e-01,8.757559791129397933e-03,1.361547901638936187e-02
-2.924794906511898537e-02,-1.827329186647132925e-02,2.223158715071662378e-02
-1.829397477118095000e-02,-8.214065491375943662e-02,-6.766649302005736666e-02
2.544131625679136449e-02,-2.139986907947413058e-02,2.183697215585575849e-02
2.499017404503299511e-02,2.959759084770638080e-02,1.519416264027101615e+00
2.766415849149154657e-02,1.400942485076277222e-02,2.863167844968549591e+00
4.476584827652716619e-02,7.465804003127771843e-03,4.080616301412389291e+00
4.077617294551534599e-02,-7.935593230452737956e-02,5.160242938344693719e+00
4.502362116266612861e-03,-1.878713855398721558e-02,6.088753324023265634e+00
-6.688887007918288552e-02,4.482090834391008749e-02,7.110378771598659497e+00
6.514637054058079399e-03,3.664446130904133909e-03,7.832998958200850126e+00
-5.478588054831846910e-02,-4.252546479245487843e-02,8.539402821740466720e+00
2.255067156942731910e-02,-3.388694240796694818e-02,9.198141962175236941e+00
3.875580087820451104e-04,2.078924200090367241e-02,9.803586794468442278e+00
-6.757174408392638276e-02,-7.172930580066808059e-02,1.026726059485724640e+01
-4.925804440461462042e-02,3.238717017598952141e-02,1.076158055322553864e+01
3.757605288260374571e-02,3.997642322032501222e-02,1.112009599391091363e+01
-1.978976675107517805e-02,7.898866333870595280e-02,1.159685725901338138e+01
2.272200006173186876e-02,-6.553624345970543962e-03,1.185706834926261521e+01
-3.496869085288620976e-02,-5.786139938995318865e-02,1.223104379489601534e+01
3.083305769678566441e-02,-3.011783094036144318e-02,1.247848864501272992e+01
-1.024719868413617035e-02,1.987627830428531292e-02,1.274434320060600179e+01
-6.250604329014071425e-02,9.322848139337321094e-02,1.289177481958608240e+01
2.235763125064544471e-02,-6.530413804630802455e-02,1.317913098282929418e+01
-9.963183105514608617e-02,-4.713900501497281237e-03,1.335869123605909614e+01
-5.002994081109424229e-02,7.390596824512053829e-04,1.357841585694494668e+01
-4.077669250844895982e-02,8.543425262657530772e-02,1.367471369143209969e+01
-2.922393459158940249e-02,6.346163061788828719e-02,1.379074611136956996e+01
-4.600396032961903692e-02,1.349955580124064837e-02,1.389359715883557556e+01
-6.057862475161465005e-02,-2.120073373221054418e-03,1.404835782327300109e+01
3.337072787915853350e-02,6.520720737694707392e-02,1.407891703916920356e+01
-2.311069411624181932e-02,-2.256998073771398355e-02,1.423468268118899083e+01
-6.231738934746668818e-02,2.684131183619362093e-02,1.421732745279309462e+01
-1.123972284702209716e-03,-3.957135818319627851e-02,1.432783609593527530e+01
1.722373904247503223e-02,-1.140971531207890174e-02,1.442721056672716173e+01
-1.362617796789455070e-02,7.974300378473743803e-03,1.449773930512281694e+01
-1.083895147388719109e-02,-4.582443769901523023e-02,1.449891980164500183e+01
5.557706625659603050e-03,-4.376953294192144871e-03,1.457576202837775270e+01
4.136063955879577120e-02,-6.846657071870633493e-02,1.459901238384340338e+01
4.908013413817208931e-02,1.872047397922197223e-02,1.466209611196588369e+01
3.907318582627511416e-02,1.525213892944109889e-02,1.470747050065336126e+01
-4.525694263038431558e-02,3.000053611759395666e-02,1.475744452963594533e+01
4.049140482352236309e-02,-5.309918190885408451e-02,1.476385418306985109e+01
-9.251715697960664724e-04,9.463497894379908210e-03,1.477140105109340240e+01
-6.150499299867408926e-02,-2.575534802284464367e-02,1.481094371810318933e+01
-4.816849615779757871e-02,-7.521167979177065255e-02,1.473081814477929719e+01
-2.411057484913325250e-02,2.765370155108638761e-02,1.480796077082809781e+01
-2.562261906109229020e-02,-7.397222751244264885e-03,1.484230586730931201e+01
-2.196343539065061592e-02,-9.299880448315275480e-03,1.484741124536698287e+01
-4.323840703433344534e-02,-1.799307114354305528e-02,1.493544883872241513e+01
5.150319668471013690e-02,6.715271364491551265e-02,1.484013879775725009e+01
1.010501874062486316e-01,-1.345379919448193816e-02,1.491025216255491337e+01
4.778552840424289683e-02,7.397272348369497708e-02,1.485237100223619500e+01
2.370843962351070269e-02,-7.824578455992117765e-02,1.490961930963051252e+01
-7.870513527154421665e-03,3.709997045625849053e-03,1.489676656506338226e+01
2.556038499887595614e-02,4.383034444291706438e-02,1.496488904957106492e+01
-1.923318970291639169e-03,2.309960482445904545e-02,1.492838844683860877e+01
8.499442765046208437e-02,3.990864955380885037e-02,1.486421781561845279e+01
1.967787617742374970e-02,8.664827134452181279e-02,1.486930561043985932e+01
4.723625959843107298e-03,5.821856708337805331e-02,1.492459944197909394e+01
-6.659822572859967760e-02,-3.764362626083270907e-02,1.495855696393691581e+01
1.192854976613159056e-02,9.624431721562333453e-03,1.497977443553578603e+01
9.995706087102158854e-02,-2.752439389566594188e-02,1.500629985395755028e+01
-2.110804634929987038e-03,-5.636388754096870179e-02,1.501474261842383484e+01
4.667504639277892525e-02,3.182723716821456855e-02,1.492773359706486502e+01
-2.676115173418274970e-02,7.115707713892627240e-02,1.494121329794535136e+01
1.588433515432761609e-02,4.463775536379815251e-03,1.497940583754631483e+01
1.385256325618271049e-02,9.692680833956343611e-03,1.500568890903536712e+01
7.626840856996930200e-03,3.680260749269205489e-02,1.497546031832471769e+01
-7.579636533652001074e-02,-4.145097631213800343e-02,1.491366696307895801e+01
8.291167527457447839e-02,-3.252034576906209784e-02,1.497966956456665955e+01
7.122186090327695812e-03,-2.931597425389752265e-02,1.502645810606902721e+01
5.350650705217152581e-02,-6.228454999973422057e-02,1.494840825487107594e+01
2.972744560663526797e-02,2.009259064275298323e-02,1.496297062757300900e+01
5.771583171423513847e-02,5.177659118365261423e-03,1.496477771964973158e+01
6.860184170603614295e-02,-1.326914004437463809e-02,1.497930144355397886e+01
-2.732135267089205906e-03,-1.946675861883111203e-02,1.501404572503377466e+01
7.580537716224695910e-02,3.133773296937265168e-02,1.494219835580063815e+01
-6.777874107842517259e-02,1.001431013810722831e-01,1.506604779785126347e+01
-4.601234005541438715e-02,6.025149955785826655e-02,1.495468784787920136e+01
2.082265768264196168e-02,1.207404260735981255e-01,1.504956960302055258e+01
-4.195263239503903979e-02,-2.341481798287768212e-03,1.494263837505341996e+01
-3.145918105982520308e-02,1.435686822676544329e-02,1.497707578997094480e+01
1.821056365324531454e-02,-2.042380235435320088e-02,1.500567147322141892e+01
3.707157604764711734e-02,-1.541670208299768426e-02,1.502845621994149283e+01
-3.056350697821132167e-02,2.906771520267646680e-02,1.499301626037835256e+01
1.164731920220925671e-01,-3.046351691444292020e-02,1.510683412070329545e+01
-7.001043166963761590e-03,1.967902645637799319e-02,1.504109924639531037e+01
-6.357845633632340510e-02,1.135364161099780694e-01,1.498865230160878248e+01
3.057461738635578949e-02,2.074064526906263875e-02,1.498755441518697396e+01
1.035119641758379394e-02,2.840310008277607823e-02,1.497115383085909635e+01
-4.931393583896575422e-02,-1.918802473528036581e-02,1.501605972126023403e+01
-7.447972859157385439e-02,1.370382285018983265e-02,1.500997944241398763e+01
2.315894304294510361e-02,9.829347834605572584e-03,1.498170222722845679e+01
2.375039936804285157e-02,-7.839151343096818769e-02,1.497154603728372457e+01
-3.226803051506949016e-02,-4.392308746049754936e-02,1.496405363909651598e+01
-4.262678046986476815e-02,-1.609504859287161707e-02,1.507304229601569645e+01
1.378150993678564640e-02,3.821219762947004883e-02,1.498234420635635367e+01
-5.968007719042621451e-03,-4.776224048493363933e-02,1.498924714014554915e+01
-4.680011715241892689e-02,-1.427099635477930770e-02,1.496442101973965322e+01
-6.994021769815399366e-03,-2.085985868474400304e-02,1.508056395493431090e+01
5.430705231371807384e-02,-1.289864572319270736e-02,1.495179938356839067e+01
1.440705326209798000e-02,2.154456951158142258e-02,1.499710122259380185e+01
-1.404064548367025579e-02,-2.106373734748245158e-02,1.499598464171499757e+01
6.001549419375318273e-02,-9.001077922765939737e-03,1.499855618471556262e+01
-1.164678216659912335e-01,-6.315169727244248146e-03,1.496981211146710855e+01
-5.095389518528876949e-02,2.194375259842122269e-02,1.492193197279993733e+01
2.072195287457090015e-02,3.435109317911611698e-02,1.503377131082105578e+01
-2.980655808649250449e-02,-4.564891731049530027e-02,1.505134528617406708e+01
9.974775503740452524e-05,-3.414623302551030026e-02,1.498452556266275160e+01
3.954126796006011968e-02,-1.885145779119627024e-02,1.501263506077435395e+01
9.151590423301353416e-02,-5.043899681404114682e-02,1.499879977660019215e+01
-6.114408839460038804e-03,-7.042093191603178426e-02,1.504898748656632002e+01
-4.313664034610775050e-02,3.009604749197886467e-02,1.495755595398241589e+01
4.162294217449491462e-02,-7.152004986116866636e-02,1.498887701656442673e+01
2.916644660857018595e-02,-3.999429416023100176e-02,1.498798416078564166e+01
2.301733857657769708e-02,3.485684634192887620e-03,1.498261085414849347e+01
-6.836716685417211503e-02,-7.377593237671263571e-02,1.499090836062415022e+01
-1.542528865193074994e-03,3.688145688770492342e-02,1.501399144599328039e+01
-2.598046325189561079e-02,5.059863592771254165e-02,1.491165975414375389e+01
-4.612875579181908992e-02,-3.367378001188012226e-02,1.496072234962873182e+01
4.291270594742646431e-03,1.147473826308306744e-02,1.497251309598909685e+01
5.037540825521220900e-02,-6.684770621386339207e-02,1.498519937231694321e+01
3.510493303446975133e-02,-5.132837343597040913e-02,1.496080360324783243e+01
-1.510816735498450754e-02,-4.342564238008621985e-02,1.502355994062239652e+01
7.836859271610824296e-02,-6.137371712807548202e-04,1.500601085850747296e+01
2.978935710117245825e-02,-3.187344519504436979e-02,1.501801104492160199e+01
-2.674753266697925402e-02,-6.231683178111952284e-03,1.493914559902347428e+01
2.043739320621079745e-03,-5.753459422400874351e-02,1.501497998144624901e+01
4.022320944738953102e-02,4.208398241545350388e-02,1.501967544820750966e+01
1.165944490663805514e-03,-1.103549813029367638e-01,1.498259231716995465e+01
5.034297604399651932e-02,3.382859699697660094e-02,1.507112217497887130e+01
7.251726996571289906e-03,1.087976900638672750e-01,1.495201939013076320e+01
-1.175040309547830970e-03,-7.557311409011992220e-02,1.495429005960621538e+01
6.364108491978900939e-02,6.463240082622824512e-02,1.495905373524384885e+01
-2.644378016791161523e-02,-7.776588701667222492e-02,1.506037287146167181e+01
-4.687684900582213265e-02,5.781213154971726748e-02,1.507828067428343211e+01
-2.824174559358136327e-02,7.764361049434881368e-02,1.495859634167493546e+01
-3.666696135102443660e-02,2.799751085553812274e-02,1.500379782164547926e+01
1.931287861319645445e-03,-7.778509004918973679e-02,1.503462458298089111e+01
5.436452788846639350e-02,4.624358823906900284e-02,1.500671056652521962e+01
-8.205150094396746960e-03,-8.392219720051070919e-02,1.497816637734440448e+01
5.144906596081404160e-02,1.684702099263030465e-03,1.492782070575871245e+01
6.988533727767452797e-02,8.530319850537489146e-03,1.500660962382797337e+01
1.211035396942913150e-02,-9.563807797696614182e-03,1.496014549363967383e+01
8.189990172444433503e-02,-7.501932717592343924e-02,1.499661531766463085e+01
3.847197972258606380e-02,9.271225091440532529e-02,1.495688108999135757e+01
-3.514996261337454547e-02,3.331480696132776281e-02,1.501409448521680545e+01
-9.053569707229448815e-02,1.073806236539996163e-02,1.496446295131702087e+01
4.444602539397291691e-02,2.864714094322366733e-02,1.503809138119449074e+01
3.196836798199451102e-02,-3.007688950463308433e-02,1.496474454799630927e+01
1.848113237614614976e-02,2.007639423721519628e-02,1.500185953904023073e+01
-1.162926608411755242e-02,4.848715921490456826e-02,1.505590787375014727e+01
-1.296911854035606541e-02,2.813438235143002342e-02,1.499520803628082710e+01
2.424718013602801189e-02,-6.373022979255824061e-02,1.501537530122503661e+01
-3.076505766651144516e-02,1.176637383465695130e-02,1.500490671626079831e+01
7.810690567294052353e-03,-2.402891828599177521e-02,1.503098118772890501e+01
5.162425340914155586e-02,-1.242065232233035069e-02,1.499956729118148679e+01
-4.480024425999083737e-02,-3.094249601371345387e-02,1.502055226129941978e+01
-1.535178331196047040e-02,3.035609628147534732e-03,1.500030247103743797e+01
2.015867924118436294e-02,1.732829840409774724e-03,1.496055911016268780e+01
-4.386530018237118356e-02,7.811762912727157615e-02,1.496351731181325029e+01
-2.732649216152685523e-02,-6.507027234850922210e-04,1.501769566535002198e+01
-1.360476471194330822e-02,6.754627796017322397e-03,1.497981740571838216e+01
1.494923947318544701e-02,5.515826033408661316e-02,1.498744908137093468e+01
-1.074520409200220182e-03,6.740955293496413148e-02,1.498403738164249610e+01
6.121735205839493738e-02,-5.398800178204355565e-02,1.496699008851534352e+01
1.946007434825856169e-02,5.087464919291600184e-03,1.504247410948585717e+01
3.443395336774376925e-02,8.546233597331177878e-03,1.503387678268150474e+01
4.786015081105305519e-02,7.013860957344847380e-02,1.495119624726841856e+01
-5.501041019747859862e-02,9.401703818666250212e-03,1.497713809742184310e+01
8.511089267258682700e-02,-9.975720823356041753e-03,1.498627656775641270e+01
4.118321316656797099e-02,-5.829821478924757105e-02,1.507221885957445195e+01
-1.106307873859030009e-03,-3.218369542345889817e-02,1.495799666153934027e+01
2.546156351629411813e-02,3.759211013420872549e-02,1.502633166388790364e+01
4.018781234258484575e-02,3.016417762848423376e-02,1.502272099891835744e+01
2.207936922396507018e-02,4.192240278494963057e-02,1.494270424328729163e+01
-4.964126209560673630e-02,-3.154373795321638307e-02,1.504396533590751162e+01
-6.987475146783067581e-02,-8.990300527689075449e-02,1.503786379928465777e+01
4.359761838338072071e-02,-3.125823611954999665e-02,1.499373691229627070e+01
-1.013049178728481735e-02,-6.506788937567588305e-02,1.499405827342430442e+01
-2.614063911777687529e-02,4.056802613814881192e-02,1.500373109242770475e+01
1.635158450905708771e-01,-2.820855855273781548e-02,1.499164839001288563e+01
8.850123643801244624e-03,-7.782895328148677072e-02,1.501898950299385582e+01
6.820666130166216749e-03,4.828221564138533706e-02,1.495435941617364861e+01
7.792065368693151459e-03,4.640062126216969174e-02,1.495851589837709383e+01
-6.888543016516182962e-03,-2.124652827300715918e-02,1.494103891843454335e+01
2.356506928178491236e-02,-2.906876308671003332e-03,1.506815154859740957e+01
2.892032066829024195e-02,-2.220864889533230579e-02,1.497350787285205165e+01
2.982544031897603823e-02,4.130142934816217332e-02,1.499440961014359708e+01
2.348694462909320033e-02,7.487605273633192102e-03,1.493538576534625406e+01
-2.200604869908337133e-02,4.235335300804728685e-04,1.496787530241174657e+01
-1.399150496379875097e-02,-2.572310281502760906e-02,1.497798226094954543e+01
-6.005082059255843069e-02,3.158591187261963057e-02,1.496397756861444428e+01
-2.665764145440720559e-02,5.437080466874907175e-03,1.496149983733042710e+01
3.154453034706417025e-02,3.856033991201159375e-03,1.502729047938954388e+01
1.750240610132302796e-02,5.398671348716720803e-02,1.499674395661559245e+01
-3.760851462192237038e-02,1.644059508563272543e-02,1.503423145739112599e+01
-3.596364991775659326e-02,-9.027044988271171189e-02,1.506026221265126352e+01
-3.708361464378007177e-02,5.140845128308929590e-02,1.499150395114967438e+01
1.922961602152407565e-02,9.707156712060176218e-03,1.503634163968211723e+01
-4.756498933689710571e-04,8.030545272684336960e-03,1.502478230001345771e+01
6.422257967322070327e-02,-4.660232410181384261e-02,1.506523305671520951e+01
1.329609999259611861e-02,-6.572504362095592072e-03,1.502723977116051834e+01
5.427729491084561098e-03,3.515540453452818681e-02,1.500142447068595430e+01
2.025080003753528858e-04,-2.061243506380996265e-02,1.499105092378347948e+01
-6.730635894287398391e-02,-2.653647851305714414e-02,1.493581703719718057e+01
-1.242652497046907584e-01,-1.577666810304047262e-02,1.497876733234718571e+01
4.473863861613298909e-02,-4.231194391120669807e-02,1.494812040513014750e+01
-5.387323387616571937e-03,1.130650636454982698e-02,1.493970008620162560e+01
-6.798757565341620457e-02,-4.698663009050772776e-02,1.499087398004529703e+01
1.879818446384600578e-02,-4.395572731825217461e-02,1.499990261759614718e+01
-6.588343062542215134e-02,2.288243993018046138e-02,1.504361726229318919e+01
-4.168351243722653865e-02,7.926040409714001089e-03,1.507428751804400768e+01
1.878583048442418468e-02,-2.774868141442785735e-02,1.503890501117680856e+01
-4.815159452843593979e-02,-4.341405052353081162e-02,1.496929624338121556e+01
2.453061607779470979e-02,4.734215883915569162e-02,1.503057119190841284e+01
2.491445656804279138e-02,-2.371102991958290440e-02,1.508028093621999233e+01
-1.344586499662835458e-02,-3.003421666984387381e-02,1.501682712811649445e+01
3.494313496536283897e-02,-4.939821507456370470e-02,1.499855649553322934e+01
2.914919538325071516e-02,4.122392844069146071e-03,1.501892590130762706e+01
-2.531771469691108251e-02,-1.350124497962076064e-01,1.493332339129973008e+01
-7.108176168205801448e-02,1.871962299700123677e-02,1.494721503676666075e+01
3.366923524036131987e-02,1.651277404537009616e-03,1.509393505672314717e+01
8.412436501807897538e-02,-4.146042299688523780e-02,1.491219433821521712e+01
1.604578471879566579e-02,6.413916698323575590e-03,1.503366655074976777e+01
-1.223322580939723188e-02,-7.909427509239838616e-02,1.496128697136454555e+01
9.499092629642229627e-03,-6.945182082061875095e-02,1.493386342097894648e+01
-3.152422916507551659e-02,-6.924820280682074738e-03,1.496865106488397501e+01
1.742025648298813761e-02,-3.359625703155848936e-02,1.500366699788312630e+01
3.646732954762343937e-02,-3.977364298765413003e-02,1.501687735675602120e+01
-4.491564494726758838e-02,-7.456756181729826127e-02,1.493826920202205244e+01
-2.320792490843185188e-02,3.488429474511495210e-02,1.502734569183458291e+01
3.387069777926093872e-02,-4.896196245637220168e-02,1.497778951270401393e+01
-2.742347703090065175e-02,-2.335291157862178640e-02,1.504673990372315906e+01
4.012266204782911558e-03,5.923560298942217792e-03,1.503056156320952752e+01
4.147009068938553589e-02,3.408991268020658549e-02,1.492089773639385264e+01
-3.836022640480399315e-02,-5.660449887644936062e-02,1.504275721700038027e+01
4.403748621099053129e-02,-5.066871312290775059e-02,1.495112068120545423e+01
-1.409226513649979202e-02,2.571681024932187531e-02,1.500377115291193419e+01
-7.749500073486791096e-02,3.769485623409580405e-02,1.491339203167404825e+01
7.539194437964140405e-02,7.794651407220509580e-03,1.503392455576198117e+01
6.443925300613141671e-02,5.669920564242939692e-02,1.503710450201869619e+01
-1.265170386909310720e-03,-4.999547473190455588e-02,1.502319483598800431e+01
3.093832104474356429e-02,-2.998254153150130275e-02,1.498396528350020596e+01
-6.947414251314129596e-02,4.520132431503669918e-02,1.498710858764303744e+01
-7.679639115877830158e-02,-2.112573761003471232e-02,1.494454991772989771e+01
-9.270058768754033118e-02,-5.085437685489812426e-02,1.504316625229789750e+01
2.260842381333060674e-02,3.754271358921235091e-02,1.498577520574845501e+01
-3.799139029060474154e-02,-8.739197196043656246e-02,1.498623295818056178e+01
5.008438298057714616e-05,4.865885710757437976e-02,1.505273663237284865e+01
1.482023081245333399e-02,-4.327578245879555585e-02,1.494863081082269574e+01
2.734228086799272983e-02,4.153874903554810594e-02,1.494836950649597007e+01
7.223532158912797374e-02,4.017946562895401835e-02,1.495356207843236263e+01
-2.181289683231604770e-02,-4.674136649522513814e-02,1.499892770195277514e+01
-8.729286930083836327e-02,4.364094515102374255e-02,1.499253972483039199e+01
4.259183055388432448e-02,-2.559404383359954044e-02,1.495373771162256560e+01
4.277270963154978373e-02,2.490284451345906036e-02,1.502361798974139084e+01
-4.491467318812512183e-02,1.075512598999872746e-03,1.492630538657318340e+01
3.466515606899234908e-02,-3.179434598098261622e-02,1.489545529654420086e+01
4.497767081463187322e-02,5.503069510962645822e-02,1.495909486193099625e+01
-6.498607081751794912e-02,6.817557862614172237e-02,1.505892967095789459e+01
-5.911510039768719943e-02,-8.851189570680753280e-03,1.501314026039713490e+01
1.677842762308942928e-02,4.995210592777619280e-02,1.497322115309682822e+01
-5.756248689097724636e-02,4.326538893756264742e-02,1.503020828543161791e+01
5.145085263445205864e-02,5.851713565973427900e-02,1.495034066335044720e+01
7.030631619859560588e-02,2.469167226444891200e-02,1.498741885588456135e+01
-7.141149371148924896e-02,-2.130625942198182202e-02,1.498023043164738510e+01
2.426618344696296337e-02,1.926076908110854052e-02,1.504947513507403478e+01
-3.281042273227191552e-02,9.207985621537554191e-03,1.504375029013476173e+01
-2.143355465591521847e-02,4.656627645430235635e-02,1.505791192086792307e+01
-3.160486484185802674e-03,-1.695828221159137450e-02,1.493434134685501036e+01
-4.190319775680069470e-02,-1.706331575596338815e-02,1.493831452334315379e+01
-2.769773192010464846e-02,8.828472337457099126e-03,1.496031276512490216e+01
4.679970477749700181e-02,-7.099047411061448765e-02,1.503336613917534414e+01
-3.122163033599428122e-02,2.147432621007430015e-02,1.499043642335064774e+01
-2.145838739767342782e-02,-1.882731020433668981e-02,1.496413484917897740e+01
8.406007500987353054e-02,-1.851334882417019628e-02,1.502874232565575419e+01
7.947145262450376613e-03,2.427916134981125684e-02,1.504757475878444950e+01
-3.075016540517029259e-02,1.833985393115504861e-02,1.501050447908028929e+01
-1.116993450464935991e-02,6.984570628659346470e-02,1.495269831198724653e+01
-6.224306322686593701e-02,1.532337626970332531e-02,1.500074167623610144e+01
7.548436660530988274e-02,3.108169604264372776e-02,1.502538100245798525e+01
9.961366512146897084e-04,-1.801077825476507174e-02,1.503167986949961943e+01
9.258517272397975839e-02,-1.530891344731629723e-02,1.493142178982693835e+01
-1.647901401297608565e-02,2.345505853203783131e-03,1.505695432148049484e+01
3.453419760397891895e-03,-2.661151736929459957e-02,1.501381860185386863e+01
-1.913548255747795149e-02,9.459451480331119294e-03,1.499237344357313617e+01
3.829650098088096112e-04,-4.403497528267047434e-02,1.495089667700143110e+01
-1.569090445083273777e-02,-2.474238084952660316e-02,1.495689795225659857e+01
1.466872057985864515e-02,-2.982331680231021728e-02,1.495847688244038309e+01
-3.459359549977308879e-02,-1.000941068902305719e-02,1.500576717580855757e+01
2.400718450424809552e-02,2.226359138423545520e-02,1.496377621051639650e+01
2.609917467255074702e-02,3.819040087651361798e-02,1.507361164251702590e+01
6.141050686837333517e-02,2.713894311749232013e-02,1.499020770275927283e+01
2.094693990721200466e-02,4.919494043891641140e-03,1.498995868298344725e+01
1.416599331698567554e-02,3.196590561823405702e-02,1.504071859573821079e+01
3.739616772645922710e-02,6.492801144597115659e-02,1.501350276478290269e+01
2.704376328632819397e-03,-7.864868821760491457e-02,1.500316191348124661e+01
-2.822253214832139145e-02,4.252791194734767714e-04,1.503806499935762098e+01
-2.228771085142209479e-02,7.581585544157262713e-02,1.498872899675786030e+01
-3.372183293182131735e-03,2.376272380849457286e-02,1.500468838597137555e+01
4.482017743464362242e-02,-7.385538752813743113e-02,1.495169951003071951e+01
-1.933017466921593819e-02,-3.118620485999233638e-02,1.493078338551085515e+01
4.403594508289698783e-02,5.268788083894129781e-02,1.494833611950871521e+01
-1.779354661272966598e-02,-7.735011689980626770e-02,1.493261402164510443e+01
-2.423044969889326730e-02,-7.806052052976407418e-02,1.495150693609025616e+01
2.513868562140871357e-02,8.343345487470528454e-02,1.500984519689458985e+01
-7.754929352115770384e-04,4.623016047554853042e-02,1.505881354866937727e+01
-2.165194802633712071e-02,-3.122882353143268883e-02,1.499318934058375064e+01
3.774111816487572130e-02,2.127789237902608446e-02,1.503603614416102907e+01
-2.839436355901259548e-02,8.357001558649404527e-02,1.504664629331632852e+01
-3.897992074644804957e-03,2.393650266752749001e-02,1.494042669739699214e+01
-2.347677650290106582e-02,-1.229198360832277825e-03,1.502971575000208304e+01
3.001524642653480290e-02,-7.471895140262069246e-02,1.498214912894943041e+01
-1.521602312723191811e-02,-3.530715734159442509e-02,1.496994056291183028e+01
-1.283714954568630252e-02,2.352252717511530214e-02,1.498862967920668332e+01
-2.737008499519063415e-02,-2.965335887341761373e-02,1.501292684718463377e+01
3.562131731598502243e-02,-3.232207790832638400e-02,1.490511922171383219e+01
3.103726249894344508e-02,6.520600552809854844e-02,1.505102829051287472e+01
-8.470290904203429949e-02,3.167202870319566627e-02,1.502192234478905597e+01
-3.037960651068661103e-02,-2.830901430493397430e-02,1.502122629730554948e+01
2.905517654612835288e-02,1.894230142994608734e-02,1.497853430037303646e+01
-6.151024913157703694e-02,-4.453235957986206167e-02,1.496444630796713504e+01
4.627866942955804336e-02,-1.723439586150812787e-03,1.503106677395331836e+01
-8.500783877367008856e-02,2.250945940225333210e-03,1.499263670931560988e+01
5.401471357468552031e-02,5.174659014335449697e-02,1.511071781515616230e+01
-9.478365813761572764e-03,-2.417584204736816789e-02,1.510193537398019004e+01
3.772195472740401401e-02,5.308522682289278788e-02,1.496590809677259415e+01
1.873753299095989519e-02,-1.585672230672121371e-03,1.500816850675420611e+01
5.135817766449602556e-02,5.226330918480920351e-02,1.502155182169913417e+01
-2.133372095100326965e-02,-1.300210880564579320e-02,1.507050764473953208e+01
6.467982901718005717e-02,1.994228840154992424e-02,1.495511816622736490e+01
-5.884451068259077822e-02,5.937529592853948426e-04,1.500363899086237929e+01
-3.654740817096045064e-02,-1.731662737951603082e-02,1.500546639950418104e+01
3.433211488866517308e-02,4.980431886378781231e-02,1.499260675897636297e+01
4.085387533629541816e-03,-8.413272010929609065e-03,1.501776466404659338e+01
3.652280537678561506e-02,2.265517241635472273e-02,1.497650858214611702e+01
-3.505713473815814940e-02,2.344416407179426148e-02,1.499405665128144882e+01
1.381623264995614220e-02,1.787883900571050205e-02,1.495625817130571100e+01
3.852191450531933931e-02,8.414448614380591607e-02,1.500953103013834244e+01
-1.466033924298747616e-03,-1.561945910759420311e-02,1.501770954182742024e+01
1.063043106939278171e-01,-2.572063799001200572e-03,1.504439354551201546e+01
3.291481054462894185e-02,1.140779899078747141e-02,1.500222018559738402e+01
-5.857922006960449360e-03,7.191999617468837480e-02,1.500997589252512121e+01
-9.117428494167160655e-03,-4.711303047386104607e-03,1.498205921016931619e+01
2.126284547177197809e-02,-2.326455221534867723e-02,1.506388786708977179e+01
3.473584239103814225e-02,-1.584793351463446506e-02,1.504829638291358229e+01
-3.531319713994350573e-02,-4.223774800546629959e-02,1.499602905264310060e+01
-9.280404319828489124e-03,-7.890967683699862123e-02,1.499714981829140825e+01
4.882311334064376451e-02,-7.878691185072870390e-03,1.497656750504972401e+01
2.344095421971823315e-02,1.750323654556475497e-02,1.501093819380038674e+01
-2.042147762831485538e-02,-7.944684112603568604e-02,1.495471570827963781e+01
-9.469565808608117197e-03,6.448076563510374282e-02,1.501785498641963379e+01
3.211515500220826769e-02,-2.671241356603440333e-03,1.504409779185437301e+01
6.312982555044298338e-02,1.334181643778349635e-02,1.495546746114026426e+01
2.510912956091628651e-02,-3.424700636905059908e-02,1.506246977043239532e+01
1.978872825575629657e-02,-8.675336249274735734e-02,1.503868001637282958e+01
3.487294118454289937e-02,-2.431801157377040321e-02,1.500353727387478564e+01
4.077184545226256868e-02,4.152024685184604186e-03,1.504629638306273520e+01
2.366062311916304270e-02,-1.164047007822224811e-02,1.500735879780652837e+01
-8.889939695309271445e-03,1.480804097295937947e-02,1.499627578180688126e+01
4.835817730032336732e-03,7.694785536680641413e-02,1.490881965966253020e+01
4.137927895543392492e-02,4.250693641541580109e-02,1.503423786411152818e+01
-1.113056112126316853e-02,-1.384322567690948920e-02,1.507613835487001630e+01
1.851693723399875161e-02,3.145641602813334381e-02,1.492142914734484016e+01
6.762595563099942086e-02,-4.533935765004550034e-02,1.495036258786617367e+01
6.675578039812378461e-02,-3.322399117226949253e-03,1.499635561432209485e+01
1.511579853716623484e-02,-4.866292875309317228e-02,1.505772588466784967e+01
1.566757093963452169e-02,1.172796082150948408e-03,1.499507105019101338e+01
-1.586735723930941463e-02,-2.282363420631966858e-02,1.501772464432940701e+01
-1.861663871719132848e-02,-3.014549455067534051e-02,1.499121705346631295e+01
-1.400160732901413810e-02,4.696047647066189240e-02,1.501904668521606112e+01
-7.449877875712102027e-02,-1.933551261030772711e-02,1.501390210690696847e+01
-5.787489271205581431e-02,2.972484921150708378e-02,1.500484842086406267e+01
-4.633913251665172292e-05,-2.787583791985626461e-02,1.498235074177644144e+01
1.505764263141892538e-02,2.301204985400214821e-03,1.500291160155977188e+01
-6.962258257677120775e-03,-8.104975823718386929e-02,1.501272863044380124e+01
3.056377999561509830e-03,1.442611288114000780e-02,1.492498284827309618e+01
-7.963537233466332771e-03,1.732020173761629825e-02,1.493489293580650745e+01
-4.110674825318037795e-02,2.420249144084486367e-02,1.500634103210311920e+01
-1.090676765382934538e-01,3.705437633250827870e-03,1.495997031771308805e+01
-4.133315609192089041e-02,-1.456109895159491373e-02,1.500756025158152873e+01
-3.921470328771622937e-02,6.234909834848199536e-03,1.499268650425265470e+01
-1.475933454605628768e-02,-2.886916808216545907e-02,1.499519089281170459e+01
-6.988797967145134529e-03,-7.349459200618503607e-02,1.505618688885007295e+01
1.534571617605924587e-02,3.612467093822105402e-02,1.500283067859711927e+01
3.544067030546026176e-02,-1.263281116041706578e-02,1.497174036822187837e+01
4.291324591034621078e-02,5.980777381521716618e-03,1.495995203212114610e+01
1.857876048924026954e-02,-1.786995956895503362e-02,1.501914347940897976e+01
5.057794821249880605e-03,-1.200629593998188069e-02,1.495424030913201641e+01
-2.621546534161173572e-02,1.421042667576371751e-02,1.501964827148161952e+01
-5.314361418795151421e-02,-3.375939020996747419e-03,1.499171504138282351e+01
-7.312898516372855207e-02,-3.071450429272161095e-02,1.498680573112501335e+01
8.121309509687332437e-03,6.163666286788528192e-04,1.499953244658158091e+01
4.731402665614641012e-02,5.794730928727141045e-02,1.494297441100799340e+01
3.585381310436785984e-02,9.234356542678647667e-03,1.501985527994053093e+01
2.999382985741604404e-02,2.695052158418331789e-02,1.502508279736921537e+01
2.455118752198089116e-02,3.587557504576029815e-02,1.495822306371380783e+01
-3.516803295368962912e-02,2.662667634349197483e-04,1.497769667556971385e+01
5.163401714752628019e-02,1.375000656500933137e-02,1.494622758383615135e+01
-5.367682566245646214e-02,-3.010787371090626469e-02,1.501130232258863373e+01
3.584809453744659813e-02,-3.364105749877006890e-02,1.491780634482989498e+01
-1.577485014562176116e-03,-7.308357604494999937e-02,1.502826215750524774e+01
1.361948175277076468e-03,3.040591836696897310e-02,1.492868304456489703e+01
-1.810864493489013419e-02,5.160307625981627733e-02,1.502149590275368851e+01
-1.228220205081368560e-02,6.665028856505381127e-02,1.505824394202122107e+01
-1.100515911552137072e-02,2.924708265454380521e-02,1.499164051947755638e+01
5.604311393489256471e-02,-4.156721431133456046e-02,1.492301103933382223e+01
-6.075127302187400408e-02,5.054646868866288084e-02,1.503354975706934660e+01
-6.887763653526701724e-02,-5.560648645953402552e-02,1.507259832602326100e+01
4.877047985007477993e-02,-4.020342624122662245e-02,1.499503380399007035e+01
2.106949838166907382e-02,7.680426192290815135e-02,1.500824672474627519e+01
-2.787711732982169760e-02,-8.442267458145849557e-02,1.502141311556325576e+01
-1.008391578366580514e-03,-5.212176628254894077e-03,1.500337354039114324e+01
9.690688742634645872e-03,4.707276215185296486e-02,1.496012477012266473e+01
-7.569606918793892088e-03,3.168164438283404410e-02,1.502233446349913493e+01
-5.445809710961696526e-02,-3.230422316271424482e-02,1.499521958384692333e+01
3.099091885151802200e-02,9.890223592415577081e-02,1.495333444800436240e+01
-3.938747205289471441e-03,2.678347525969783025e-02,1.501808273940607741e+01
2.224841688440798090e-02,-1.672054775273666000e-02,1.495787329160563495e+01
-7.805225655685528452e-02,-1.396381343857741250e-03,1.506102638300491137e+01
9.870266338641945150e-03,-3.862897855517388040e-02,1.502645960769076794e+01
1.980221585233721618e-02,4.672556969733120819e-02,1.501629805195276646e+01
5.364121667633039298e-02,3.950113363373638359e-02,1.496249311748127298e+01
6.135014658594319797e-02,-1.633975377142128302e-02,1.500155370783596354e+01
-3.399297930606044044e-02,1.886981240901819054e-02,1.502546989766488572e+01
6.171930296898799073e-02,-8.232496677926383344e-02,1.497775398215565978e+01
6.181892759380057389e-02,6.351151741708881138e-02,1.493968107098119091e+01
9.123639517237915053e-02,1.627650178122094088e-02,1.494415206888765191e+01
1.560716273476439597e-02,-2.904253256156493629e-02,1.499592897735655583e+01
1.625710498945572187e-03,-2.305152886515308280e-02,1.503454373152809431e+01
7.147048573073486177e-02,-7.369264563466990450e-03,1.497166536339796750e+01
5.507376931875152676e-02,2.446119480564108370e-02,1.499191802708558541e+01
8.763981348771637814e-02,7.774663745976841296e-03,1.500861623611235096e+01
-1.164933945998609596e-02,-2.583217150454901467e-02,1.497768960133494254e+01
2.649055397400641720e-02,1.450475328885664390e-02,1.498915824465563240e+01
5.458519393486215704e-02,-1.086329358915261254e-03,1.493872969913834581e+01
-3.771895991884616477e-04,-7.273789852835103875e-03,1.502134917012562454e+01
1.672932154604045776e-02,6.013798146726537924e-02,1.494988095888858126e+01
-2.144622213773619140e-02,3.945169981392580849e-02,1.503499760672944596e+01
-2.394232438423227541e-02,4.895321346228422889e-03,1.503577811437502731e+01
-1.960609578346120610e-02,2.642587516036119452e-02,1.496681129621505946e+01
-4.949063348087347908e-02,5.849545374315478358e-02,1.502782259541747401e+01
-1.854977481369116804e-02,7.496245488162563142e-02,1.496405733094021606e+01
1.340131427602934099e-02,-1.776879103303258961e-02,1.486834905479551772e+01
-4.169310892445323574e-02,2.289568994842909946e-02,1.492794036261420842e+01
-9.086230619926775887e-02,9.928882840659056241e-02,1.504540659077186682e+01
-9.627277048798237036e-02,8.095230711341612484e-03,1.504053825572344927e+01
-2.297329591348709274e-02,-4.068547801177524459e-02,1.503343629150217708e+01
3.191479208122903477e-02,-3.430185392241374975e-02,1.498006201199771681e+01
-3.376883283493676245e-03,4.337416602173906066e-02,1.493303668586997368e+01
-7.598188370915821138e-03,-2.753192534603198308e-02,1.499657729969107400e+01
-2.359721794058196320e-02,-3.129868297487503614e-02,1.499405777682054364e+01
1.576870266143072172e-02,-1.620272613760488298e-02,1.504636201172669274e+01
4.684861692265170768e-02,-3.127990161391527163e-02,1.499480546317722407e+01
-2.018468325694838458e-02,8.996432865157864139e-03,1.502919901486883347e+01
3.123379040448974811e-02,-1.889553856328018240e-03,1.492645078752370935e+01
4.358351498303095900e-02,8.697835760722133491e-02,1.500052482244178975e+01
-4.349134750289820189e-02,2.139008501489331367e-03,1.503017434866215396e+01
3.304675836360734982e-03,-3.778849211835502014e-02,1.499769026341354561e+01
-3.514216275347505775e-02,-2.449855821805518516e-02,1.505540363540200843e+01
-3.884848440055049812e-02,1.911168398906779378e-02,1.500979197425081679e+01
-1.122506351663649267e-02,2.063180393674510921e-02,1.496090056307554761e+01
-4.329786949113433210e-03,-1.490177843662444023e-03,1.501028518366707942e+01
2.107953870889452477e-02,1.192483934346407902e-04,1.506266935465875001e+01
7.264575647805014171e-03,3.925269655614270492e-02,1.506469214746026886e+01
1.879900361593903751e-02,6.417307901036846396e-03,1.507522137198403023e+01
9.471058763842328532e-02,1.058070838115311718e-01,1.505393867316121259e+01
1.692001275537273128e-02,2.129790360148045569e-02,1.508640915476599709e+01
5.869021056627965471e-02,-5.257052848687194385e-02,1.500530571263205637e+01
-1.674762970868763634e-02,1.991980349347342166e-02,1.498939710960476113e+01
-1.920036972640941017e-02,-1.972907915513534907e-02,1.501454620790714678e+01
2.245003270748999885e-02,1.688348044082692463e-03,1.503320786498550810e+01
-4.409689236476419666e-02,3.663547647772067567e-02,1.501610665597501537e+01
-3.612093943262839179e-03,3.878711290855526433e-02,1.495533111398007797e+01
-1.796916433523769105e-02,-3.990739043567925054e-02,1.500905094867976075e+01
-2.579853132116621123e-02,2.921018837683087444e-03,1.492526630548444899e+01
5.690206175762591023e-02,5.327444744877244537e-02,1.500565382439070738e+01
7.365118100179440797e-02,2.378484471915604664e-02,1.495917846589795630e+01
1.697795690974015712e-02,-5.553067396629506741e-02,1.500601460112548402e+01
-4.789409018953177943e-02,-5.708372206305695890e-02,1.492865552893448999e+01
-1.395508111484177957e-02,2.257935579619099395e-02,1.493170622609344811e+01
7.847966537809075716e-02,-3.430837283288104556e-02,1.499664092876045096e+01
3.105652029347584497e-02,7.149484816560191212e-03,1.499144162923315626e+01
-1.935444853392822087e-02,-3.135212721152028092e-02,1.492485477296948382e+01
-4.855958232882386094e-02,-1.001356791550401561e-02,1.499303881883665390e+01
1.994260588108530061e-02,4.462720304898027540e-02,1.494979068009681988e+01
8.228752692846695582e-03,-3.139922226616468498e-02,1.500883594188095671e+01
-3.383994550833838155e-02,4.843223275524886212e-02,1.505510572406372560e+01
2.148733598180682658e-02,7.089911642798796265e-02,1.500353728498792449e+01
-7.034725851940374503e-03,1.423400784706104968e-02,1.498606091229366299e+01
3.305749920346191112e-02,7.227558903890576869e-02,1.502283765599931087e+01
-2.239069053554700039e-02,7.195543670050062735e-02,1.501135827349268936e+01
-1.466837547063442118e-02,-5.273590387570253196e-02,1.498824624408149475e+01
5.340184246682288388e-02,1.386396154690362932e-02,1.497958444566459235e+01
3.302801687427239785e-02,-6.060104378415117482e-02,1.499313302789536806e+01
1.860980105782994790e-02,1.133414968675583272e-02,1.502466964862514942e+01
3.056622003755599462e-02,-3.508644803129714468e-02,1.503734271382757903e+01
5.095884618193403243e-02,-6.880350746031658679e-03,1.491559451706938333e+01
4.226711026934443921e-02,2.692369705024882671e-03,1.500392096705360423e+01
-7.816538974038289567e-02,1.210242794498256162e-02,1.500878162581015296e+01
-2.283788115396354415e-02,-3.016040069649268685e-02,1.499613994584030685e+01
-1.801050596879061674e-02,-1.164717643932324832e-02,1.488072395619312083e+01
-2.712523626720930725e-02,2.837988662201744797e-02,1.502427165456948543e+01
-3.881623638666664711e-02,-8.491915326626816793e-03,1.503433908339514957e+01
5.654733140470343672e-02,-8.901979513526144319e-03,1.498191645154151530e+01
6.772769801682672342e-02,1.148189375413171363e-02,1.496787838399317394e+01
6.020401774977215091e-03,4.215663015723903478e-02,1.506190413569282072e+01
8.566736955387838429e-03,-5.665304233143311427e-03,1.503947140481991340e+01
8.472269965032995509e-03,-4.707733447945609828e-02,1.494445750714975674e+01
3.036935134982291125e-03,-6.815537138953707552e-02,1.494147075659098078e+01
4.779532689547174445e-02,5.537783503048683553e-03,1.502439391922450085e+01
-4.449967370623603841e-02,6.131433956336305308e-02,1.505469421870109770e+01
-2.825732320871344322e-02,-2.724546985625693127e-02,1.502915648287910066e+01
1.285769777837905692e-02,-8.918883997741557101e-02,1.500623348962264458e+01
1.877913125887777437e-02,3.569921720772212259e-02,1.498810776131676725e+01
3.522158712472320263e-02,-9.302127125496925664e-02,1.499807736243533540e+01
3.669423500823923434e-02,-5.478786101487485849e-02,1.498489969405538247e+01
2.345920335122397143e-02,7.080311453101464925e-03,1.497164377395719903e+01
-1.436493293890847393e-02,2.481604361058200453e-02,1.494549766493432408e+01
1.105822062328760784e-02,3.304383185201933276e-02,1.499769582530673517e+01
-4.748415190079204734e-02,1.124902299476207568e-02,1.499451565571862588e+01
-4.538324778059221742e-02,1.132385178297944453e-02,1.497603283415036479e+01
2.143183186353148431e-02,-3.538661695026568826e-02,1.504477970734001246e+01
-5.547720064547620455e-02,4.661812595264770015e-02,1.495681807992985135e+01
-6.886383083029140595e-02,-3.325751598800393699e-02,1.501135932010096852e+01
-1.436527614317498203e-02,1.575127212104017460e-02,1.497905158970291417e+01
-4.621349829359511913e-02,4.000551514634537870e-02,1.494047331803907852e+01
2.516972972038394527e-02,9.468780686535890195e-03,1.502607980204061278e+01
7.185355722768153527e-03,3.638127499374075192e-03,1.499492689544803703e+01
-2.568965884031080074e-02,-6.265804336641586647e-02,1.496229573081811459e+01
2.111895180292484853e-03,7.373288414295342541e-02,1.493141526180166601e+01
-1.585693839802238339e-02,1.766468581639766069e-02,1.500201916237191035e+01
7.103992571651444876e-02,-1.185609506590824952e-01,1.507650981885925034e+01
-8.117044809542982298e-02,-1.013165940097874723e-01,1.505142712353439371e+01
2.923492675530584353e-02,5.113012889777302644e-02,1.504271620775320351e+01
4.163554088737617814e-02,3.342706947692563463e-02,1.507133057259220266e+01
6.068670955583841536e-02,-2.079749925372139860e-02,1.499358473117024282e+01
4.212641324321446910e-03,-5.388498029069643813e-02,1.512164738160748634e+01
2.519256803179912001e-03,1.492324024459097676e-02,1.503016750904711074e+01
7.220483402551275409e-02,-3.383209142834030236e-02,1.501874226606687657e+01
-2.589770966712754210e-02,4.484694970149692705e-02,1.511157155933387131e+01
3.817565633480270865e-02,-2.181069100175780928e-02,1.508300558800981150e+01
1.826087764988408579e-02,3.426883412945423008e-02,1.506118271403491349e+01
3.336683201866040560e-02,-8.143904710356744334e-03,1.501153771203427922e+01
-3.190464257795223163e-02,-8.514617406577223643e-03,1.503276831771298383e+01
-4.225572064692164481e-02,-3.419952669417218594e-02,1.504697256977209463e+01
-1.387629047852423705e-02,2.328515437916561445e-02,1.502189208088601724e+01
-1.121603227841260451e-02,1.772661275422143107e-02,1.503125139881515260e+01
5.427068122214053630e-02,6.020596164261302757e-02,1.493457058213191146e+01
-4.287540334118926377e-02,7.366344092995033045e-03,1.503501482871548767e+01
-6.089232675267818029e-02,-2.026929520333379739e-02,1.501512292862820175e+01
6.303314337682721161e-03,-4.838289783175479808e-02,1.495074408074281358e+01
-4.314860366551084955e-05,-1.411398964830976391e-02,1.499591184329879212e+01
2.655731899483932540e-02,-8.416696060694844883e-02,1.497747959646024896e+01
-4.503186060996898672e-03,4.998965117091046673e-04,1.502386096986223230e+01
5.045756012765575949e-02,4.624571231109507463e-03,1.492991759132682716e+01
3.176111929544504775e-02,8.402637642485126512e-02,1.497393435208392276e+01
4.762136947326378600e-02,-3.999754053145478105e-02,1.499040561535797345e+01
1.133770152800469763e-02,2.294532148434986693e-02,1.496854118244994680e+01
-1.811774873820582235e-02,5.484386522591321034e-02,1.506193663504991953e+01
2.373458631155162674e-02,3.601543879699677791e-02,1.499219073181751760e+01
-2.979337993560944933e-02,2.844116765751299528e-02,1.503726798103054030e+01
-6.420289473568897842e-02,-4.949691369524752971e-02,1.507721363664484393e+01
9.542845057647919571e-02,-5.908206380116533783e-03,1.499402052795145224e+01
5.893470807055367026e-04,3.198826649105496883e-03,1.494891787383668103e+01
2.406561271901536472e-02,2.977793550749401053e-02,1.499823083589561890e+01
-2.918579904569260433e-02,-7.707167876812001488e-03,1.498926923033281788e+01
4.375153114414291090e-03,-4.399895977508942041e-02,1.503935173828250527e+01
3.051492162665615099e-02,-7.161978422152062707e-02,1.493329809921558393e+01
1.324463613446604827e-02,2.760958776105378390e-02,1.495302646201928631e+01
2.931469418776309205e-02,7.218673188601222590e-02,1.499922599865376149e+01
-2.821005010581634914e-02,-3.005426464629352284e-02,1.498273477493289896e+01
5.396813032159791107e-02,-6.250453793845272069e-03,1.497533831377331026e+01
-5.983957362143444564e-02,-5.686456875096911751e-02,1.504562588261947020e+01
1.133501642847664637e-01,4.810195307509013835e-02,1.501545903700889006e+01
-4.611971434606512536e-03,-2.921555137075622019e-02,1.502929271636113029e+01
2.016739661352641520e-03,2.387334324203195177e-02,1.505465249671724948e+01
-1.646482483905375646e-02,8.201565559482936613e-03,1.494363242661296098e+01
6.688781797206130864e-02,-1.482172748219458616e-02,1.497896343277627729e+01
-4.290316505049141665e-02,1.218222746958093870e-02,1.502994858931288924e+01
-9.726036442776243157e-03,2.141062363516239159e-02,1.495788851194019209e+01
1.814123190586732284e-02,-9.132077800144591806e-02,1.495577743519353930e+01
8.081294181016761247e-05,-2.558591949971228408e-02,1.500898821464547517e+01
1.647556638336833065e-02,-3.796691436978131412e-02,1.499475656545262581e+01
5.523543411828751339e-03,-6.097213733772029881e-02,1.498819865173232557e+01
3.737594401711817355e-03,-4.618394552898333338e-02,1.501850359826547177e+01
4.790017600435929855e-03,6.657351224068176754e-02,1.496233794277138252e+01
5.102455393281172397e-02,-2.075882595533196096e-02,1.500535821117282254e+01
-7.270277589953370867e-02,3.247593132730831195e-02,1.502257374983227045e+01
-1.447177921756762509e-03,4.656097875599960606e-02,1.497923674399805449e+01
-1.335630543373765057e-02,-3.192070895411440457e-02,1.500194606869850489e+01
-3.980512655095478497e-02,3.578753789423190067e-03,1.495661002001832252e+01
-2.691004959010634412e-02,3.357089291590434343e-02,1.498730237447615288e+01
-9.083637644910577680e-02,2.050331122122368843e-02,1.497618422133703575e+01
5.159150241883199602e-03,-4.668039966481891956e-02,1.499210256437885924e+01
-2.936814832987471799e-02,1.830757480010384436e-02,1.503704583189219157e+01
-2.528184091643060835e-02,-2.255626972380513941e-03,1.503882994025840780e+01
-4.540785329020900762e-02,-4.993343270112259730e-02,1.496613233352248606e+01
7.155488281127610206e-02,-5.382016530383770423e-04,1.500329756856474717e+01
3.116423396218257272e-02,-2.830292434034834687e-02,1.497495631203485189e+01
5.128487921005783073e-02,-1.347216900722158876e-02,1.495698115952441043e+01
-2.454045589494518662e-02,-6.917231231505345523e-02,1.500621472048808691e+01
4.831666649752400233e-02,-3.774419588324736535e-02,1.358688826104825154e+01
-1.339105567667085994e-01,-1.827341505826942086e-03,1.224319123639889462e+01
3.924071958372849639e-02,-2.648440582870804569e-02,1.092213253756309932e+01
-1.559746420844548842e-02,2.624675545441331956e-02,9.863311500782678820e+00
-4.498419726433877663e-02,-2.311611392356881234e-02,8.812440649513488822e+00
4.688330168849133561e-03,6.546157704241842290e-02,8.030426956329769439e+00
5.698459745178741098e-02,5.953438841388932617e-02,7.161221640753463014e+00
1.512074685389067953e-02,-5.759445046787169120e-02,6.530830727984398010e+00
1.170018622977942041e-01,-1.079471970537567577e-02,5.757989437144803269e+00
-2.450974824274120001e-02,3.046019954052338330e-02,5.278740604099349198e+00
-3.730842950380214296e-02,2.730449842748075215e-02,4.686385985272425003e+00
6.800830017879939959e-02,3.337328881220847504e-02,4.236573437474648429e+00
-4.270530950028386674e-02,-6.660851944090921510e-03,3.791859960778486638e+00
-6.084309248708974494e-02,-8.858970885511309110e-03,3.341128123218316759e+00
-1.270781925067401494e-02,-3.671430795517472475e-03,3.101245788141811843e+00
4.169128880592001471e-03,-8.446867187239855135e-02,2.730632701564007725e+00
9.236552451043126763e-03,-8.786214790167795607e-02,2.478525066228665530e+00
2.905932234013759718e-02,-7.517510578556788059e-02,2.284782948802874802e+00
-5.932281072815009243e-02,1.677270730709418123e-02,2.033577051227214660e+00
-7.093716911354031041e-02,-1.452147913175671004e-02,1.867567441486186697e+00
1.228260507753709124e-01,-5.526873807113059922e-02,1.605238037698330178e+00
3.032903600683088327e-02,3.624661455799940701e-02,1.470989876916315886e+00
-2.558445274198797512e-02,-3.358509456860914871e-02,1.325900251987403911e+00
1.158976912054772955e-02,-3.459319110374420303e-02,1.171164427301681021e+00
-2.145367654712210595e-02,1.157205992350843985e-03,1.136980017286480349e+00
-1.119799218626497603e-02,1.571490618961694091e-02,9.507477945370164107e-01
5.496306066785771466e-02,-4.865288108591375726e-02,7.931842278400270674e-01
-3.419892597072416579e-02,-2.179151807888106418e-02,8.525171953000898473e-01
-2.086812350957300069e-02,1.142622083159579825e-02,7.333559917386919258e-01
1.580850391750377934e-02,5.523061218562655417e-02,6.200177339860811765e-01
-2.718929155073430276e-02,2.561907842357509166e-02,5.759381641218460635e-01
-4.070959130178806312e-02,9.750867665170821069e-03,4.794211202531453719e-01
-4.265588594285243257e-02,-4.027608008326847427e-02,4.730731058646107101e-01
1.506966484554027319e-02,-1.042395101500851948e-02,4.234686748831009151e-01
2.621255590035288796e-02,7.153044142879095603e-03,4.232083924573167844e-01
2.233768005528450826e-02,4.343644035619174948e-02,3.584795115412956479e-01
2.493259845364246760e-02,-2.608571523491113806e-02,3.256594074980533882e-01
7.682211774028742564e-03,8.641890917578778919e-02,2.240450298151958064e-01
1.634370659470881990e-02,-6.762020099211460758e-03,2.664498237313880913e-01
-1.947005785875843484e-02,2.790827083423173469e-02,2.082270838838050364e-01
-9.537547925426551748e-03,2.050865443071947861e-02,1.778111818473999961e-01
-4.692964727119271207e-02,3.100740479177589715e-02,2.118444598085652830e-01
3.101938873258719073e-03,-4.767439779958591861e-02,1.971501294828762185e-01
3.618307695209150437e-02,1.602164226286117293e-02,2.483173180715484152e-01
7.619129595598461702e-02,1.591201258332286192e-02,1.418984642449955536e-01
2.038015703794593143e-03,-3.567681670836034963e-02,1.212246388483287918e-01
1.125972081192635685e-02,-2.180477673616581721e-02,6.343062416243260004e-02
-1.641017837007451713e-02,5.605778507814643957e-02,1.436991862687240218e-01
1.871694461115084619e-04,7.776556815964640913e-03,4.730445021091363167e-02
-4.054784959711692921e-02,-3.040691709044689509e-02,7.687169337758426035e-02
2.563022100638227829e-02,2.907355190733292710e-02,4.187354216475591695e-02
-6.424815970392989961e-02,-2.754065049973697041e-02,4.117294866350433569e-02
3.778756272090088610e-03,8.688042408496833569e-02,4.820079404684061292e-02
1.245312197972589380e-01,-9.487283312765380436e-03,1.349578259984236250e-01
-1.703113140453583248e-03,2.332806749181409733e-02,1.223005514124086979e-01
-1.407288718281964578e-02,-1.412164628458321969e-02,4.493496097639494702e-02
4.575659133460913131e-02,-1.422674001247854238e-02,6.094166902546288567e-02
4.675377286283844552e-02,-4.168006966046933909e-02,3.830126181769525490e-02
-4.726794988049036472e-02,3.401881015132895286e-02,6.818497839464091048e-02
4.367286806804394905e-02,7.128040417013332963e-02,3.712374664802353414e-03
-7.443570707141106135e-03,-7.516003559749608910e-03,6.916082771304904453e-02
-7.442727256435991041e-03,-4.563739570952283359e-02,3.069533411867575792e-02
5.975757586091892670e-02,2.399355365311734573e-02,1.046010529740367401e-01
-1.885718720612816063e-02,5.562501777420804372e-02,4.073613320317226449e-02
-7.675156864794001332e-02,-2.335909816887956746e-03,5.554227256083215519e-02
-6.125313043170896830e-03,-2.641143326706149597e-02,-5.705803424355579412e-02
-3.131631880615785152e-02,-7.834306164479402923e-02,-1.650296142078986825e-02
4.134035716655175968e-02,-9.787094761110566588e-02,1.133698925626020447e-02
2.078293436202277925e-02,5.503701262842666808e-02,4.451851288874668355e-02
2.956246511679005290e-02,6.493166519413404517e-03,-2.641319157883907642e-02
-6.751675011466100156e-03,-9.568199919387336549e-03,3.156776748664836402e-02
-2.799688661846086793e-02,-5.687561568128108452e-02,5.040534696057361042e-02
7.742491808194613447e-03,-3.200827574786451347e-03,-1.340490137412840566e-02
-1.447088246361895487e-02,-1.596583407575108415e-02,-2.209954020054877635e-02
-1.268146221887407610e-02,-4.600777370170199693e-02,2.719021626734259914e-02
2.731852544487987575e-02,3.039455175473455492e-02,-3.919773900571137809e-02
4.092334258680717374e-02,-4.588273381029898262e-02,2.204917340658456293e-02
1.899175949519588819e-02,6.153174230684783745e-03,8.717368887610123240e-02
4.568093449800088302e-02,-3.420787421550705587e-02,-2.347289881984100657e-02
3.751432196371163458e-02,-5.850393074927107834e-02,-2.334580581197632024e-02
8.086718538947941515e-02,6.292193528897899613e-04,5.369409607069468293e-02
-6.963434325109959036e-03,-1.549096686924180538e-02,-5.527796402245487017e-02
1.420048992729016323e-02,-6.208253662590283023e-02,-9.294622411445829444e-03
1.834651105644222527e-02,-6.225621605045253675e-04,7.822753927345854619e-02
-8.831614031901174194e-03,4.188324902459463622e-02,-5.609048953829306322e-02
2.858818745456719393e-02,-6.683496333110801324e-02,2.147636997370199960e-02
-7.257935353855538702e-03,3.484161241307765638e-02,-8.156898507388021802e-02
2.179421303928495614e-03,2.289479069965735109e-03,1.380245153635453227e-02
-7.009401504377915648e-02,5.937275368968644024e-02,2.819206088893966289e-02
-4.083922145273803650e-02,4.996433582534002410e-02,9.971571543353641848e-03
1.870052345879898506e-02,6.381048679652742694e-02,5.827822925212196650e-03
3.757146677955360958e-03,1.858210417530127556e-02,2.604495254763305664e-02
1.910174318217914072e-02,-4.299864251227346335e-02,2.282489754574651766e-02
3.122131513537527644e-02,-5.575546493012079052e-02,-7.289028589323408303e-02
-2.106858011791431021e-02,8.983696858525982293e-03,-1.788547388117194556e-03
3.525345988137370146e-03,-3.749582106210908039e-02,3.163331432044777253e-03
8.696480172500315603e-03,2.784996226223317509e-02,-7.551817511553826807e-03
9.065575128843659028e-03,-3.947527973841685051e-02,-2.466030886242660813e-02
-2.314564692445023053e-02,-6.048013319190596870e-02,4.336415652516677904e-02
-4.656854379359307017e-02,4.470081246262268271e-02,2.310889421908088760e-03
-1.775036454355223905e-02,-3.432641849738172352e-02,-5.698963470730573043e-03
2.020578199616020199e-02,6.083391524589620153e-02,4.933005098414910972e-02
7.127336237502955585e-02,-3.072974905433778839e-02,5.396307526534915855e-03
-6.079173377249914856e-02,-6.633526528824147672e-02,-5.189420235739215098e-02
5.915827461835730661e-02,-2.979138577375427602e-02,2.148418796610038380e-03
-2.322574790479588550e-02,-1.054769812893678778e-02,2.676300942586667259e-02
-3.696425498158022876e-02,9.950888318340501276e-03,7.003847834279587625e-02
6.952064490779177874e-02,-6.086668597054287200e-02,-2.947778479775663846e-02
6.101614692192119591e-03,-5.440109502213612280e-02,-3.486725620492827499e-02
3.223004069267975270e-03,3.389120021384120843e-03,8.669854678423950106e-03
-1.069062527428082769e-02,8.886278768327673244e-03,-5.441960126529366698e-02
-2.568251160241871722e-02,-4.049195573476110227e-02,5.808496073866320497e-02
7.447247423664743460e-02,5.379550547125041410e-02,-2.229759689771707715e-02
2.977833635278094235e-02,3.211707011539240847e-02,1.339423657706427517e-02
-7.622269198505916658e-03,8.757324020011485882e-03,3.757772001483451318e-03
4.613280898897745980e-02,-6.199111261419102932e-04,-5.497478870165864451e-02
-1.350597921387064818e-02,3.603507798412110968e-02,-1.765082158020611636e-02
-2.956053078339997489e-02,7.193063839334697118e-02,1.394491856341566714e-02
2.536458294680118963e-02,-4.444996993900205556e-02,1.091116447359146216e-02
4.554095177582784260e-02,-3.475089531168954610e-02,-2.589659310745096726e-02
6.412272038916180805e-02,4.397987726346459791e-02,1.370929661341099837e-02
-3.284985125410582602e-02,1.065401587362015678e-01,-2.744006044843185291e-02
2.204186676711781742e-02,4.460055191589031715e-02,-6.001915379015199115e-02
-1.496979096302488398e-02,2.898521328992426441e-02,8.255896027072888443e-02
-5.932007489281079793e-02,-1.393307125135317612e-02,-4.666822707928446751e-02
8.597995821358303536e-02,-6.367379974452155519e-03,9.802285212693246958e-05
-4.668445762652169428e-02,-3.739342304912404019e-02,-1.916202309355648616e-03
4.420933249097031004e-02,9.538187819811217230e-03,-6.251799602785475252e-02
-6.389360511608535576e-02,6.450105866322182468e-02,-7.315515284655900452e-02
1.089386029694226939e-02,5.658787375958036076e-02,-2.538759363212409956e-02
1.385244627716020714e-02,-7.531360797205320645e-02,4.428034565541429796e-02
5.192236879289777521e-03,3.869653345154621532e-02,-7.724338179552003858e-02
4.585137719617273303e-03,-4.216927125772241408e-02,1.085362124546972867e-02
9.846140746194671778e-03,3.257057786163835428e-02,-1.992975234061427833e-02
6.323177159387949157e-03,4.020176268877195119e-02,7.298196098596079762e-02
-4.036810824533028710e-03,3.330761721747757531e-02,9.170182193966998352e-02
-6.711673779982961496e-02,6.009349005854512822e-03,-1.281269673529242389e-03
-3.142851920637691060e-02,-4.563802972931515350e-02,-6.923362217471877578e-02
-2.771634746321503806e-02,7.232712838105699073e-03,6.420712482083907810e-03
-6.490906583792738216e-02,5.951171555531919316e-02,-7.112575772889768999e-02
-9.984966468587411215e-02,7.116104018192823122e-02,6.926792048594895834e-02
2.012317693987755729e-02,-2.678736909836098787e-02,6.959036894019105315e-03
3.813373168057229701e-02,1.526808501250492660e-02,3.994617354914385687e-02
-6.956005320380388365e-03,-4.627322301712501196e-02,9.516244856820101072e-02
-5.227255405153166667e-02,-6.313864207609128087e-02,-1.608427006413331098e-02
-1.879810014874329707e-02,7.967226832211437779e-03,8.222828285304852047e-02
6.336971294739303373e-02,5.821987299128389632e-04,-6.762793350539249293e-02
-4.120431438503036059e-02,1.581562927006728569e-02,3.065830650254346146e-02
5.341388791241546107e-03,-4.540353121324602198e-02,6.389373330485553261e-03
-7.033146872283746638e-03,1.524305463197937575e-02,5.945508308765926064e-02
3.458617048163182411e-02,6.781787468582187173e-02,-2.989172785996518228e-02
7.531368933523098497e-02,-1.561611431703803787e-01,4.136780500993037478e-03
3.298770569481604409e-02,-5.669422909740041462e-03,-8.220889566964560691e-02
5.620657258751434598e-02,7.286422145056997528e-03,-3.380348516981931950e-02
4.727930935646035282e-02,7.923767937407771855e-02,-2.834318550907786657e-02
-1.621952765674267161e-02,3.927077560935209044e-02,6.387452023858516958e-02
-3.772996918792938248e-02,-5.714838208190462995e-03,-9.422048569153815278e-02
4.115246077856406226e-02,6.132525434546231419e-02,2.684436189184230548e-02
1.881609221463741849e-02,5.463610839702761485e-02,1.573840419025976031e-02
4.197695934515538463e-02,-5.619422445578498015e-02,-9.071029815315569816e-03
5.026748612072363259e-02,-1.390739526180100744e-02,-1.559313738668574763e-02
-2.869540320464865346e-02,-5.847343304689021047e-03,-2.819060307881717312e-02
-2.783384040048928268e-02,-2.769178073363993964e-02,-2.571651401129714659e-02
-7.237654707002369459e-02,-4.998688285345928572e-02,2.120432923985962506e-04
4.482297583129513791e-02,-2.394003067121052916e-02,-5.953226699489694296e-02
3.444297461688137357e-02,3.904969198780715300e-02,3.092761227924207146e-03
-3.806515081121334548e-02,1.292102976140205393e-03,4.170348709564000722e-02
1.763420905896819282e-02,7.843249404975217998e-02,7.051744225750269934e-02
6.983756819067185595e-02,-7.795656477636563053e-02,-1.253627224249757345e-02
3.641957279634727013e-02,3.660743013478329894e-02,-4.484633628059976618e-02
2.519677579584535254e-02,-1.768723223402330095e-03,2.418802894279043023e-03
9.795144260405225234e-02,-4.200302168671941200e-02,3.250624310924763588e-02
-9.602029528664467878e-03,4.483907328201434256e-02,4.674323856303031280e-03
1.696241600305533129e-02,-2.289697670808864272e-02,2.199594642299047137e-02
-8.411133468212074471e-03,-3.499529030804823890e-03,-8.342369746902370334e-03
1.096177113476205951e-02,-2.841191164154513449e-02,7.320722760889186069e-04
-5.518989624839266452e-03,-1.188272005999916649e-02,2.772487863918494944e-02
-2.707614271214565244e-02,-1.991022312266770705e-02,7.494822104037274224e-02
-1.219507428496209925e-02,-2.490993064501284548e-02,-3.295664502514205479e-02
1.041660408583806353e-02,-1.215870382624072328e-02,6.774319572173556625e-02
-2.349557659654228324e-03,1.844248997820161634e-02,-6.673371159268711925e-03
1.474644402516584601e-02,7.499282536418561129e-02,-5.880276911113787100e-04
2.105827485787249362e-02,1.152483196332124669e-02,4.637347956509959429e-02
6.880418712354258171e-02,-3.271338925926880331e-02,4.635835757547936099e-04
1.761191597939451570e-02,-5.540687980916175065e-02,9.115888204055528493e-03
-2.881682515350571586e-02,-3.691193805975460235e-02,-3.248363532943119442e-02
-3.299098099061871514e-02,-4.832372913333828068e-02,3.406055694653749993e-02
4.600966022067156519e-02,9.215624701289362036e-03,5.196702173079717491e-02
3.918499701136728824e-02,5.751373977547563632e-02,-4.471301976307060638e-02
4.376702085247149293e-02,-2.261329517010399193e-02,-1.061057988669293350e-01
3.375511514500198484e-02,1.408182258985816830e-02,1.630003742594412705e-02
-2.879933698634071920e-02,1.127027596664827679e-02,-1.251108199341946503e-02
5.647568485818393880e-02,-3.877223214155187808e-02,-3.275839229832938626e-02
-7.210611999680403839e-02,5.153693321593509624e-02,5.051928198965169314e-02
2.716265773878176124e-02,-3.433489415815221737e-03,-5.832486845278026834e-03
5.672239748539900650e-02,-5.947885248451806328e-02,-8.423713066866778121e-02
-5.478201992077275789e-02,4.519318675540254238e-02,-6.528826259829742518e-02
-3.617044115041002234e-02,-9.782800714453025737e-02,-3.020389448157001500e-02
-9.454632235911175631e-02,1.774131122919717562e-03,4.134876646836002645e-02
-1.300414779968052034e-02,-1.757462973158026992e-02,-6.465951888388457580e-02
4.305752028910451307e-02,-6.587444852865623202e-02,-6.218663455558274405e-03
1.675570572603101230e-02,-3.320877404019569740e-02,-8.295645064138473801e-02
-6.123057199998278854e-02,-6.081176124055743398e-02,6.200619025396153505e-02
-4.737489464155739821e-02,-8.181974951995742498e-03,6.819911123568840605e-02
2.028008648176039819e-02,4.213812239657493269e-02,-2.834681113516395942e-02
2.677455690993733525e-02,4.027497343334333207e-02,-5.371642011815795127e-03
1.076631369915437286e-02,4.097813120985657753e-03,-3.219638824379366521e-02
-6.271227965822881618e-03,4.650215623631193118e-02,-2.696451927104800625e-02
-1.925211700231627479e-02,3.707878544368400225e-02,5.564993859807660509e-02
8.329417967913937959e-02,3.346517681847227532e-02,2.103228133923491436e-02
1.301714897498170223e-03,3.314181553331305846e-02,1.091208979592974034e-02
2.883565420913941635e-02,-4.492925899813665636e-02,1.844451197851703153e-02
3.690741248486305998e-02,2.013328006474519524e-02,-5.186282498781742863e-03
1.850172319163061532e-02,1.459153364849788068e-02,7.288294462767398903e-03
3.225120901907496673e-02,2.770572973304390174e-02,-3.146879999965945807e-02
1.072257384695517457e-01,-4.471040919488451088e-02,4.116998695272869324e-02
1.654862601207582329e-02,1.183852691636158583e-02,3.635086102656801682e-02
2.930448054838248953e-02,7.322074979508396732e-03,-2.668095449917209580e-02
-3.639646015632861525e-02,5.507440794715215415e-02,1.076876968376486166e-02
2.620861708834187030e-03,-1.341716082346542695e-02,2.857836823204954607e-02
5.896406070375282554e-02,-1.982157719965255832e-03,-1.548410391737863046e-02
1.758270219641394280e-02,-6.030836838448404985e-02,8.853477814229080214e-03
-4.260829048356286342e-02,-2.110483513138415937e-02,6.717965678589063461e-02
-6.265874697789561645e-03,-3.222818155848087814e-04,3.352763442611208372e-02
-3.872147398941437613e-02,-7.050233300348202059e-02,1.482442990279046746e-03
4.626665198208106122e-02,-1.668860447512286044e-02,-5.516271368932550850e-02
-2.698026462439427967e-02,3.457677859315013281e-04,1.648542678816410437e-02
-3.891525641577726208e-02,-5.229761619779639548e-02,1.541998204296626644e-02
2.086702493674146876e-03,1.623521955349697260e-02,1.853486071446096978e-03
5.334108855952385958e-02,-3.326771786710634726e-02,-3.773548414228628661e-02
-3.738658249624434576e-02,-1.163986929395779413e-01,-7.591305601910956422e-03
-5.232840900025285957e-02,-4.504097590753385755e-02,2.466657778965195350e-02
8.938981229726324085e-02,-5.071863761821314431e-02,-1.436168496125415917e-02
-8.726348361306162163e-03,-6.430209726050926944e-02,-1.317129553271622310e-02
5.029763866106840703e-02,2.463586075361012123e-02,1.726647410860691900e-02
-3.893965484984771713e-02,1.924194181646572688e-02,4.443272925141011215e-02
3.086813095059569648e-02,-2.186690441700535684e-02,8.097027077319959160e-03
-4.301083731216353429e-02,1.855642014072451332e-03,-7.550405418715512573e-02
3.274653944755611182e-03,3.409058954862510121e-02,-8.840876823647059526e-03
-5.282279433454788176e-02,1.512364177023738966e-02,6.241618820329349060e-02
9.703633083346577606e-03,-2.911460249926729749e-02,-6.039214240205573875e-02
5.176307415555592151e-02,3.337917633743043427e-02,-3.536243808530668137e-02
3.619614193042830497e-02,-8.326852692057434835e-02,5.521284964989192287e-03
7.506866039234536686e-03,4.468104057813283847e-02,-6.093468292523407381e-02
-4.158322981870654633e-02,-4.842660420264977006e-02,2.773635411499333556e-02
5.800764358301354479e-02,-7.809409067968887952e-02,6.841268149898303841e-02
-7.654381506420896569e-03,8.720530798026648878e-02,-3.700301184951283739e-02
-2.915078245209030972e-02,2.259358865167494443e-02,1.412314079581505032e-02
-8.759128963802804632e-03,1.179616130465748619e-02,-2.481056792671955044e-02
-1.889854638198340542e-02,-2.182086412499460726e-02,-4.193831745877917710e-02
2.660164542977193000e-02,5.038130058246318571e-02,-4.790027563901692181e-02
-4.632624556735214644e-02,-1.520470624468070117e-02,7.057867418584967689e-02
3.118028951846966382e-03,4.519410246375755308e-02,2.364877235785301478e-03
-1.661489074606777375e-02,6.144828033550691487e-03,-3.225636775211095097e-02
7.977783993450310307e-03,5.452926760280329879e-04,-1.524365455877342785e-03
8.112141288954834162e-02,-4.360401999763411501e-02,-2.569354495669835727e-03
-1.849520576112425804e-02,-2.233701344804070454e-02,8.271864482111625227e-03
7.848748916266658215e-02,-6.996895415720114954e-03,6.632602358396150199e-02
2.779641083767743145e-02,-3.615807836773990425e-02,-4.006106032663266092e-02
3.465033385950574280e-02,-1.363575035098411187e-02,-3.037971666813096480e-02
5.929381492965039163e-02,-1.901597528974895840e-02,9.172940839785872005e-03
-8.671136988651670374e-03,5.224376985048612143e-02,-1.870764482398760628e-02
1.073540824146169449e-02,-5.451445192294691183e-02,-2.510794313530100366e-02
-2.244652719604552440e-02,-8.081376607877330254e-02,9.209251284397064171e-04
-3.930469715674679565e-02,2.504910201492110966e-02,-1.982667244671416917e-02
-3.254677554795333549e-02,3.299497728400662550e-02,2.382990601733598821e-02
5.423222740183118035e-02,-7.866471441086267391e-02,4.598158292381418488e-02
5.122036349535391900e-03,-5.750848184486231918e-02,-1.312123509152044072e-02
2.231916080674650402e-02,-3.535428021187365238e-02,-2.264998082191990031e-02
5.905777799503497336e-03,2.763476035750814155e-03,-2.351134388884928983e-03
-1.665151904094119145e-02,-3.808605343569493318e-02,4.194105799926403644e-02
-1.680520860665993960e-02,-3.800622210331138645e-02,4.338778327515716016e-02
-3.772293714642942913e-02,5.803197221733932820e-02,3.557167320289199991e-02
3.138738343836104672e-02,-4.527419859423378184e-02,-1.377937416742944753e-02
-1.036953202638195709e-01,-3.733355422050133043e-02,-4.784085218247770277e-02
8.184627977604481616e-03,7.817508512172904878e-02,4.550694467548152197e-03
-1.132391459112523091e-01,-1.010178297521979462e-01,6.454289858517024692e-02
4.687807459384352865e-02,3.434797732266058751e-02,2.999607476932099684e-02
3.490069622615889905e-02,2.961010021740236378e-02,-8.244488232062653285e-03
4.565232049188908126e-02,-4.081143833843553850e-03,-3.340141839898254361e-02
9.401690695389378766e-03,-3.449542449104175609e-03,5.171148690066765252e-02
5.493653814580383432e-02,-2.661704389758049599e-03,-3.583580993334491843e-02
3.497179483180821308e-02,-2.721339552188971334e-02,1.217662341590452363e-02
-4.469755103354793729e-02,-1.049411094226373672e-02,-2.995825406839060928e-02
6.315432173042595174e-03,-5.323424784990886394e-02,-1.487465785599779468e-02
-1.193104225145002854e-02,3.536142267659591470e-02,-5.882768658435181403e-03
-1.712595104479434915e-02,5.904320178127750451e-02,-4.472939178064746363e-02
-4.225945445287060398e-02,-3.917530925877563824e-02,2.261096916911949778e-02
-7.695784875698712113e-02,-2.138394370630833374e-02,2.474354268784817457e-02
2.716723348190808185e-02,-5.613053388231308005e-02,-3.030971609461793198e-02
3.410451439070192464e-02,-3.022836716342499827e-02,3.360210303670552873e-02
-2.498127512964018124e-02,-3.543710169947072303e-03,3.460949851389707316e-02
9.340997562837372384e-03,3.118370460595903254e-02,-1.414488197285606111e-02
4.609477060379617817e-03,8.579138628800149144e-03,3.291977960027584610e-02
-9.711797231422477847e-03,-2.162230010295892665e-02,6.682816752843325284e-03
-6.656105586590585835e-03,-6.752428674920708807e-02,4.557689521018173234e-02
7.662062348853481558e-03,-7.783126613424860840e-02,1.614202350892602646e-03
2.298673667191779985e-02,6.664013546695710111e-02,1.672396383179771198e-02
4.913368959953183512e-02,-9.025673525997077173e-02,-4.388404899019154870e-02
-2.336010687068041519e-02,4.358253091643205651e-02,-6.189733979409865749e-02
