mag_x (uT),mag_y (uT),mag_z (uT)
2.552416615555511115e+01,2.054606970758433349e+01,3.754221234654878714e+01
2.554489639242317267e+01,2.055509661480476424e+01,3.752326727559572106e+01
2.552807564522116124e+01,2.053737971500860837e+01,3.753370495603080315e+01
2.553914906838647170e+01,2.053375902666476094e+01,3.752107494605269267e+01
2.553102171259841668e+01,2.055691116473806090e+01,3.752116153091105843e+01
2.553402553274764486e+01,2.054689686872657717e+01,3.751304586001253227e+01
2.553806590548077793e+01,2.053014307245327430e+01,3.752282943103532631e+01
2.553174148516375297e+01,2.052792067165362511e+01,3.753747496434031916e+01
2.555242932712354431e+01,2.052170215863261760e+01,3.753066161979069193e+01
2.554443504739757032e+01,2.055123074369771885e+01,3.753357724886897984e+01
2.553026707851015686e+01,2.052491011122772591e+01,3.752017386959278156e+01
2.553511254944764275e+01,2.052110997653552005e+01,3.753625470122669583e+01
2.553893910497221853e+01,2.055733733244996486e+01,3.753272927245214419e+01
2.553749895330962261e+01,2.054773483939830570e+01,3.751591597631774277e+01
2.555206203085090166e+01,2.054282405041207582e+01,3.751439641891772681e+01
2.554100308840208555e+01,2.054033829758301621e+01,3.753741474924544974e+01
2.553459029001258074e+01,2.055135716672612389e+01,3.755521045164209681e+01
2.552202611392972642e+01,2.054031957810236975e+01,3.753125805160812689e+01
2.551917581237511001e+01,2.053105874785400431e+01,3.753634526354292689e+01
2.553686519065336213e+01,2.054109747930935725e+01,3.751635765862400973e+01
2.554280951118916576e+01,2.054131154864595388e+01,3.753181416425676531e+01
2.553376844033035908e+01,2.053656798727837085e+01,3.752545796509969733e+01
2.554141803153289558e+01,2.054856165831610326e+01,3.753758410894920416e+01
2.554071019502868012e+01,2.054513089126092495e+01,3.753952482277158254e+01
2.553587917590893852e+01,2.054318090090053062e+01,3.752811503121201753e+01
2.554487604048721749e+01,2.053490141029957883e+01,3.753297336811022689e+01
2.554261721766962268e+01,2.056018430516746776e+01,3.753158606672423048e+01
2.555631341482299845e+01,2.055024812527012656e+01,3.753829485847723646e+01
2.554988104042038444e+01,2.055924251431413552e+01,3.751892337479643658e+01
2.552420415255559405e+01,2.052870916736434737e+01,3.752398857666390342e+01
2.554084083593779653e+01,2.054805198598370097e+01,3.753428637289350434e+01
2.555486537581148809e+01,2.055327483565382352e+01,3.752244112165588064e+01
2.554156896055180681e+01,2.055239452536538280e+01,3.752040459548376106e+01
2.553688477609791718e+01,2.055085173039038082e+01,3.753766108488295572e+01
2.554720564290369822e+01,2.054331469351238226e+01,3.752394562538800216e+01
2.555602035730886001e+01,2.054740152576993495e+01,3.751703487876414300e+01
2.552347006257777906e+01,2.055438058998045747e+01,3.753206943577703925e+01
2.552400608570101781e+01,2.054286158885545532e+01,3.753230125225354641e+01
2.553938882687247514e+01,2.055881776874510081e+01,3.752696098747653508e+01
2.551511698382524784e+01,2.053473288159772991e+01,3.754129398237103032e+01
2.554111452917290492e+01,2.054616402896794725e+01,3.753052613318600095e+01
2.553767518063843411e+01,2.053701946348208551e+01,3.751785379717794910e+01
2.554336282000651437e+01,2.053386792285392204e+01,3.753685453871888456e+01
2.553663025549315790e+01,2.053750316326821235e+01,3.751201438095696972e+01
2.554110449878083955e+01,2.055367236778265294e+01,3.752182439197501651e+01
2.553689617110876497e+01,2.054918944615385001e+01,3.753220844155130465e+01
2.551631493467503020e+01,2.054889863523672489e+01,3.751726739183112613e+01
2.554809939184613299e+01,2.053864256669010402e+01,3.754271630594978149e+01
2.554035110164116062e+01,2.053182918605429919e+01,3.754612480844294709e+01
2.555927869137401132e+01,2.052128400428068034e+01,3.753381049411738246e+01
2.554050747081385353e+01,2.056152582716832811e+01,3.752901956400845762e+01
2.554248907259171020e+01,2.054884455652030439e+01,3.751636319234624040e+01
2.552821402333808010e+01,2.054572522974360993e+01,3.754260886034499833e+01
2.553347557219522912e+01,2.053659700000116217e+01,3.752509512913236733e+01
2.553662355534970274e+01,2.053441960239714348e+01,3.754206215574159700e+01
2.555473921447564223e+01,2.054328079656879424e+01,3.752864300307209788e+01
2.554324142555505617e+01,2.054773697425417822e+01,3.752976170328135908e+01
2.553935904075264318e+01,2.055309163271996908e+01,3.753077637408340195e+01
2.554575088891162693e+01,2.055416003085107590e+01,3.752860560678812618e+01
2.552536620311429516e+01,2.055060619667379740e+01,3.750475422405750692e+01
2.554035743998784014e+01,2.054839938389917009e+01,3.752460798820151666e+01
2.553902773051264319e+01,2.054969036835566953e+01,3.752416021925680667e+01
2.554122340801761482e+01,2.055094451699508440e+01,3.752052376782745569e+01
2.552541460134370510e+01,2.054890465400925592e+01,3.753390625800870595e+01
2.552579730635806854e+01,2.053308792204027000e+01,3.753140150528197694e+01
2.554207207362287946e+01,2.055354731282598379e+01,3.752854900586847009e+01
2.553590847295697941e+01,2.054466026441818727e+01,3.750815169788751291e+01
2.555170073182995694e+01,2.053623269788149130e+01,3.753733685713329038e+01
2.555826397757959612e+01,2.053069616331014302e+01,3.752494252336386182e+01
2.552652018811362566e+01,2.053398780148918945e+01,3.754989587723632383e+01
2.554066315553628641e+01,2.055057545510844363e+01,3.752225765077034225e+01
2.551973037358770213e+01,2.053089894547416705e+01,3.751836236191895324e+01
2.555032784533088019e+01,2.053786247102294737e+01,3.752837408614765735e+01
2.552467319127947931e+01,2.053321748337703667e+01,3.752875566105704053e+01
2.554850302711104959e+01,2.053383856993149692e+01,3.751986445582166141e+01
2.552849139637492470e+01,2.054206882384487187e+01,3.752562285922300589e+01
2.556564100574687259e+01,2.052934937170684648e+01,3.753129661740121037e+01
2.555064984882560708e+01,2.055045423428681062e+01,3.752162331773060799e+01
2.553907588536354467e+01,2.054312432106853947e+01,3.753813090080037540e+01
2.551990709294085491e+01,2.053977397592656473e+01,3.752722743901912139e+01
2.553334162899654558e+01,2.054103061444735090e+01,3.753461346900711959e+01
2.553382777600438303e+01,2.052808144744908248e+01,3.752704847822072765e+01
2.554990565411290504e+01,2.054324866982939568e+01,3.753381002711083170e+01
2.553702664227031605e+01,2.055445987222455173e+01,3.754352058887396737e+01
2.553150534319427578e+01,2.053194621831231004e+01,3.752697451307980003e+01
2.553772650653193210e+01,2.054500239818553453e+01,3.755103567651638485e+01
2.554726931940956192e+01,2.054224347485499180e+01,3.752995405102937099e+01
2.553435465421884487e+01,2.054659511846230657e+01,3.753180360771632706e+01
2.554603428067814264e+01,2.051940184698741376e+01,3.752093292399953128e+01
2.554863874932968315e+01,2.054561924948868779e+01,3.751033958110964051e+01
2.553641998542892111e+01,2.054526795001447681e+01,3.754178136440498292e+01
2.552501784837674492e+01,2.054069483540953556e+01,3.753326001823928237e+01
2.554291302546934972e+01,2.055253377564197947e+01,3.754301533687812054e+01
2.554635998854244505e+01,2.053665863243398704e+01,3.752570522620521842e+01
2.555006160538198046e+01,2.054395218493502995e+01,3.752486197699003156e+01
2.553414881993314012e+01,2.054171646371211324e+01,3.754747380434042725e+01
2.553785752223698324e+01,2.054313843064394973e+01,3.752118120829279491e+01
2.552961165628368434e+01,2.054282150550634967e+01,3.752884371017754006e+01
2.555403072744812931e+01,2.054633666682915916e+01,3.753280498948547006e+01
2.553389366001150762e+01,2.054415451800759129e+01,3.752590584108745730e+01
2.553042203809265231e+01,2.052105524724601793e+01,3.750957405082291274e+01
2.553576325026528693e+01,2.054108246301196772e+01,3.752612263500685685e+01
2.553989433863566916e+01,2.052296088756346037e+01,3.752273484368989642e+01
2.555789492269873264e+01,2.049646289639461827e+01,3.754240143373207417e+01
2.558838355359060657e+01,2.047493669136811434e+01,3.752818553024816595e+01
2.562513775098732438e+01,2.044388411439456021e+01,3.751674851373667252e+01
2.562897939354093424e+01,2.042106507966824580e+01,3.753472721386418698e+01
2.564776452546986008e+01,2.038410124868195439e+01,3.751388558002830820e+01
2.569097671861933563e+01,2.035155776399292549e+01,3.753681149106748904e+01
2.570837722092266731e+01,2.031828418690959026e+01,3.753173028453599613e+01
2.578557137334605187e+01,2.024152365640297191e+01,3.753329215187039125e+01
2.578623705545950529e+01,2.021722097987655076e+01,3.753987523977887264e+01
2.581873609958560323e+01,2.015402787276430630e+01,3.752953017338099784e+01
2.587392248730295563e+01,2.010966927013945593e+01,3.751903525062174083e+01
2.592879609377116168e+01,2.007040784183417159e+01,3.752606780265801234e+01
2.595510372279684574e+01,2.002227083387668927e+01,3.751550584895070983e+01
2.598521791061597597e+01,1.996924523588969080e+01,3.754810013465534979e+01
2.603713486082550332e+01,1.990488256983949711e+01,3.752865816750438199e+01
2.607754524152783304e+01,1.982926011337130134e+01,3.752199057838563334e+01
2.614070695123479737e+01,1.978986142898817846e+01,3.753113547226720215e+01
2.616169117062349159e+01,1.971883130940792128e+01,3.753027225155958746e+01
2.621817510891744973e+01,1.967701745450923667e+01,3.751319980457129333e+01
2.628107640117703880e+01,1.958844676506906879e+01,3.753123953205811603e+01
2.630291204233394353e+01,1.953089862389983011e+01,3.753674879899455874e+01
2.636795571376851655e+01,1.946840415198177965e+01,3.751289297327321748e+01
2.640330108055217906e+01,1.943149937166446861e+01,3.753076547296106469e+01
2.645950517613391639e+01,1.934083781034755845e+01,3.754897222958845049e+01
2.652073269368945319e+01,1.929593712665948857e+01,3.752238168593724765e+01
2.657026573343328479e+01,1.920937461430922610e+01,3.752231553313235679e+01
2.657671306324702343e+01,1.914258505359614659e+01,3.753281249148187726e+01
2.663695876063864887e+01,1.905661782599608145e+01,3.751591924163594172e+01
2.668071151848061362e+01,1.901942204289299454e+01,3.752268154544783130e+01
2.673507237928529534e+01,1.895082285251879028e+01,3.753330456480175314e+01
2.678885601188247279e+01,1.889226141090108513e+01,3.753364483322658174e+01
2.683981423883257378e+01,1.880077007344157280e+01,3.753086819851965572e+01
2.688734260744847404e+01,1.876238231170539450e+01,3.752420953884602994e+01
2.692043607500641045e+01,1.867206881943465646e+01,3.754183372838301835e+01
2.698057052613075868e+01,1.860197505365973569e+01,3.751623108530991857e+01
2.702443982605515771e+01,1.853160456277027990e+01,3.752667253275652115e+01
2.707785812485126442e+01,1.843965574143904718e+01,3.753008398612254126e+01
2.711985190036887516e+01,1.839567800763575534e+01,3.752885570312320596e+01
2.717262029673268842e+01,1.832774255667381169e+01,3.753813925432626775e+01
2.721601819015829449e+01,1.825108041105641732e+01,3.753895597434051012e+01
2.728276809765980460e+01,1.819112423559340996e+01,3.753881255840370557e+01
2.730507654202259360e+01,1.811621330242754624e+01,3.752251318294904792e+01
2.734523314214949608e+01,1.802761125015138077e+01,3.750985031932033564e+01
2.740705548274628356e+01,1.797607861349378311e+01,3.753679013076959592e+01
2.745288598189574003e+01,1.790473355397819333e+01,3.752331083892899954e+01
2.748867124823823360e+01,1.783372520041579179e+01,3.752627275067043655e+01
2.757041136811008997e+01,1.775902643999734920e+01,3.752094127735093565e+01
2.759383718708715350e+01,1.768284547049639244e+01,3.752117127717217926e+01
2.764459910439295598e+01,1.760760222377171758e+01,3.753695350782719231e+01
2.768973853589842804e+01,1.754027400071690224e+01,3.754560313442031116e+01
2.772657402446047570e+01,1.746988629879109922e+01,3.753529133468628487e+01
2.777544324189019420e+01,1.738410756464062601e+01,3.754568791388135907e+01
2.782152172020509795e+01,1.732356713144768534e+01,3.752848831049340816e+01
2.788143596480670183e+01,1.725891654946784115e+01,3.752420450866731727e+01
2.792336382833911657e+01,1.718589200118259086e+01,3.753382283887874138e+01
2.794961936444974526e+01,1.711816684886638740e+01,3.754312170547078154e+01
2.800338832742867368e+01,1.702251688923422890e+01,3.754389142582233774e+01
2.805611591283864925e+01,1.695062150827583380e+01,3.752449598562238009e+01
2.810718581634225899e+01,1.687508823688014559e+01,3.754716872668785754e+01
2.813579467907053200e+01,1.682616060141422665e+01,3.750552721124843458e+01
2.817954685436891538e+01,1.673445964417920351e+01,3.753875876307387216e+01
2.822209318884240048e+01,1.665089777974481677e+01,3.752646641476479772e+01
2.826398427407837133e+01,1.661223912161141669e+01,3.753619036694350086e+01
2.830047180309436428e+01,1.650650411186908428e+01,3.752820221000341405e+01
2.835712399135227102e+01,1.646571740063661338e+01,3.755073493557227948e+01
2.840235467167049421e+01,1.636631536479420390e+01,3.751841901839176785e+01
2.844180078001624068e+01,1.630811005231894484e+01,3.753299702648608616e+01
2.847230854857159699e+01,1.622659459133991788e+01,3.752348892501046151e+01
2.852478107766541271e+01,1.614098625520877306e+01,3.752287413446681086e+01
2.857275158080599908e+01,1.608026768610580248e+01,3.750072889414281718e+01
2.858268759852846586e+01,1.600428035850661246e+01,3.751337843367177527e+01
2.864853487551374656e+01,1.592100251633995178e+01,3.753603784771551943e+01
2.868310781461538994e+01,1.583378080665375442e+01,3.752313711148763531e+01
2.873311278524340295e+01,1.577100716227317712e+01,3.754082918464572316e+01
2.878780982374044228e+01,1.571149700707214514e+01,3.753031057729197073e+01
2.882863553709551141e+01,1.562039084882475493e+01,3.754256114003359102e+01
2.885291651907263955e+01,1.554133052868217746e+01,3.753971251484944816e+01
2.889526029553407938e+01,1.547032987857491193e+01,3.752525228229691123e+01
2.893063820318513280e+01,1.539034022522624845e+01,3.753211415706392984e+01
2.898634835623096606e+01,1.531546858798269994e+01,3.752110632835685067e+01
2.901664979674558609e+01,1.523952655182217342e+01,3.751557119678198404e+01
2.904757216369538142e+01,1.516337918867872503e+01,3.752663462765779911e+01
2.909135833812776184e+01,1.509622705920543417e+01,3.752509300347822574e+01
2.913682399071644724e+01,1.502007571704642253e+01,3.754353369160152454e+01
2.917413599283440817e+01,1.493613085963074916e+01,3.751788835210716400e+01
2.921244911239203290e+01,1.486077248860230071e+01,3.752935256955015575e+01
2.925336230027455997e+01,1.479582265411353070e+01,3.754646772737030602e+01
2.927683750336098356e+01,1.471457863146556200e+01,3.753172799053311337e+01
2.933243344425784471e+01,1.463989521405360428e+01,3.753205650949936967e+01
2.935990262810774709e+01,1.454927073810444504e+01,3.753620259573310847e+01
2.941562823857709219e+01,1.448397126454016437e+01,3.752264209346223112e+01
2.943636833682661447e+01,1.438591227211020573e+01,3.752843271057894725e+01
2.947620863752936060e+01,1.434733500524014538e+01,3.753817622723700964e+01
2.951068397744488436e+01,1.423882997194773736e+01,3.752881097206302030e+01
2.954937946141348348e+01,1.416281392729353961e+01,3.752814003186853142e+01
2.959267554854567095e+01,1.409167457817309810e+01,3.753605185038587422e+01
2.962630380511705042e+01,1.402191970453468706e+01,3.754779061636346427e+01
2.968338376992664251e+01,1.395451108764609316e+01,3.753662360417883548e+01
2.968780280297878349e+01,1.385094003630228343e+01,3.752913434471577858e+01
2.973598839857410780e+01,1.375010750129631987e+01,3.753420603999418148e+01
2.977655419569909867e+01,1.369577286852576314e+01,3.754379330009439997e+01
2.979651933260810281e+01,1.361731740533968527e+01,3.753522608833693397e+01
2.982375709762149896e+01,1.354338692732760130e+01,3.753001061356946622e+01
2.987898042036240653e+01,1.348028685829926054e+01,3.754360491228528218e+01
2.990861667000225310e+01,1.340175495400731620e+01,3.753393289986938441e+01
2.994688401285302248e+01,1.331270769132435738e+01,3.753795346951983447e+01
2.998269215052015113e+01,1.322485860828940751e+01,3.753006248253595345e+01
3.001930921754803094e+01,1.312597630100588653e+01,3.752896534112277749e+01
3.004566943735452611e+01,1.306149188338508793e+01,3.753447577177986005e+01
3.008978413734812563e+01,1.300365817140976610e+01,3.755090305580065291e+01
3.011508677564460967e+01,1.292020538972327515e+01,3.754075697401501799e+01
3.014182402103921277e+01,1.283995657065877971e+01,3.752645653688605876e+01
3.019340799779490681e+01,1.275820934849078014e+01,3.754820716997226526e+01
3.021926897983059135e+01,1.267054487096931581e+01,3.753502555246873840e+01
3.024652182341359818e+01,1.258193970642722448e+01,3.751166364266597242e+01
3.030674477675743717e+01,1.251538522320985791e+01,3.753465199122519635e+01
3.031774223521562206e+01,1.241646966004952901e+01,3.751655299542808564e+01
3.035914024201600725e+01,1.235059887055945893e+01,3.752481425795261316e+01
3.039311656189062560e+01,1.228374884446844106e+01,3.753450397728035171e+01
3.041954567721459313e+01,1.220254790127625455e+01,3.752705764594048787e+01
3.045355152666075327e+01,1.212357596001552729e+01,3.751617387154379912e+01
3.050167774932752351e+01,1.205087881625169288e+01,3.753748489605811045e+01
3.049916899091821421e+01,1.197156747607106730e+01,3.751477288581845926e+01
3.054590027055157364e+01,1.188647056418559877e+01,3.753879121777531935e+01
3.055905987669284229e+01,1.181580927942350812e+01,3.753758656747368860e+01
3.060351754881333619e+01,1.171853444794226462e+01,3.753897113069991320e+01
3.063576813128211285e+01,1.164967531672673218e+01,3.753203205066431281e+01
3.066327217416739970e+01,1.156768827026818691e+01,3.752719380093306256e+01
3.068104859395480233e+01,1.148490631436885856e+01,3.753157837149824161e+01
3.072550310094419501e+01,1.140738266057688755e+01,3.753353006853925677e+01
3.075236965860202787e+01,1.131866859536329351e+01,3.753761842589963038e+01
3.078852908655073861e+01,1.124188288740124442e+01,3.753873106014027172e+01
3.080239923676840519e+01,1.115456075123655921e+01,3.751921698728958887e+01
3.083971014815197265e+01,1.108272826802644673e+01,3.751188639820644255e+01
3.087250608508889371e+01,1.100648976964518155e+01,3.754432421916843055e+01
3.091504687300166054e+01,1.091111679389791611e+01,3.753584209334271549e+01
3.092610857950096559e+01,1.083036019087388269e+01,3.752537361569970642e+01
3.095157257863988676e+01,1.075240388812219727e+01,3.753618103146584417e+01
3.097656050370048675e+01,1.066700999776725745e+01,3.752298604181655151e+01
3.100080308488743697e+01,1.061812905612077529e+01,3.751137747813354650e+01
3.105955203877114101e+01,1.052124189960386857e+01,3.753108435261773934e+01
3.107649549605254435e+01,1.042511402724746539e+01,3.751052674159056721e+01
3.109576888792240723e+01,1.036050612013043803e+01,3.752903110443065060e+01
3.112641084582961071e+01,1.026039134186642521e+01,3.753457919738245607e+01
3.116283229198664984e+01,1.018656638142944537e+01,3.753169197304948312e+01
3.118635718670324763e+01,1.010286090025619110e+01,3.753643539148400521e+01
3.119546232652453455e+01,1.001641551066852642e+01,3.754099185488352219e+01
3.121114923707408551e+01,9.946432605507359526e+00,3.752598655178201881e+01
3.124960045451358681e+01,9.877180200731379145e+00,3.752796146055120374e+01
3.128893111758272738e+01,9.773849875038676416e+00,3.754082212992446443e+01
3.131960742085302840e+01,9.697346028763307757e+00,3.753052096002949867e+01
3.131554084828978901e+01,9.606583148502945591e+00,3.753531561014008844e+01
3.137046541247330822e+01,9.539144540677769513e+00,3.751886786346141633e+01
3.137851154472649284e+01,9.448634602294356810e+00,3.753322931902338411e+01
3.139842992561227319e+01,9.366310017573521662e+00,3.751478570585771877e+01
3.143176649828330227e+01,9.305271847360796045e+00,3.754377732270670975e+01
3.145379516099639616e+01,9.207848596708450017e+00,3.753819752557493672e+01
3.147379852545432044e+01,9.123315897661141705e+00,3.754433920325516283e+01
3.149689456413016941e+01,9.037667138191734395e+00,3.751329548076110143e+01
3.154076239880394184e+01,8.956302822654997442e+00,3.753617646306219768e+01
3.152511308000495305e+01,8.875524987619801465e+00,3.754030114000460827e+01
3.156148806725789768e+01,8.797341651469155366e+00,3.753710136858460089e+01
3.160646862130423784e+01,8.698155245213305520e+00,3.753624134248375555e+01
3.162288338361670270e+01,8.639560174608558185e+00,3.752215738442786375e+01
3.165114089280239185e+01,8.545956259163016711e+00,3.753104134571358941e+01
3.166735914725845191e+01,8.447951571034037599e+00,3.753736779596810891e+01
3.168359927707770041e+01,8.378214505379338206e+00,3.753249526696856719e+01
3.170463458467430584e+01,8.309269426739810172e+00,3.752641631113701237e+01
3.171274071893967417e+01,8.211208472441471784e+00,3.753522029717326802e+01
3.175056255869982280e+01,8.123819747383130618e+00,3.753659467701218233e+01
3.177181718836439472e+01,8.034551307101436279e+00,3.752387217972555788e+01
3.178436334083906090e+01,7.955614921927735672e+00,3.753260193962101710e+01
3.180194028921211213e+01,7.895501881856042736e+00,3.751463709862298401e+01
3.183758619514974342e+01,7.814928786418779971e+00,3.755376838972307496e+01
3.186181009249223806e+01,7.711149239865571658e+00,3.754601991258731175e+01
3.187065872310265746e+01,7.618811096706765262e+00,3.752679181372308648e+01
3.188192793143613102e+01,7.547836118543634676e+00,3.752788097280306800e+01
3.189971573819136452e+01,7.461418775816508031e+00,3.753258532956215276e+01
3.192594556946725959e+01,7.384035439809462531e+00,3.753412296417575078e+01
3.195865061754473757e+01,7.294605148706631681e+00,3.751877650755530169e+01
3.196045560078130521e+01,7.215388931549848728e+00,3.752981785870084508e+01
3.198900431036310010e+01,7.138985370750970283e+00,3.753456269277822344e+01
3.200335205371725067e+01,7.044509675396504633e+00,3.753325660914762807e+01
3.202920361094847834e+01,6.949141907324750456e+00,3.752757348071574484e+01
3.204157090586944179e+01,6.886284120134797071e+00,3.753781899539100664e+01
3.205945635931507098e+01,6.794842372259012109e+00,3.752215310930601788e+01
3.209169018716349342e+01,6.712210086530860487e+00,3.753874656228700246e+01
3.210206144599763434e+01,6.631245595676473314e+00,3.752508774988785945e+01
3.212332377396477767e+01,6.535187171533901385e+00,3.753401736519418108e+01
3.211952039114865443e+01,6.439818026181448829e+00,3.753651680459191198e+01
3.216165073219325876e+01,6.370324923687523899e+00,3.753082867829309777e+01
3.216958140177961667e+01,6.258953160173760466e+00,3.752772502790069353e+01
3.219000136976176663e+01,6.214869082768990971e+00,3.752768519571561256e+01
3.220041771267144526e+01,6.116275778316806466e+00,3.754456186993063938e+01
3.222187969329273471e+01,6.037610277043733653e+00,3.752670440460941137e+01
3.221830811842846742e+01,5.935696928500393987e+00,3.752741728231244167e+01
3.226155168591015610e+01,5.862747353705040965e+00,3.752375306449614101e+01
3.226259711004870923e+01,5.797664189871621687e+00,3.755213309782262598e+01
3.228503143644231699e+01,5.696160545831791211e+00,3.753573022113229740e+01
3.229402801326453698e+01,5.622427281583370018e+00,3.753910240834095902e+01
3.229515579490747257e+01,5.549746911002861438e+00,3.755238303769494479e+01
3.232100250248436879e+01,5.442915255789650075e+00,3.754587533500123442e+01
3.234534460252953636e+01,5.365117059929847443e+00,3.753806934968206832e+01
3.233951770999171060e+01,5.269630145110607344e+00,3.754297572202981570e+01
3.235082937134782100e+01,5.182349042902083980e+00,3.752607203125018742e+01
3.235944533968551440e+01,5.103018275286729910e+00,3.752436575367406846e+01
3.238074191827169557e+01,5.029199759685420545e+00,3.750555648073310522e+01
3.239557421061036990e+01,4.949912654585088667e+00,3.751936465813628274e+01
3.240609161225553692e+01,4.859759989850577000e+00,3.751641390849892588e+01
3.243921441341146306e+01,4.752841372343072912e+00,3.751695387318464725e+01
3.244679370112709194e+01,4.669968698895123893e+00,3.752867891695853331e+01
3.243972132141921350e+01,4.599905192848582125e+00,3.751963919194104591e+01
3.245072893596015717e+01,4.498743149471504665e+00,3.754556374950148268e+01
3.247442010279280566e+01,4.427354475939792700e+00,3.753692108910769321e+01
3.247984927987760528e+01,4.321083784077770495e+00,3.753947961495110519e+01
3.250295787676262194e+01,4.254715017564462798e+00,3.753372375325077570e+01
3.249551610141273983e+01,4.168224214687431761e+00,3.753946069851663481e+01
3.251756866988592520e+01,4.097195075538268227e+00,3.754388784646932464e+01
3.252877817718944442e+01,3.999394252267082894e+00,3.752953818454474799e+01
3.254731538987198292e+01,3.920316298831686197e+00,3.752933307172744293e+01
3.254917787836070886e+01,3.829340297408946991e+00,3.751288138295193164e+01
3.255912085671411660e+01,3.764856947377125174e+00,3.751186921646706196e+01
3.257801499868929795e+01,3.667266816168301968e+00,3.752410158751992952e+01
3.260667871476172763e+01,3.564037981412491618e+00,3.753083486426549342e+01
3.259522876142808911e+01,3.492136287003002160e+00,3.752825751650065911e+01
3.260801587912128241e+01,3.400541590849362805e+00,3.753743590416430465e+01
3.261071392160215510e+01,3.312165254357408273e+00,3.752990697531264885e+01
3.261260398863635146e+01,3.234293143271611104e+00,3.752496469366089826e+01
3.262330027389620568e+01,3.159961565319606702e+00,3.752617560401839825e+01
3.264379893621113382e+01,3.050922009904530441e+00,3.752642675941513772e+01
3.263349105069990941e+01,2.962117925772593363e+00,3.753620674739367047e+01
3.265187583456914666e+01,2.897055977173698338e+00,3.753624444010260675e+01
3.266098781694155662e+01,2.807658055816595333e+00,3.752044885050415246e+01
3.266946170523528536e+01,2.733756939626927895e+00,3.753283105221309057e+01
3.266661677585108947e+01,2.625515633121171977e+00,3.752841508516405611e+01
3.266897184142656130e+01,2.548160364946595813e+00,3.752422539066575524e+01
3.269827575153507127e+01,2.453061075658971912e+00,3.752240552485116609e+01
3.268734361863469218e+01,2.374604489489089865e+00,3.753319045547533506e+01
3.269315289912314881e+01,2.296684778508301772e+00,3.753051783341091863e+01
3.270169240591954463e+01,2.201627135740614083e+00,3.752866384123002774e+01
3.271755006394574394e+01,2.133520487695210743e+00,3.752882733446453045e+01
3.270771049365316685e+01,2.047269750183406956e+00,3.752630603342196025e+01
3.271798693468460328e+01,1.946528406684455037e+00,3.753962489479581421e+01
3.272074394875185988e+01,1.861105394756843445e+00,3.752488877036682879e+01
3.271666036499678398e+01,1.785252521048641183e+00,3.752296793734736013e+01
3.272807367594948147e+01,1.683265072168648402e+00,3.753963819877552766e+01
3.273008137819312680e+01,1.616225724793200813e+00,3.752813593885114329e+01
3.273541258327398396e+01,1.500350253571913539e+00,3.752299632093131265e+01
3.274661272262172673e+01,1.447256291349546364e+00,3.752135368969460671e+01
3.273506333939959489e+01,1.353481269675657295e+00,3.752199254619085877e+01
3.276541537911972313e+01,1.265962980529116155e+00,3.752258599320476407e+01
3.274672987230113819e+01,1.178983684562250556e+00,3.751470169305971325e+01
3.276714571922924790e+01,1.091004628126332143e+00,3.753649973508617421e+01
3.276711475990209976e+01,1.013160650093898996e+00,3.751481841084156343e+01
3.276396590383630780e+01,9.166003460678165959e-01,3.752936840905750415e+01
3.276113398933065923e+01,8.417070688205718909e-01,3.751152403164904570e+01
3.276072808051000607e+01,7.370009075397964127e-01,3.753048783373046149e+01
3.277232592666126010e+01,6.528876926434532546e-01,3.752792700473550980e+01
3.276562734764073781e+01,5.643952022174479888e-01,3.754830421279197594e+01
3.276751950990406925e+01,4.872138805219182189e-01,3.754478074428513423e+01
3.277325251775185677e+01,3.984958746485346981e-01,3.751729173485641411e+01
3.278136032589778637e+01,3.319812223622816139e-01,3.754021564266590616e+01
3.279132579027170635e+01,2.396766115815576470e-01,3.754235720715011126e+01
3.278413823491350598e+01,1.409919638345655257e-01,3.751739669094247631e+01
3.276900744925201536e+01,4.431832516244174625e-02,3.751377566013421472e+01
3.276394392865622507e+01,-1.853056195218338864e-02,3.752777779304886963e+01
3.277536406844973982e+01,-1.171183539620517244e-01,3.754105734208725664e+01
3.275067670345388393e+01,-2.061821212591942176e-01,3.753812978518575960e+01
3.277526959250929650e+01,-2.796213978357188212e-01,3.752966485176932565e+01
3.277227457251650122e+01,-3.644602137615637893e-01,3.753352330996358432e+01
3.276847409353832319e+01,-4.467455783762708244e-01,3.752046946143152439e+01
3.275194571256881915e+01,-5.243475128380109540e-01,3.753591814285739048e+01
3.276942158189678622e+01,-6.230200863946397938e-01,3.752237520615044275e+01
3.276560800061472634e+01,-7.112425779447572038e-01,3.755479840227248189e+01
3.277466419704445855e+01,-8.007822268846082059e-01,3.752561773841365067e+01
3.276224889490065806e+01,-8.849911098538946197e-01,3.753185299457798152e+01
3.276936648498284654e+01,-9.556218672580721885e-01,3.752966990930310942e+01
3.275191747577011370e+01,-1.036645259821868503e+00,3.752973213028096922e+01
3.276038156544783675e+01,-1.149911073586186383e+00,3.754179695953663298e+01
3.276096662826616068e+01,-1.223477159608618914e+00,3.752870620320127415e+01
3.276131648146923681e+01,-1.312767964411678978e+00,3.752492532096188427e+01
3.273262166697432463e+01,-1.389220735513026384e+00,3.754321939649344131e+01
3.275026714294950381e+01,-1.485462447378719020e+00,3.751840739483331078e+01
3.272710659203017514e+01,-1.570371173738883019e+00,3.752006476940009350e+01
3.274630854264798074e+01,-1.650158956007919508e+00,3.752911969691949423e+01
3.273836124738082276e+01,-1.744478478194277704e+00,3.752452631657797610e+01
3.271342015393474156e+01,-1.822933154587283777e+00,3.752692852920954181e+01
3.271627883543393267e+01,-1.887078710414201277e+00,3.752579791661285213e+01
3.272067883115164477e+01,-1.997158421417607466e+00,3.753795114810303346e+01
3.272556391586494584e+01,-2.090074172736855029e+00,3.754581833769263710e+01
3.270191972149212489e+01,-2.178790609979574189e+00,3.752940500190435813e+01
3.271085182681848380e+01,-2.252848911494731432e+00,3.752345917632505490e+01
3.269322203892755851e+01,-2.335384731308619344e+00,3.752937089625264377e+01
3.269430064363272237e+01,-2.422334776860554317e+00,3.751037586133583090e+01
3.269226128183680657e+01,-2.498401148199958399e+00,3.754675531243418618e+01
3.265773793951671422e+01,-2.616005646646876404e+00,3.754271013148949265e+01
3.267347563113793285e+01,-2.702326144343881076e+00,3.752466562855016718e+01
3.265708224897113610e+01,-2.769102433444331712e+00,3.752423517598069935e+01
3.263925157872817806e+01,-2.866594011704292289e+00,3.751572287147278928e+01
3.265245162680128743e+01,-2.930006854700167640e+00,3.752449555821727500e+01
3.263255544452600532e+01,-3.038502691086693464e+00,3.753540200601673149e+01
3.263213937999255165e+01,-3.107207747907943851e+00,3.753085304872424643e+01
3.262363566694317996e+01,-3.184803021622944375e+00,3.752917076308968092e+01
3.262557048815753546e+01,-3.261479617521565455e+00,3.752136584453612045e+01
3.258213492758651597e+01,-3.360945994292820149e+00,3.751794775679901761e+01
3.258763034815491011e+01,-3.463596100154602286e+00,3.754505568609451416e+01
3.257864027541752705e+01,-3.520624022028392641e+00,3.753539505411904287e+01
3.256863839176835995e+01,-3.619203667018402903e+00,3.752747629366853488e+01
3.256644545850557648e+01,-3.691357296831819568e+00,3.751897321241928296e+01
3.255953067777698351e+01,-3.800657332347451955e+00,3.753831694097192440e+01
3.254538482836477442e+01,-3.880671537581056096e+00,3.753677680836455011e+01
3.253247310013726690e+01,-3.985232393629851710e+00,3.755218008612042269e+01
3.252321195924105979e+01,-4.042921218490408641e+00,3.753001761610893539e+01
3.250258365772469205e+01,-4.123834199815459733e+00,3.752905686539097729e+01
3.249098001783606549e+01,-4.216922933515000693e+00,3.754241398667505081e+01
3.248827545778235049e+01,-4.301469977933641609e+00,3.753973749280812200e+01
3.246585758686418188e+01,-4.378528384668400442e+00,3.752699182012705847e+01
3.247613614171452667e+01,-4.449785585627163087e+00,3.751789311491130974e+01
3.247112900595882934e+01,-4.558221868413949274e+00,3.754509729046232991e+01
3.244907909098040477e+01,-4.634702669229420202e+00,3.751993987593781554e+01
3.242576589013641097e+01,-4.727367778217484329e+00,3.753414903966293537e+01
3.241921265533063234e+01,-4.820246715364111090e+00,3.752299407633810802e+01
3.241109641543377506e+01,-4.898018515948738383e+00,3.753750759997322461e+01
3.239445719570010596e+01,-4.972080406726148816e+00,3.752961090204458827e+01
3.238233726589397321e+01,-5.060386633403449075e+00,3.752712966497617231e+01
3.237285154598353643e+01,-5.166402261979957444e+00,3.754458134893328491e+01
3.235501502654940964e+01,-5.234679963488226839e+00,3.752979122811429846e+01
3.236123254999079535e+01,-5.311385237024611961e+00,3.752440168471027704e+01
3.233205914439547968e+01,-5.407020791463790665e+00,3.752949299696761898e+01
3.231325116883898829e+01,-5.479957399986096434e+00,3.753313489617147525e+01
3.229308488820782230e+01,-5.587428058422124977e+00,3.754133947265827231e+01
3.227417173835727482e+01,-5.656990665360313919e+00,3.753982205868097566e+01
3.225965269831915094e+01,-5.730250883093616743e+00,3.752485852971003055e+01
3.222464056889187844e+01,-5.832355721178049457e+00,3.754511984358239829e+01
3.224272445338085902e+01,-5.914443361458001647e+00,3.750310317600744270e+01
3.220409035789494823e+01,-5.987666853495319685e+00,3.753832379375158013e+01
3.219911178701507737e+01,-6.065311239581447467e+00,3.753993934815063938e+01
3.218196165738870462e+01,-6.156066771269350646e+00,3.752195592642762989e+01
3.218845118667661609e+01,-6.265954797948641186e+00,3.752479402608525305e+01
3.214731771754674128e+01,-6.350204387402996531e+00,3.751944724708829426e+01
3.215232530603457661e+01,-6.447239786941764805e+00,3.752672636356312807e+01
3.212917858841583296e+01,-6.489672472135705306e+00,3.754301183583054780e+01
3.208114719910849999e+01,-6.599183491794985201e+00,3.753352550547796085e+01
3.209738106575891692e+01,-6.670541854849202146e+00,3.751717806878172468e+01
3.208147148124601244e+01,-6.751396879335188395e+00,3.753299256145504614e+01
3.203815498688032903e+01,-6.844837724701918091e+00,3.751790561723723272e+01
3.202944495123777813e+01,-6.911016192468295571e+00,3.751874896724312691e+01
3.201555800498307747e+01,-7.013209013786797286e+00,3.753696103400405804e+01
3.199834458059959630e+01,-7.084032770355578990e+00,3.754001376213163610e+01
3.197832680310087028e+01,-7.165176232931426803e+00,3.752779009606987159e+01
3.195542961715927177e+01,-7.242335636236473917e+00,3.752557398257409460e+01
3.194115774935821150e+01,-7.343164485707196931e+00,3.754381782655887179e+01
3.191418028530761575e+01,-7.405855495489832130e+00,3.754146957368089943e+01
3.189513342552992015e+01,-7.499527360932652265e+00,3.754770417720093434e+01
3.188650599176470735e+01,-7.603779689647449658e+00,3.752840705215862727e+01
3.186665111564969877e+01,-7.672918919830298279e+00,3.752316945042402097e+01
3.182835296272879688e+01,-7.745721568086866071e+00,3.752793941226202890e+01
3.183225512954605207e+01,-7.844314445605504282e+00,3.752181508247460329e+01
3.179770747418830368e+01,-7.937951690000907945e+00,3.753042510533413179e+01
3.178344384808827527e+01,-8.011508235168248504e+00,3.752574632548692790e+01
3.175494541556534145e+01,-8.094982074253708859e+00,3.753275247521139590e+01
3.174004094987766322e+01,-8.179349608618993628e+00,3.753896783986964891e+01
3.172328861081749452e+01,-8.256696843260403540e+00,3.752869420831297731e+01
3.170468682882029654e+01,-8.346975256395035458e+00,3.755244646890787408e+01
3.168028892757409665e+01,-8.423669739667522194e+00,3.753095244816547194e+01
3.164164454647056957e+01,-8.502692241651006455e+00,3.753303512291545729e+01
3.164271881371934825e+01,-8.582785575559883640e+00,3.753266251372511420e+01
3.161595118880067545e+01,-8.681921683067933770e+00,3.753189357594887099e+01
3.159332965229695844e+01,-8.742697832248685685e+00,3.751936377008519941e+01
3.156764007918726378e+01,-8.826021715973686455e+00,3.752320644078515244e+01
3.156254735218974261e+01,-8.929265148381844597e+00,3.753695378117411252e+01
3.150323308574971293e+01,-8.988483872695294252e+00,3.754719431702800847e+01
3.149547130683274432e+01,-9.095276696515922410e+00,3.752378940159371723e+01
3.147147289001929593e+01,-9.158234790659825819e+00,3.752971470854989633e+01
3.145169247151505587e+01,-9.251382080401238994e+00,3.753968213932506615e+01
3.140896012661862713e+01,-9.325597500686674479e+00,3.752442670328483132e+01
3.141094154651155179e+01,-9.422169848569824424e+00,3.751217852387367202e+01
3.137382828457738171e+01,-9.509853474538019213e+00,3.753019839942047753e+01
3.134785129984663499e+01,-9.594662016899951240e+00,3.752346792954767807e+01
3.132760252954252422e+01,-9.669414764674543861e+00,3.755263121257128489e+01
3.129137203935069778e+01,-9.749744838514738277e+00,3.752442839454095491e+01
3.127141440133787498e+01,-9.828398633607907442e+00,3.753068946880100043e+01
3.126284633298229210e+01,-9.916036908101029113e+00,3.754017860452575661e+01
3.120711607067453386e+01,-9.970654104133281237e+00,3.752554419539936248e+01
3.119366630475778734e+01,-1.005910959223423262e+01,3.752568395851184846e+01
3.116993431816809235e+01,-1.016284722556457609e+01,3.754236196711181606e+01
3.116526438586164716e+01,-1.022970028761896266e+01,3.753186194429966349e+01
3.112313124563728906e+01,-1.031675845586362072e+01,3.753739409163195972e+01
3.107223379772888805e+01,-1.038919052676736143e+01,3.752194424171116793e+01
3.107033063291471819e+01,-1.048163985102750040e+01,3.751345581120533268e+01
3.103142947130247009e+01,-1.055673738770141945e+01,3.753764228634804567e+01
3.099650241472613743e+01,-1.065380591324902149e+01,3.752742937345018248e+01
3.096479470501207842e+01,-1.071055798700951200e+01,3.753935051535216161e+01
3.095317617672248289e+01,-1.079283246827676379e+01,3.751756841943509357e+01
3.091553702873723708e+01,-1.088452898706245620e+01,3.752254287065943572e+01
3.090243576705770678e+01,-1.097063599801460576e+01,3.752091281317461124e+01
3.084473165045912069e+01,-1.103600891669183248e+01,3.752156177930032044e+01
3.083816751531898248e+01,-1.112552067163634462e+01,3.753840281272763946e+01
3.083079640818296241e+01,-1.120407313306844976e+01,3.752939750746528347e+01
3.076476616987449475e+01,-1.128652858030280015e+01,3.753859673380948436e+01
3.074050510138711090e+01,-1.135241275654940907e+01,3.752995088500875909e+01
3.070986515200593558e+01,-1.144948007348250307e+01,3.753819459624945409e+01
3.067710898882805282e+01,-1.152153148666493188e+01,3.752898474423222552e+01
3.063267565285794092e+01,-1.160844749383810104e+01,3.752265200850903426e+01
3.063370036486966796e+01,-1.169788272061229861e+01,3.752218914232515345e+01
3.058349429899326921e+01,-1.176149973349333067e+01,3.751199079785723711e+01
3.056050597089289056e+01,-1.184735606874710889e+01,3.753410796479201395e+01
3.052765208990292223e+01,-1.193224233407176982e+01,3.753764590578458638e+01
3.049390455709900749e+01,-1.200620737664051241e+01,3.751040906194450031e+01
3.048343530512672572e+01,-1.209074896050396930e+01,3.751383141515414366e+01
3.041806806979862543e+01,-1.217320764304119152e+01,3.753586115574243820e+01
3.040091635680003890e+01,-1.223886332458287818e+01,3.751895759652360596e+01
3.036405027866264916e+01,-1.231795118808742551e+01,3.752642760309661440e+01
3.033625426843965300e+01,-1.240865656902130887e+01,3.752489713275036110e+01
3.030410959251187819e+01,-1.249599956513939425e+01,3.752207254997471608e+01
3.026097986525613948e+01,-1.255885039945927417e+01,3.752184099482354895e+01
3.022675342971436407e+01,-1.266144672647152269e+01,3.752492823226933183e+01
3.021394208071068377e+01,-1.270583722953972483e+01,3.753271415914040432e+01
3.018438683066479555e+01,-1.279134522243800909e+01,3.754449663267593706e+01
3.014549534931473929e+01,-1.288841627748021956e+01,3.754343656710628352e+01
3.009212606522115863e+01,-1.295890173510487919e+01,3.754653885249425826e+01
3.006804291545342167e+01,-1.304141785273194820e+01,3.751828227020273232e+01
3.004605952516354606e+01,-1.312694116816068224e+01,3.753140200152436989e+01
2.999733174293598026e+01,-1.318845402088919272e+01,3.754464409043694673e+01
2.996343456254929194e+01,-1.326800501090257889e+01,3.753221565742668986e+01
2.992013406082069338e+01,-1.335707314066440965e+01,3.752390733013545798e+01
2.989406221708374289e+01,-1.342596075357965368e+01,3.751899478489178819e+01
2.985930351063436206e+01,-1.351518634542979136e+01,3.755396939827812730e+01
2.983651071147781053e+01,-1.358385936726329746e+01,3.752756402432179783e+01
2.979122079499243725e+01,-1.366887627782984715e+01,3.752968117355485589e+01
2.974413234421037444e+01,-1.374588638039930188e+01,3.752518040253829668e+01
2.972335576833924975e+01,-1.381131867678017144e+01,3.751022372087184209e+01
2.967627801841962309e+01,-1.389104101011534986e+01,3.752687760755157598e+01
2.963204901008164072e+01,-1.397894091330881849e+01,3.752208779391300197e+01
2.960180283451767380e+01,-1.405163832020222081e+01,3.752423628630123886e+01
2.958307227653750360e+01,-1.412263765934400617e+01,3.751765214906598800e+01
2.952510720514580456e+01,-1.422413315600107175e+01,3.751689420352939663e+01
2.951241744109734455e+01,-1.428510265458927542e+01,3.753113309680123422e+01
2.946637550465781175e+01,-1.435837570290433263e+01,3.754661607363867404e+01
2.941041690049529223e+01,-1.443484163280341903e+01,3.753328000243692486e+01
2.938084660957440164e+01,-1.451938531009277433e+01,3.754728764566329602e+01
2.933515961938133287e+01,-1.458282055980350478e+01,3.754761344432657211e+01
2.931593873872662570e+01,-1.466484459576585309e+01,3.752351353862183458e+01
2.927236459629992638e+01,-1.475707684965648170e+01,3.753424377148363789e+01
2.922717006387302874e+01,-1.480281312412978423e+01,3.753005798077634125e+01
2.919069177639767432e+01,-1.489150833847643085e+01,3.753347082171529792e+01
2.915789144206975436e+01,-1.497080072743904289e+01,3.750331540049627677e+01
2.911294293301157410e+01,-1.505509450430080953e+01,3.755282014416460612e+01
2.907862495092668809e+01,-1.513801865500645327e+01,3.753140249653885263e+01
2.904183287928997714e+01,-1.520084457315932269e+01,3.752971159224733810e+01
2.900322561452673753e+01,-1.527520635416654571e+01,3.754057161590557001e+01
2.893973739052930583e+01,-1.536537368440608198e+01,3.752533608457600423e+01
2.891965707121974205e+01,-1.540933835402684160e+01,3.753317363999114775e+01
2.888389722736608078e+01,-1.548228019827641511e+01,3.751293660102248850e+01
2.883918857711630324e+01,-1.558025132503548527e+01,3.754845190621623630e+01
2.878055430148599214e+01,-1.566093037174998059e+01,3.752071783691216211e+01
2.875221393440697781e+01,-1.574049796519269329e+01,3.751770310544093689e+01
2.871339409436745882e+01,-1.581693768332214489e+01,3.754428115328478555e+01
2.866310179787319257e+01,-1.588705452354247960e+01,3.753417177296125118e+01
2.861515371237606686e+01,-1.594823705567074867e+01,3.751960874044819150e+01
2.860554157550952681e+01,-1.603913876061610821e+01,3.753605636593061945e+01
2.855218763613252619e+01,-1.611271564108200849e+01,3.751785620532572096e+01
2.849548347640129364e+01,-1.617951570770905079e+01,3.753704221738068014e+01
2.844400528982928833e+01,-1.625995790878438285e+01,3.753172006864554078e+01
2.840849234812773716e+01,-1.631174535224308286e+01,3.754033293801711579e+01
2.836574735701840311e+01,-1.641557269615362813e+01,3.751810595623492617e+01
2.832360649742037495e+01,-1.647654507913212285e+01,3.752999823699911985e+01
2.828041372205663251e+01,-1.656354559327587950e+01,3.752811009314926594e+01
2.823139933335911778e+01,-1.663817592264655332e+01,3.754110093912554902e+01
2.818688599255055749e+01,-1.671014956261632278e+01,3.754543849367127706e+01
2.818364303049023789e+01,-1.676332962625224710e+01,3.753031237691675415e+01
2.811150382453843832e+01,-1.684551646447915729e+01,3.752985878812295795e+01
2.807088356899776116e+01,-1.693342592116172796e+01,3.754711218221574853e+01
2.803437279398576010e+01,-1.698492238703854795e+01,3.752522339425605225e+01
2.798258389508262667e+01,-1.707908729594080199e+01,3.754378002030856720e+01
2.795105866885225865e+01,-1.712639677316561659e+01,3.754110723446747500e+01
2.788828088084312995e+01,-1.722175266065416466e+01,3.753491576702869281e+01
2.785063629055860090e+01,-1.727681629179672740e+01,3.751463540936737218e+01
2.780079078745806953e+01,-1.734515646076640394e+01,3.750874325539061971e+01
2.773797489978961295e+01,-1.743245845454358900e+01,3.752659373990683633e+01
2.770505808756561450e+01,-1.750357462427604105e+01,3.752847949480874234e+01
2.766954214724675865e+01,-1.757509069866531703e+01,3.754184592304083878e+01
2.761423882631259374e+01,-1.765674679293734783e+01,3.751978522863729637e+01
2.756611216969028533e+01,-1.771915911834947721e+01,3.751649010269785833e+01
2.751715570234519248e+01,-1.780362137255558608e+01,3.752195542708961540e+01
2.748619595715238262e+01,-1.785398475071569280e+01,3.753214700516270597e+01
2.743824363795395982e+01,-1.795395641396604702e+01,3.753515888240556109e+01
2.737672652708525334e+01,-1.799588311693119635e+01,3.754744770580984436e+01
2.733744880689190992e+01,-1.808318139976331551e+01,3.752897695473530604e+01
2.729897332412954469e+01,-1.816587105181023176e+01,3.752539084697074401e+01
2.725120750363823419e+01,-1.824360378911829983e+01,3.753078395202656026e+01
2.719797501023079178e+01,-1.830457492142293319e+01,3.750499775302721872e+01
2.713896998984270681e+01,-1.837892701707695409e+01,3.752677588894096061e+01
2.710334047296232995e+01,-1.843683618706352334e+01,3.752430006021119624e+01
2.704745651801368211e+01,-1.852485331733713281e+01,3.752843908855128774e+01
2.699194421893967188e+01,-1.859556922421075598e+01,3.753023780441184698e+01
2.694881796306415112e+01,-1.865753277057397952e+01,3.751901759163385464e+01
2.690457568094964458e+01,-1.872701659796514306e+01,3.750005105389109161e+01
2.685778844433101042e+01,-1.879220760491507747e+01,3.752862097443338740e+01
2.679874812611019053e+01,-1.886913913024532619e+01,3.752611724090394318e+01
2.674105329785865237e+01,-1.895002065113465051e+01,3.753616135149096777e+01
2.669285263322010948e+01,-1.899128844077909761e+01,3.750649073798518174e+01
2.665678388278866251e+01,-1.906338893133390755e+01,3.752739260861840620e+01
2.660252935167244814e+01,-1.914555191120883748e+01,3.751950317444432415e+01
2.655398035751647612e+01,-1.921941385283011883e+01,3.754566802814272819e+01
2.649021676383166835e+01,-1.928423372685919901e+01,3.754223870179312428e+01
2.648341224601308852e+01,-1.935014985921362651e+01,3.752211234775604254e+01
2.638864560089945854e+01,-1.942527037739950657e+01,3.751163086703713390e+01
2.635679037871600983e+01,-1.948526156949526111e+01,3.753265889539059685e+01
2.631034297675380174e+01,-1.956705768330979467e+01,3.753595624867653413e+01
2.623680103086756432e+01,-1.962673719421006524e+01,3.752480522158371201e+01
2.618573802606475098e+01,-1.968727749505040947e+01,3.752313794898270771e+01
2.612970419518000043e+01,-1.976359626575965223e+01,3.753485110090941390e+01
2.608741271120863203e+01,-1.983443285832208858e+01,3.751498942252275270e+01
2.605222459079311292e+01,-1.991810321143815088e+01,3.754617061606233364e+01
2.598858244838200449e+01,-1.998700151753106979e+01,3.753133701055796934e+01
2.591136690875204351e+01,-2.003111746061642506e+01,3.753446177988566745e+01
2.588796598282231542e+01,-2.010197480701535255e+01,3.753752428195059565e+01
2.582819597274008316e+01,-2.018765592059942904e+01,3.753132063816657649e+01
2.578222575484786105e+01,-2.025507977394949677e+01,3.754587324610395171e+01
2.572493923766064228e+01,-2.030114757513611679e+01,3.753273972657910207e+01
2.565300815883976426e+01,-2.037067367568094767e+01,3.753996976222767046e+01
2.561967835387841674e+01,-2.044528852141777264e+01,3.752563307814589422e+01
2.556826380154715395e+01,-2.049793689278407882e+01,3.752809045681420486e+01
2.552563049946752827e+01,-2.058568932236945415e+01,3.753499908034914512e+01
2.546239420050396873e+01,-2.062846184589691489e+01,3.752577556364438749e+01
2.538581617142001434e+01,-2.071512933750863539e+01,3.753115996218092931e+01
2.535410538352904908e+01,-2.079147678950390699e+01,3.753008681320956441e+01
2.530781460797052773e+01,-2.084326263363092480e+01,3.753476108670557920e+01
2.524828503237661081e+01,-2.091197811664669359e+01,3.752408040814247414e+01
2.518782401271342763e+01,-2.097428082830860063e+01,3.752011389849671019e+01
2.513079712435725810e+01,-2.103815013501573006e+01,3.753387595067219706e+01
2.506656869880834648e+01,-2.110298051958519139e+01,3.753627818904982405e+01
2.502286153700035598e+01,-2.116864032262552797e+01,3.752754587249216200e+01
2.497869703270971442e+01,-2.124620249620647172e+01,3.753032258119086606e+01
2.491678510133021618e+01,-2.131559238312440741e+01,3.750834983789683008e+01
2.484100044388215878e+01,-2.135814167778386974e+01,3.753309680311617313e+01
2.480271087749750336e+01,-2.143009486191080271e+01,3.753029716001367433e+01
2.473204584360150804e+01,-2.149024496026192210e+01,3.753964770220107283e+01
2.470312347217332061e+01,-2.155584002604129523e+01,3.753578306287656119e+01
2.463046046818165991e+01,-2.161684282852037597e+01,3.751776539297114255e+01
2.455748218976584241e+01,-2.169581593713358458e+01,3.752582981988392419e+01
2.450983699591290943e+01,-2.174482003602371449e+01,3.752421649157798811e+01
2.446045962399671581e+01,-2.180917249279695014e+01,3.753912816303723332e+01
2.440977858749080553e+01,-2.189661688898732805e+01,3.754828130971104372e+01
2.433957784253877321e+01,-2.193837067025943455e+01,3.753272945490819268e+01
2.428407102539139117e+01,-2.202065601778591741e+01,3.752646940497557182e+01
2.422377340402120183e+01,-2.208259082066386370e+01,3.753658283837814480e+01
2.416940486943227384e+01,-2.213072592154782825e+01,3.752566673234832706e+01
2.411057221061238565e+01,-2.221896224531456099e+01,3.752067088904423997e+01
2.404695612457392073e+01,-2.225179238924653191e+01,3.752179965765697744e+01
2.398998872605715249e+01,-2.233288124014213949e+01,3.753481983025245938e+01
2.394947180787449170e+01,-2.238719885018442213e+01,3.753359379565508647e+01
2.387634403362957869e+01,-2.245493382810359861e+01,3.753399674176743872e+01
2.380282685746247395e+01,-2.253500484390627889e+01,3.753450269635408887e+01
2.375909766315377425e+01,-2.257460814023335871e+01,3.753080547732704275e+01
2.369948627021117815e+01,-2.264316922180010749e+01,3.752581178444295062e+01
2.366239461191855753e+01,-2.269174791126178192e+01,3.753954341189080424e+01
2.355825508367134091e+01,-2.275632968528964994e+01,3.753031593453094672e+01
2.353614180223037167e+01,-2.283376738047162391e+01,3.750557787900401507e+01
2.346456999656165721e+01,-2.289920603947919275e+01,3.753793062765824118e+01
2.339884703814852074e+01,-2.294604894826843733e+01,3.753954796676732286e+01
2.335675200115749561e+01,-2.303345209859269005e+01,3.754286457112776532e+01
2.328017367723463238e+01,-2.306231697772742351e+01,3.753307917954774808e+01
2.324113252994125034e+01,-2.314261548130456347e+01,3.751121143112899148e+01
2.315325437932289177e+01,-2.318983358137109363e+01,3.751542809323603933e+01
2.310996558842774462e+01,-2.325923420934897834e+01,3.751572533611289373e+01
2.304151444142152982e+01,-2.333438062758162346e+01,3.752218292303746239e+01
2.298195083592052512e+01,-2.336830205658007387e+01,3.752576234055010218e+01
2.289862292843323743e+01,-2.342415515616063360e+01,3.752522353350570228e+01
2.285056080664358547e+01,-2.348915787864484983e+01,3.751830286891998867e+01
2.278548892217176558e+01,-2.354582808673630367e+01,3.753430717852882026e+01
2.272258475548583334e+01,-2.359906100485038749e+01,3.751621927046645055e+01
2.267379876616501022e+01,-2.367002377582814887e+01,3.752415288017347450e+01
2.259266598665999837e+01,-2.372223350937506936e+01,3.751543297078193007e+01
2.253974591362360158e+01,-2.378935345079531771e+01,3.754671709449517181e+01
2.247085013601823533e+01,-2.384536069159049987e+01,3.752413689975256261e+01
2.243124498482929141e+01,-2.391423979591747795e+01,3.753058155986254718e+01
2.235589127162450751e+01,-2.396873535613454109e+01,3.752790532911501487e+01
2.230420880374870052e+01,-2.401843559700400377e+01,3.751272476893881702e+01
2.225024081136037069e+01,-2.407417489528453203e+01,3.752063286495800298e+01
2.217104983650072825e+01,-2.415984176283228635e+01,3.752907590149359862e+01
2.211483985847204536e+01,-2.420653138028996665e+01,3.753685999579467847e+01
2.204866031870662724e+01,-2.425516701308054834e+01,3.751774288667724022e+01
2.198994031876023314e+01,-2.432608989560950619e+01,3.752385708168208112e+01
2.191781376054547437e+01,-2.436948624497485127e+01,3.753613572788588471e+01
2.185559955545247135e+01,-2.442437313687267064e+01,3.753802695747769036e+01
2.178643047234508501e+01,-2.450693534347949765e+01,3.753053375157335836e+01
2.171467039956286982e+01,-2.454573816599775071e+01,3.753983933149088870e+01
2.164397634098797951e+01,-2.459424700320157342e+01,3.753559883445338130e+01
2.159185494363372015e+01,-2.465712304574095981e+01,3.754585142537214182e+01
2.151460000456540200e+01,-2.469486725874277511e+01,3.753430116295947272e+01
2.145007543704966224e+01,-2.477922996065703742e+01,3.752790665826510264e+01
2.139937496063861744e+01,-2.484544159182561174e+01,3.753430923226041926e+01
2.134968543048535494e+01,-2.487633594383645885e+01,3.752209688161341461e+01
2.126593437723918711e+01,-2.494472311216755145e+01,3.753607295212702155e+01
2.121273896369544332e+01,-2.500530398798068887e+01,3.754518404043469815e+01
2.113734571008850338e+01,-2.504235887387116577e+01,3.753351104982915842e+01
2.107361323127482322e+01,-2.509185528669822318e+01,3.753263498508197671e+01
2.103372239926676102e+01,-2.514195038284376693e+01,3.753459816758237366e+01
2.095930959584366349e+01,-2.516677554771718661e+01,3.753136672133154406e+01
2.093496054105924742e+01,-2.522441368041796750e+01,3.751820157639122044e+01
2.088376784947332254e+01,-2.524340323770985961e+01,3.752003246799356617e+01
2.085150913951543217e+01,-2.529473665583712716e+01,3.754991452949622754e+01
2.085063528222828566e+01,-2.530908868547331991e+01,3.752779216306559107e+01
2.079907812773019060e+01,-2.532342286343286375e+01,3.752983155484756850e+01
2.076998865032613750e+01,-2.535522652204200611e+01,3.754013433728822946e+01
2.076746817519524058e+01,-2.536044633488102207e+01,3.753465758817628739e+01
2.071775565370304761e+01,-2.538496355532221926e+01,3.752827395957385903e+01
2.070618272797035431e+01,-2.539070471761130321e+01,3.752308480127234702e+01
2.069101502451723462e+01,-2.540089590553407817e+01,3.752633678046036891e+01
2.066861326647656583e+01,-2.543272100554092674e+01,3.752201733404079675e+01
2.066435121677253761e+01,-2.544129904101930251e+01,3.753137917717439365e+01
2.064845125070172926e+01,-2.543621029698478608e+01,3.753722503669773403e+01
2.064883551765048963e+01,-2.546272367483464194e+01,3.754982417980443898e+01
2.063197845013425180e+01,-2.547747546055503065e+01,3.754002634229105695e+01
2.063590533866423016e+01,-2.546000972730014311e+01,3.751078205867868576e+01
2.061642464982742950e+01,-2.547221104238586165e+01,3.751984720378656135e+01
2.060087901360196128e+01,-2.546060766340795212e+01,3.754092555681967269e+01
2.060839548911237173e+01,-2.550980308517848982e+01,3.754105353625693198e+01
2.060773888112512964e+01,-2.548392323194866194e+01,3.754147675341705082e+01
2.059544607125672400e+01,-2.549887991912057927e+01,3.753555716812283549e+01
2.058804415761719753e+01,-2.549670470473647299e+01,3.753308530569429990e+01
2.057094485394442174e+01,-2.551397779123988840e+01,3.752789355545612437e+01
2.056300568384287075e+01,-2.551936088010218739e+01,3.753029426181397099e+01
2.056372821763393333e+01,-2.551032155862238682e+01,3.751175365238896120e+01
2.058435781530880604e+01,-2.551829651334707449e+01,3.752904514101822997e+01
2.058062191860223678e+01,-2.553354940272122775e+01,3.751468838734385258e+01
2.056892777751886570e+01,-2.551865398767323612e+01,3.752946063527171816e+01
2.056817763751780603e+01,-2.551579765088354534e+01,3.754232048061906823e+01
2.056438056432599026e+01,-2.552633458074213735e+01,3.753355732141798740e+01
2.054473934043286221e+01,-2.552535109885491238e+01,3.752208783860496055e+01
2.054740800961934610e+01,-2.552854466008467682e+01,3.753095736302450547e+01
2.054889486714455060e+01,-2.552901248730355022e+01,3.753900030826674339e+01
2.055607913723231661e+01,-2.551261027334819076e+01,3.752315951877261568e+01
2.055690079040908103e+01,-2.552394125305549366e+01,3.752240561124360596e+01
2.055197356427306588e+01,-2.553375795614929089e+01,3.753437354867875086e+01
2.054845036674193182e+01,-2.552913078842230732e+01,3.751287473223341351e+01
2.054503371219172081e+01,-2.551772766635471612e+01,3.753479650635615172e+01
2.055852987243256536e+01,-2.554749459676892087e+01,3.753997928740218271e+01
2.054885244822689927e+01,-2.552220912606680869e+01,3.751553370144434041e+01
2.057271129114283781e+01,-2.553289250930245302e+01,3.752470014062321724e+01
2.055573008339856500e+01,-2.552444014487952373e+01,3.752588686240606819e+01
2.055637210507140011e+01,-2.554033206652470867e+01,3.753240318867690206e+01
2.055185418720853008e+01,-2.555061664047898162e+01,3.752098494856107891e+01
2.054660763444593030e+01,-2.553487354935888831e+01,3.753233953451449878e+01
2.054405617216962554e+01,-2.554440062021602387e+01,3.753008427328777685e+01
2.053788193038494470e+01,-2.553808846235538965e+01,3.753865178723992102e+01
2.055215737928617870e+01,-2.554265795594154653e+01,3.754162671680340679e+01
2.055337470522989562e+01,-2.555069493646598744e+01,3.753843750182743122e+01
2.055794685809087952e+01,-2.552045509917680377e+01,3.753170595113800800e+01
2.056635383036852360e+01,-2.551700649439863611e+01,3.752806817293060959e+01
2.055448107790299872e+01,-2.553665579493410931e+01,3.753073436791309803e+01
2.053582984889394325e+01,-2.554127626389181671e+01,3.754210209842543833e+01
2.052853294950477903e+01,-2.554658023292462943e+01,3.753028413954593390e+01
2.056491072047967350e+01,-2.553498397166384493e+01,3.753588132351359974e+01
2.053087193105093178e+01,-2.552627711443549785e+01,3.753353358755891378e+01
2.054224759319733451e+01,-2.554394399320941034e+01,3.753306811761304829e+01
2.054736591849514227e+01,-2.552718176773278458e+01,3.753314065918706177e+01
2.056346859062007226e+01,-2.553239764009234491e+01,3.752027849608839460e+01
2.052942512051646062e+01,-2.555310484724402542e+01,3.753201336088100959e+01
2.053676783703882691e+01,-2.554099911008021806e+01,3.751162232820561826e+01
2.054483522197443079e+01,-2.553967833078050020e+01,3.752895232896460698e+01
2.054097222096899245e+01,-2.554549590666724157e+01,3.751803911450274853e+01
2.054617881676701074e+01,-2.554066930637257471e+01,3.751681585653988549e+01
2.055482183793266771e+01,-2.553730906072471285e+01,3.754277417101957326e+01
2.055797969888679333e+01,-2.553047729991801162e+01,3.752354666527698868e+01
2.053215779432840904e+01,-2.552646029700258623e+01,3.752291021204723620e+01
2.054791367429011117e+01,-2.554440551122427649e+01,3.754124833670331185e+01
2.054494749085165495e+01,-2.554737297415021047e+01,3.752595183538038981e+01
2.054381175127808135e+01,-2.554552967917534900e+01,3.752542501992492419e+01
2.055182623110399120e+01,-2.554211136196244425e+01,3.754499313401327498e+01
2.054738095117041397e+01,-2.554090061305769055e+01,3.752403474090958468e+01
2.055738024378455719e+01,-2.553036002397123383e+01,3.753732528755710263e+01
2.054559819330106762e+01,-2.554583087812206443e+01,3.753672698847008604e+01
2.053588981381421519e+01,-2.553513590899702379e+01,3.752802048380797117e+01
2.053902296521805582e+01,-2.554090942900251804e+01,3.752159445145103689e+01
2.054260108497433279e+01,-2.553198871401617964e+01,3.754728628071767105e+01
2.054322197179862286e+01,-2.553469128481396311e+01,3.752761049553959793e+01
2.053544537115244495e+01,-2.551860542865794201e+01,3.752318654080552562e+01
2.054725776604585974e+01,-2.554545940926692182e+01,3.753292655413601864e+01
2.054051546881436963e+01,-2.554059301281022698e+01,3.754181179619109088e+01
2.053932230154097738e+01,-2.552721998838891793e+01,3.752651057060035100e+01
2.053075603104409197e+01,-2.554045098331081221e+01,3.752196524279968060e+01
2.054404424714692468e+01,-2.551576010499324099e+01,3.753931059367793921e+01
2.053413472699954312e+01,-2.554934546938446616e+01,3.751348745317594791e+01
2.055802667389115257e+01,-2.551842121587929313e+01,3.752434221521784252e+01
2.053332833394354751e+01,-2.553204145481142362e+01,3.754472294350294703e+01
2.053603722429405565e+01,-2.553759561753315666e+01,3.751437990732101468e+01
2.052302913753219471e+01,-2.554394967747193945e+01,3.752111367198414627e+01
2.052745816970523762e+01,-2.553715147628870241e+01,3.753837980954567399e+01
2.054437039683488564e+01,-2.553711560126316371e+01,3.752686306075813860e+01
2.054975076343812646e+01,-2.554850549903227019e+01,3.755541162130449351e+01
2.055800591110477882e+01,-2.553577464331212710e+01,3.754096956944531627e+01
2.054179100716267214e+01,-2.552235828752852953e+01,3.752874182267775893e+01
2.053480102628556025e+01,-2.555006384642365802e+01,3.753712936732472372e+01
2.053653854378877597e+01,-2.553929470697363513e+01,3.753333902394808064e+01
2.052020695417837715e+01,-2.554357695468757328e+01,3.754215922233388625e+01
2.051322464642104748e+01,-2.555761105580064907e+01,3.753443824688746844e+01
2.053275629792567258e+01,-2.553542544944876980e+01,3.753071231299946220e+01
2.054834967450148753e+01,-2.554857333223659310e+01,3.753565057461324272e+01
2.055216492197551759e+01,-2.552977878964989245e+01,3.753987625669532946e+01
2.053532551837823661e+01,-2.554879924566584037e+01,3.754103525700942612e+01
2.053320224570112629e+01,-2.554302843243010201e+01,3.751864413898368156e+01
2.054047867587824427e+01,-2.553630960225008195e+01,3.752434573510912941e+01
2.054296376290933424e+01,-2.555745473897999887e+01,3.752557515881341033e+01
2.054968037844413331e+01,-2.554449359707375677e+01,3.755513483618157267e+01
2.056475110024890540e+01,-2.553020139547485101e+01,3.753121989224626986e+01
2.055451692753777593e+01,-2.553053142360357342e+01,3.752762167522504200e+01
2.055423113418590830e+01,-2.554504903493701917e+01,3.752964951179748709e+01
2.053973765560419551e+01,-2.553022713609117744e+01,3.751653438562527754e+01
2.053161295071298298e+01,-2.552842839259128382e+01,3.753735190587661918e+01
2.053514547426455650e+01,-2.552295659889448132e+01,3.753732036301969544e+01
2.055496883502665284e+01,-2.555008117331308881e+01,3.753639175717221121e+01
2.054521802775368400e+01,-2.552168707396770131e+01,3.753586535161505822e+01
2.053015339643218340e+01,-2.554336174137640469e+01,3.752339542626490498e+01
2.054190784704465500e+01,-2.553459016463745712e+01,3.752427363721923115e+01
2.054796346092328818e+01,-2.553959942849128950e+01,3.753258523676522174e+01
2.054147417813497611e+01,-2.552788567416154208e+01,3.753467011238126361e+01
2.054924355685962212e+01,-2.552068478954373631e+01,3.753422451743625032e+01
2.052140141698949805e+01,-2.556106286559198182e+01,3.752855677843915316e+01
2.054268109592161906e+01,-2.552325361085134148e+01,3.752546573937581087e+01
2.052610843664248108e+01,-2.553386832148156671e+01,3.753036687682300254e+01
2.053732141515567733e+01,-2.552273094889680038e+01,3.754211562863087437e+01
2.054360532566154873e+01,-2.554522445930725638e+01,3.754376119585059257e+01
2.053359909336446876e+01,-2.553552026154974541e+01,3.752363452257488063e+01
2.053728154638748293e+01,-2.553114021746788254e+01,3.752855367025734523e+01
2.052664955502017108e+01,-2.555818289245042152e+01,3.752986555021120552e+01
2.055915780115613956e+01,-2.555850739310167796e+01,3.752138774851054848e+01
2.054373074976435376e+01,-2.554258179082820135e+01,3.752003547320564536e+01
2.053875520142143074e+01,-2.554648364628724977e+01,3.752840752981872186e+01
2.054135525740661805e+01,-2.553648762834169261e+01,3.753211420457062530e+01
2.053335318538255905e+01,-2.555198558447447610e+01,3.752660333725209085e+01
2.054618164187703400e+01,-2.554371148372775124e+01,3.752967265244595296e+01
2.054280016210308091e+01,-2.553543592573749876e+01,3.754025347028462534e+01
2.055971937089940837e+01,-2.552937590599259110e+01,3.754008053048980287e+01
2.054281681494983758e+01,-2.555518886248183463e+01,3.753005021689891407e+01
2.055081851958716044e+01,-2.553556570453896057e+01,3.752130323920015798e+01
2.054537167264580688e+01,-2.552059790932012007e+01,3.751971190430816705e+01
2.054419534820359061e+01,-2.554471065670058039e+01,3.754098366894432104e+01
2.056069904318781383e+01,-2.555149316985410479e+01,3.752079567433382579e+01
2.054280395447102237e+01,-2.554365425737265838e+01,3.753821149043881178e+01
2.055000739099273943e+01,-2.555259707216988829e+01,3.751807819387742882e+01
2.054218908170912883e+01,-2.551878931911909376e+01,3.753638216148186046e+01
2.051844718945764612e+01,-2.555133375367660520e+01,3.754727277675732466e+01
2.054290075024726292e+01,-2.553641951357275985e+01,3.754058840914668593e+01
2.055855954139322250e+01,-2.552742449893321464e+01,3.751416926903359439e+01
2.055700605014107651e+01,-2.553373205587130812e+01,3.753941174994960761e+01
2.053630810161552489e+01,-2.554555668146146985e+01,3.753090335692008495e+01
2.055858518284466996e+01,-2.555128148308094893e+01,3.754796291194838176e+01
2.055538067738442010e+01,-2.555666172198538533e+01,3.754354960835043897e+01
2.053037411263681378e+01,-2.554146688139842425e+01,3.753696462389504518e+01
2.055013951642662562e+01,-2.553919006005500592e+01,3.754476449373877500e+01
2.055516848127759744e+01,-2.554903021075839220e+01,3.753800363495305703e+01
2.053885809694219233e+01,-2.554478146167193131e+01,3.751144521286550315e+01
2.052876479659396125e+01,-2.552697295587427462e+01,3.751966842962300319e+01
2.054666682972215597e+01,-2.554908634273352064e+01,3.753290954361212073e+01
2.055513405439806363e+01,-2.554042382339817152e+01,3.752511069284965828e+01
2.055023076129006654e+01,-2.554916986376393950e+01,3.752749277907096115e+01
2.054315427787615178e+01,-2.554513119796312282e+01,3.751778501158728574e+01
2.053956343678199303e+01,-2.553851486531875636e+01,3.755281702802741961e+01
2.054114249897983058e+01,-2.554793690562451758e+01,3.753049083649900552e+01
2.053411420611424631e+01,-2.553935445845846175e+01,3.752697678581427709e+01
2.054361134599644600e+01,-2.554445570831182977e+01,3.753189068602675604e+01
2.051000136962518638e+01,-2.555387236069253376e+01,3.752171999443459782e+01
2.052462802642545370e+01,-2.554938600442920560e+01,3.754012683384330273e+01
2.054834759790571397e+01,-2.554004469038746095e+01,3.754488749347873977e+01
2.054212782194129261e+01,-2.552614850331822538e+01,3.754238202870395469e+01
2.053404516252806644e+01,-2.551950328606381646e+01,3.753602105572402792e+01
2.054563895967105580e+01,-2.553469274650311860e+01,3.750877006277885073e+01
2.054801509730383913e+01,-2.554154949593085533e+01,3.753801035520359619e+01
2.055337138744701164e+01,-2.553946000585618847e+01,3.752016344814340698e+01
2.053555124499109041e+01,-2.552265428515393353e+01,3.755392989242066903e+01
2.055132126874841347e+01,-2.554093735092495976e+01,3.753061471539857052e+01
2.054223647004238984e+01,-2.552968887708016865e+01,3.752719581708771557e+01
2.054499533488368002e+01,-2.551870581034373586e+01,3.752763323526781392e+01
2.052650639018530043e+01,-2.552183670411298522e+01,3.754597594342123301e+01
2.054889468991279244e+01,-2.553780759045003990e+01,3.752195986755203450e+01
2.055190941590491249e+01,-2.553215786219795902e+01,3.753131817434475437e+01
2.052619252794723437e+01,-2.552348858613554583e+01,3.754114087883095152e+01
2.053847846690926104e+01,-2.552545759900267086e+01,3.752960354694063483e+01
2.054964914669478659e+01,-2.552197342365647259e+01,3.753562038456837513e+01
2.051778258665970256e+01,-2.552850914980492547e+01,3.752940308220355803e+01
2.055124518049055737e+01,-2.554070632829087728e+01,3.751436220192400128e+01
2.054151816941066500e+01,-2.552744021088949467e+01,3.753343993460354255e+01
2.054031844984659116e+01,-2.555361344579776883e+01,3.754921310444310478e+01
2.054143557968210843e+01,-2.555211213895392319e+01,3.750823524396906805e+01
2.057718911039781418e+01,-2.554654915584113795e+01,3.751666361516362258e+01
2.052817181138417268e+01,-2.553074476091536482e+01,3.751885177180637498e+01
2.054379077450641589e+01,-2.553427319378532800e+01,3.753745878200287223e+01
2.055316671401815753e+01,-2.551955942381328768e+01,3.754035318460842774e+01
2.054056190917678748e+01,-2.553949703087100076e+01,3.754632065223947279e+01
2.053929458699104416e+01,-2.553837544613698540e+01,3.752616630742443249e+01
2.053991253524025851e+01,-2.553436454734362826e+01,3.752703021071015854e+01
2.055532583799383772e+01,-2.556030434911608751e+01,3.753839318209220721e+01
2.052990751766258271e+01,-2.553363590225676205e+01,3.752772562155351466e+01
2.056101675870400669e+01,-2.553068886580540209e+01,3.754553529052779481e+01
2.055950678371801743e+01,-2.552955269958667728e+01,3.751742982043253249e+01
2.053912550731728714e+01,-2.554940042163820380e+01,3.753624515937906381e+01
2.054097973808380218e+01,-2.552880073083107249e+01,3.753235767342193441e+01
2.054925396999313136e+01,-2.554046248152554099e+01,3.752945134500956215e+01
2.055630881839940827e+01,-2.554847520735741639e+01,3.752731125278933177e+01
2.054871093709926910e+01,-2.554822873878921641e+01,3.752459906573101733e+01
2.054876557879628862e+01,-2.555390832795807299e+01,3.753286706844178866e+01
2.052567173154860569e+01,-2.553306354516761800e+01,3.753533744247466331e+01
2.053562244656976787e+01,-2.553240041403846305e+01,3.754185639125859097e+01
2.054487217592210513e+01,-2.555598908793111690e+01,3.753259771752727403e+01
2.052049780834495252e+01,-2.551623885655754620e+01,3.750909283141589157e+01
2.054411427578764204e+01,-2.553635628720569883e+01,3.753961253389431363e+01
2.055970352756554220e+01,-2.552932040460354912e+01,3.753103889692013695e+01
2.055081751712128835e+01,-2.554021205387556392e+01,3.751926798186940459e+01
2.052663975362969140e+01,-2.552821437095921553e+01,3.752471579792301526e+01
2.053893718861034756e+01,-2.553696202250071678e+01,3.753237554746444715e+01
2.054907310548845700e+01,-2.553864504815717495e+01,3.752894098429965908e+01
2.054295134255318800e+01,-2.552614253878876838e+01,3.752813406148329278e+01
2.054262668094457212e+01,-2.552301276103749927e+01,3.753092362833571372e+01
2.055794476961389350e+01,-2.555489647924923702e+01,3.752546885525367060e+01
2.053177864357494542e+01,-2.552908992868785987e+01,3.753193467736232947e+01
2.054558578979387917e+01,-2.553062173716676497e+01,3.754511837146267794e+01
2.055446976697975714e+01,-2.555059225423054414e+01,3.753437762303529013e+01
2.053297339452444703e+01,-2.553694249093519630e+01,3.751318973091125031e+01
2.055903534016543333e+01,-2.552629003497095184e+01,3.754566344810593392e+01
2.053687084187195921e+01,-2.553686861137452624e+01,3.751406926282586340e+01
2.053708099779811747e+01,-2.553737791202541629e+01,3.753437002330102956e+01
2.054053911682178679e+01,-2.554248714342485016e+01,3.752687436016937284e+01
2.053409436908977170e+01,-2.552486773900921335e+01,3.751401290898616736e+01
2.053844394182098299e+01,-2.553592586651285501e+01,3.753662861397158679e+01
2.054585436015939592e+01,-2.553949187916193253e+01,3.751645704292549510e+01
2.055250105158100737e+01,-2.554731897701567434e+01,3.753733150061437129e+01
2.053971935442756802e+01,-2.553641833275273143e+01,3.753262334367416742e+01
2.054171201595160312e+01,-2.554048589016310089e+01,3.752590486945745596e+01
2.052417881826357515e+01,-2.554886956426386035e+01,3.753631879958696516e+01
2.052072778487124793e+01,-2.553804244884346986e+01,3.751308239751583073e+01
2.053470085347077401e+01,-2.552980889762569205e+01,3.752270076953003297e+01
2.052624007248169846e+01,-2.553875630392827034e+01,3.752794966220319850e+01
2.052724847909464856e+01,-2.555086454775410232e+01,3.753144864508354317e+01
2.054600297032162359e+01,-2.554095116035314561e+01,3.753350211445085449e+01
2.054485613892289919e+01,-2.554916910546943143e+01,3.753610676400996482e+01
2.053400620799842002e+01,-2.552387747155130882e+01,3.751306451830024713e+01
2.054165937055359947e+01,-2.554649149882817127e+01,3.754093931795367212e+01
2.053620013354986185e+01,-2.554250796171944060e+01,3.750716494493132558e+01
2.056473457865800114e+01,-2.553782257600276040e+01,3.752964194063203962e+01
2.055258549198148543e+01,-2.553738839710396036e+01,3.752770820363907234e+01
2.053980778290055653e+01,-2.553281814082509271e+01,3.753890061897361363e+01
2.053427748840775635e+01,-2.553913862135094348e+01,3.753679215994345242e+01
2.055963695265279156e+01,-2.553474986498017429e+01,3.754157605998226899e+01
2.053955460821168444e+01,-2.552673159220779908e+01,3.752704928759282410e+01
2.053527222829122323e+01,-2.554492646693028846e+01,3.752142582555681116e+01
2.053959139811063750e+01,-2.555985434016835001e+01,3.754973484893977798e+01
2.054031578598537777e+01,-2.552480282668774336e+01,3.752206461386266056e+01
2.054050028952486784e+01,-2.553169179792847743e+01,3.753198507872331646e+01
2.053651415968599991e+01,-2.553304661921078633e+01,3.753168719953676913e+01
2.052815553138522731e+01,-2.553233633910949507e+01,3.753854498030526798e+01
2.051567856917301924e+01,-2.555860125806393413e+01,3.753380353461285779e+01
2.053095812687193344e+01,-2.554176174151985279e+01,3.754163182392252907e+01
2.053035439869466572e+01,-2.553076266370666048e+01,3.753504596059724463e+01
2.054260130499423553e+01,-2.553443178638404376e+01,3.753182378778843997e+01
2.055619121971661656e+01,-2.553971903719840242e+01,3.753533778193069992e+01
2.055317958503430020e+01,-2.554438646402664403e+01,3.754784911940600267e+01
2.054403584511039327e+01,-2.553695448605848739e+01,3.752136605244442791e+01
2.054109374212141859e+01,-2.555167453133087818e+01,3.754935889601520671e+01
2.054572944743626195e+01,-2.553702691685554882e+01,3.753806356655024246e+01
2.052423331593715616e+01,-2.552903025063830000e+01,3.752547952034409207e+01
2.054425702608153514e+01,-2.554598163129636035e+01,3.752416305503402327e+01
2.054151696715111441e+01,-2.555192128826454123e+01,3.752691822675060962e+01
2.054554446455217231e+01,-2.553845928902206097e+01,3.752402708310865620e+01
2.053400718959877835e+01,-2.553921839440731034e+01,3.753870895747458292e+01
2.055277060996688121e+01,-2.554525732730256138e+01,3.753541725853168032e+01
2.053431918353750163e+01,-2.554416085335207498e+01,3.752650779742173626e+01
2.056017601704117581e+01,-2.553992756728628066e+01,3.751401123792696524e+01
2.052916102697405876e+01,-2.555070505498562738e+01,3.755493600897344209e+01
2.053200777322532744e+01,-2.554506558855245402e+01,3.753746921031496697e+01
2.054479558030078223e+01,-2.553887816813956846e+01,3.752444138211738789e+01
2.051619000680096505e+01,-2.555671265143792326e+01,3.753792130789845061e+01
2.056486542487215630e+01,-2.553659478976198116e+01,3.751349414430097085e+01
2.055664062435746331e+01,-2.553458702561050231e+01,3.751714398461130884e+01
2.052625038276715586e+01,-2.554696828674956777e+01,3.754256129708993228e+01
2.054945280356313830e+01,-2.554071538460635793e+01,3.755182661458869120e+01
2.053923191722155650e+01,-2.554027251218846928e+01,3.753056215587113087e+01
2.054086071130837610e+01,-2.554173705561743901e+01,3.753107953588351364e+01
2.053265536337225328e+01,-2.554264339671584949e+01,3.753619693160740667e+01
2.053445554975524701e+01,-2.553451599061149935e+01,3.753157116967958018e+01
2.054485550891244472e+01,-2.556695796624355665e+01,3.753448851733116953e+01
2.053570713367098222e+01,-2.554257421706833142e+01,3.751610853005939106e+01
2.054937180440044031e+01,-2.553318167218878898e+01,3.753599818574542013e+01
2.054259866251539890e+01,-2.555873958162820259e+01,3.752051683355885103e+01
2.055068384857465347e+01,-2.553045558352098610e+01,3.754122703357686675e+01
2.052559868051750058e+01,-2.554512016383923267e+01,3.752471322285422417e+01
2.056810055899320488e+01,-2.553771382874231932e+01,3.753598256950972711e+01
2.053513920942050319e+01,-2.552733862413102273e+01,3.752630903438027588e+01
2.053668335477166096e+01,-2.553563864699963659e+01,3.752649713940549958e+01
2.054736303570844314e+01,-2.552949953716021625e+01,3.752482022254272209e+01
2.053399902980213909e+01,-2.553479588195692429e+01,3.754382275026229365e+01
2.053434005173196297e+01,-2.554766227481371743e+01,3.753700371396140412e+01
2.054138953698122450e+01,-2.552258650061216372e+01,3.754176946672370718e+01
2.052720584042282326e+01,-2.553164230156923509e+01,3.753467372443089545e+01
2.054044610158331352e+01,-2.553895620935875144e+01,3.751998440142205737e+01
