ref_vel_x (m/s),ref_vel_y (m/s),ref_vel_z (m/s)
7.071067811865473729e+00,-7.071067811865477282e+00,0.000000000000000000e+00
7.071067811865473729e+00,-7.071067811865477282e+00,0.000000000000000000e+00
7.071067811865473729e+00,-7.071067811865477282e+00,0.000000000000000000e+00
7.071067811865473729e+00,-7.071067811865477282e+00,0.000000000000000000e+00
7.071067811865473729e+00,-7.071067811865477282e+00,0.000000000000000000e+00
7.071067811865473729e+00,-7.071067811865477282e+00,0.000000000000000000e+00
7.071067811865473729e+00,-7.071067811865477282e+00,0.000000000000000000e+00
7.071067811865473729e+00,-7.071067811865477282e+00,0.000000000000000000e+00
7.071067811865473729e+00,-7.071067811865477282e+00,0.000000000000000000e+00
7.071067811865473729e+00,-7.071067811865477282e+00,0.000000000000000000e+00
7.071067811865473729e+00,-7.071067811865477282e+00,0.000000000000000000e+00
7.071067811865473729e+00,-7.071067811865477282e+00,0.000000000000000000e+00
7.071067811865473729e+00,-7.071067811865477282e+00,0.000000000000000000e+00
7.071067811865473729e+00,-7.071067811865477282e+00,0.000000000000000000e+00
7.071067811865473729e+00,-7.071067811865477282e+00,0.000000000000000000e+00
7.071067811865473729e+00,-7.071067811865477282e+00,0.000000000000000000e+00
7.071067811865473729e+00,-7.071067811865477282e+00,0.000000000000000000e+00
7.071067811865473729e+00,-7.071067811865477282e+00,0.000000000000000000e+00
7.071067811865473729e+00,-7.071067811865477282e+00,0.000000000000000000e+00
7.071067811865473729e+00,-7.071067811865477282e+00,0.000000000000000000e+00
7.071067811865473729e+00,-7.071067811865477282e+00,0.000000000000000000e+00
7.071067811865473729e+00,-7.071067811865477282e+00,0.000000000000000000e+00
7.071067811865473729e+00,-7.071067811865477282e+00,0.000000000000000000e+00
7.071067811865473729e+00,-7.071067811865477282e+00,0.000000000000000000e+00
7.071067811865473729e+00,-7.071067811865477282e+00,0.000000000000000000e+00
7.071067811865473729e+00,-7.071067811865477282e+00,0.000000000000000000e+00
7.071067811865473729e+00,-7.071067811865477282e+00,0.000000000000000000e+00
7.071067811865473729e+00,-7.071067811865477282e+00,0.000000000000000000e+00
7.071067811865473729e+00,-7.071067811865477282e+00,0.000000000000000000e+00
7.071067811865473729e+00,-7.071067811865477282e+00,0.000000000000000000e+00
7.071067811865473729e+00,-7.071067811865477282e+00,0.000000000000000000e+00
7.071067811865473729e+00,-7.071067811865477282e+00,0.000000000000000000e+00
7.071067811865473729e+00,-7.071067811865477282e+00,0.000000000000000000e+00
7.071067811865473729e+00,-7.071067811865477282e+00,0.000000000000000000e+00
7.071067811865473729e+00,-7.071067811865477282e+00,0.000000000000000000e+00
7.071067811865473729e+00,-7.071067811865477282e+00,0.000000000000000000e+00
7.071067811865473729e+00,-7.071067811865477282e+00,0.000000000000000000e+00
7.071067811865473729e+00,-7.071067811865477282e+00,0.000000000000000000e+00
7.071067811865473729e+00,-7.071067811865477282e+00,0.000000000000000000e+00
7.071067811865473729e+00,-7.071067811865477282e+00,0.000000000000000000e+00
7.071067811865473729e+00,-7.071067811865477282e+00,0.000000000000000000e+00
7.071067811865473729e+00,-7.071067811865477282e+00,0.000000000000000000e+00
7.071067811865473729e+00,-7.071067811865477282e+00,0.000000000000000000e+00
7.071067811865473729e+00,-7.071067811865477282e+00,0.000000000000000000e+00
7.071067811865473729e+00,-7.071067811865477282e+00,0.000000000000000000e+00
7.071067811865473729e+00,-7.071067811865477282e+00,0.000000000000000000e+00
7.071067811865473729e+00,-7.071067811865477282e+00,0.000000000000000000e+00
7.071067811865473729e+00,-7.071067811865477282e+00,0.000000000000000000e+00
7.071067811865473729e+00,-7.071067811865477282e+00,0.000000000000000000e+00
7.071067811865473729e+00,-7.071067811865477282e+00,0.000000000000000000e+00
7.071067811865473729e+00,-7.071067811865477282e+00,0.000000000000000000e+00
7.071067811865473729e+00,-7.071067811865477282e+00,0.000000000000000000e+00
7.071067811865473729e+00,-7.071067811865477282e+00,0.000000000000000000e+00
7.071067811865473729e+00,-7.071067811865477282e+00,0.000000000000000000e+00
7.071067811865473729e+00,-7.071067811865477282e+00,0.000000000000000000e+00
7.071067811865473729e+00,-7.071067811865477282e+00,0.000000000000000000e+00
7.071067811865473729e+00,-7.071067811865477282e+00,0.000000000000000000e+00
7.071067811865473729e+00,-7.071067811865477282e+00,0.000000000000000000e+00
7.071067811865473729e+00,-7.071067811865477282e+00,0.000000000000000000e+00
7.071067811865473729e+00,-7.071067811865477282e+00,0.000000000000000000e+00
7.071067811865473729e+00,-7.071067811865477282e+00,0.000000000000000000e+00
7.071067811865473729e+00,-7.071067811865477282e+00,0.000000000000000000e+00
7.071067811865473729e+00,-7.071067811865477282e+00,0.000000000000000000e+00
7.071067811865473729e+00,-7.071067811865477282e+00,0.000000000000000000e+00
7.071067811865473729e+00,-7.071067811865477282e+00,0.000000000000000000e+00
7.071067811865473729e+00,-7.071067811865477282e+00,0.000000000000000000e+00
7.071067811865473729e+00,-7.071067811865477282e+00,0.000000000000000000e+00
7.071067811865473729e+00,-7.071067811865477282e+00,0.000000000000000000e+00
7.071067811865473729e+00,-7.071067811865477282e+00,0.000000000000000000e+00
7.071067811865473729e+00,-7.071067811865477282e+00,0.000000000000000000e+00
7.071067811865473729e+00,-7.071067811865477282e+00,0.000000000000000000e+00
7.071067811865473729e+00,-7.071067811865477282e+00,0.000000000000000000e+00
7.071067811865473729e+00,-7.071067811865477282e+00,0.000000000000000000e+00
7.071067811865473729e+00,-7.071067811865477282e+00,0.000000000000000000e+00
7.071067811865473729e+00,-7.071067811865477282e+00,0.000000000000000000e+00
7.071067811865473729e+00,-7.071067811865477282e+00,0.000000000000000000e+00
7.071067811865473729e+00,-7.071067811865477282e+00,0.000000000000000000e+00
7.071067811865473729e+00,-7.071067811865477282e+00,0.000000000000000000e+00
7.071067811865473729e+00,-7.071067811865477282e+00,0.000000000000000000e+00
7.071067811865473729e+00,-7.071067811865477282e+00,0.000000000000000000e+00
7.071067811865473729e+00,-7.071067811865477282e+00,0.000000000000000000e+00
7.071067811865473729e+00,-7.071067811865477282e+00,0.000000000000000000e+00
7.071067811865473729e+00,-7.071067811865477282e+00,0.000000000000000000e+00
7.071067811865473729e+00,-7.071067811865477282e+00,0.000000000000000000e+00
7.071067811865473729e+00,-7.071067811865477282e+00,0.000000000000000000e+00
7.071067811865473729e+00,-7.071067811865477282e+00,0.000000000000000000e+00
7.071067811865473729e+00,-7.071067811865477282e+00,0.000000000000000000e+00
7.071067811865473729e+00,-7.071067811865477282e+00,0.000000000000000000e+00
7.071067811865473729e+00,-7.071067811865477282e+00,0.000000000000000000e+00
7.071067811865473729e+00,-7.071067811865477282e+00,0.000000000000000000e+00
7.071067811865473729e+00,-7.071067811865477282e+00,0.000000000000000000e+00
7.071067811865473729e+00,-7.071067811865477282e+00,0.000000000000000000e+00
7.071067811865473729e+00,-7.071067811865477282e+00,0.000000000000000000e+00
7.071067811865473729e+00,-7.071067811865477282e+00,0.000000000000000000e+00
7.071067811865473729e+00,-7.071067811865477282e+00,0.000000000000000000e+00
7.071067811865473729e+00,-7.071067811865477282e+00,0.000000000000000000e+00
7.071067811865473729e+00,-7.071067811865477282e+00,0.000000000000000000e+00
7.071067811865473729e+00,-7.071067811865477282e+00,0.000000000000000000e+00
7.071067811865473729e+00,-7.071067811865477282e+00,0.000000000000000000e+00
7.071067811865473729e+00,-7.071067811865477282e+00,0.000000000000000000e+00
7.071067811865473729e+00,-7.071067811865477282e+00,0.000000000000000000e+00
7.072918770746890793e+00,-7.069216368340716095e+00,0.000000000000000000e+00
7.076434256974834192e+00,-7.065697290905762706e+00,0.000000000000000000e+00
7.081445420629250975e+00,-7.060674950360553481e+00,0.000000000000000000e+00
7.087799473718749077e+00,-7.054296465300577523e+00,0.000000000000000000e+00
7.095358272620159390e+00,-7.046693620639446820e+00,0.000000000000000000e+00
7.103997002564113039e+00,-7.037984554370668278e+00,0.000000000000000000e+00
7.113602962041110978e+00,-7.028275243503196990e+00,0.000000000000000000e+00
7.124074443582047778e+00,-7.017660815563910859e+00,0.000000000000000000e+00
7.135319706421517694e+00,-7.006226708232665246e+00,0.000000000000000000e+00
7.147256035965131815e+00,-6.994049696446257514e+00,0.000000000000000000e+00
7.159808884662981043e+00,-6.981198803579584222e+00,0.000000000000000000e+00
7.172911088770770327e+00,-6.967736111004012578e+00,0.000000000000000000e+00
7.186502155504137512e+00,-6.953717478366114868e+00,0.000000000000000000e+00
7.200527615218941691e+00,-6.939193185267969355e+00,0.000000000000000000e+00
7.214938433449242794e+00,-6.924208503615195909e+00,0.000000000000000000e+00
7.229690477881053567e+00,-6.908804208691692317e+00,0.000000000000000000e+00
7.244744035615726219e+00,-6.893017035987242025e+00,0.000000000000000000e+00
7.260063376368034227e+00,-6.876880089918653738e+00,0.000000000000000000e+00
7.275616357540696022e+00,-6.860423209823593105e+00,0.000000000000000000e+00
7.291374067412009552e+00,-6.843673297949840695e+00,0.000000000000000000e+00
7.307310502960522314e+00,-6.826654613595360743e+00,0.000000000000000000e+00
7.323402279127403602e+00,-6.809389037062835826e+00,0.000000000000000000e+00
7.339628366580318364e+00,-6.791896306664989780e+00,0.000000000000000000e+00
7.355969855291006887e+00,-6.774194231644823816e+00,0.000000000000000000e+00
7.372409741471404487e+00,-6.756298883549893830e+00,0.000000000000000000e+00
7.388932735630068471e+00,-6.738224768315046020e+00,0.000000000000000000e+00
7.405525089711705533e+00,-6.719984981058397366e+00,0.000000000000000000e+00
7.422174441468275319e+00,-6.701591345375744524e+00,0.000000000000000000e+00
7.438869674381079378e+00,-6.683054538725054172e+00,0.000000000000000000e+00
7.455600791610143219e+00,-6.664384205321764121e+00,0.000000000000000000e+00
7.472358802590778559e+00,-6.645589057814521361e+00,0.000000000000000000e+00
7.489135621028352396e+00,-6.626676968876955343e+00,0.000000000000000000e+00
7.505923973162017759e+00,-6.607655053732126582e+00,0.000000000000000000e+00
7.522717315276859829e+00,-6.588529744520678300e+00,0.000000000000000000e+00
7.539509759543036260e+00,-6.569306857329416438e+00,0.000000000000000000e+00
7.556296007350157495e+00,-6.549991652613313065e+00,0.000000000000000000e+00
7.573071289386704485e+00,-6.530588889668893060e+00,0.000000000000000000e+00
7.589831311788024948e+00,-6.511102875750164998e+00,0.000000000000000000e+00
7.606572207743206526e+00,-6.491537510358284635e+00,0.000000000000000000e+00
7.623290494011476071e+00,-6.471896325182770582e+00,0.000000000000000000e+00
7.639983031853438078e+00,-6.452182520123834308e+00,0.000000000000000000e+00
7.656646991931607360e+00,-6.432398995782574680e+00,0.000000000000000000e+00
7.673279822779262460e+00,-6.412548382767076838e+00,0.000000000000000000e+00
7.689879222476703191e+00,-6.392633068127802964e+00,0.000000000000000000e+00
7.706443113210252882e+00,-6.372655219204493626e+00,0.000000000000000000e+00
7.722969618421828386e+00,-6.352616805138918465e+00,0.000000000000000000e+00
7.739457042286438160e+00,-6.332519616282514363e+00,0.000000000000000000e+00
7.755903851281314765e+00,-6.312365281705397457e+00,0.000000000000000000e+00
7.772308657634225959e+00,-6.292155284992898778e+00,0.000000000000000000e+00
7.788670204460079738e+00,-6.271890978497297375e+00,0.000000000000000000e+00
7.804987352414069157e+00,-6.251573596196115190e+00,0.000000000000000000e+00
7.821259067707092782e+00,-6.231204265293312616e+00,0.000000000000000000e+00
7.837484411344836310e+00,-6.210784016686353937e+00,0.000000000000000000e+00
7.853662529465816888e+00,-6.190313794410149839e+00,0.000000000000000000e+00
7.869792644666496528e+00,-6.169794464157870806e+00,0.000000000000000000e+00
7.885874048212833110e+00,-6.149226820968904050e+00,0.000000000000000000e+00
7.901906093047907476e+00,-6.128611596165345787e+00,0.000000000000000000e+00
7.917888187514399156e+00,-6.107949463610511387e+00,0.000000000000000000e+00
7.933819789719033011e+00,-6.087241045355657576e+00,0.000000000000000000e+00
7.949700402473414584e+00,-6.066486916734761259e+00,0.000000000000000000e+00
7.965529568752468315e+00,-6.045687610961230085e+00,0.000000000000000000e+00
7.981306867617586676e+00,-6.024843623275240923e+00,0.000000000000000000e+00
7.997031910557046430e+00,-6.003955414685581360e+00,0.000000000000000000e+00
8.012704338201050547e+00,-5.983023415345627427e+00,0.000000000000000000e+00
8.028323817373129501e+00,-5.962048027599184508e+00,0.000000000000000000e+00
8.043890038443482382e+00,-5.941029628728485612e+00,0.000000000000000000e+00
8.059402712953440684e+00,-5.919968573433369130e+00,0.000000000000000000e+00
8.074861571483300082e+00,-5.898865196067989203e+00,0.000000000000000000e+00
8.090266361738647660e+00,-5.877719812658654952e+00,0.000000000000000000e+00
8.105616846832795375e+00,-5.856532722724288043e+00,0.000000000000000000e+00
8.120912803745305553e+00,-5.835304210918703660e+00,0.000000000000000000e+00
8.136154021938569514e+00,-5.814034548512145406e+00,0.000000000000000000e+00
8.151340302116246050e+00,-5.792723994727819736e+00,0.000000000000000000e+00
8.166471455109061139e+00,-5.771372797947545763e+00,0.000000000000000000e+00
8.181547300874916218e+00,-5.749981196799375027e+00,0.000000000000000000e+00
8.196567667601604157e+00,-5.728549421138653841e+00,0.000000000000000000e+00
8.211532390901631118e+00,-5.707077692932989166e+00,0.000000000000000000e+00
8.226441313089676299e+00,-5.685566227060538047e+00,0.000000000000000000e+00
8.241294282534287419e+00,-5.664015232029981917e+00,0.000000000000000000e+00
8.256091153076143385e+00,-5.642424910629989299e+00,0.000000000000000000e+00
8.270831783506073620e+00,-5.620795460514974806e+00,0.000000000000000000e+00
8.285516037096757103e+00,-5.599127074733385001e+00,0.000000000000000000e+00
8.300143781182535818e+00,-5.577419942204179470e+00,0.000000000000000000e+00
8.314714886782439862e+00,-5.555674248146526217e+00,0.000000000000000000e+00
8.329229228261992191e+00,-5.533890174467336109e+00,0.000000000000000000e+00
8.343686683029815754e+00,-5.512067900110709573e+00,0.000000000000000000e+00
8.358087131265479641e+00,-5.490207601373047197e+00,0.000000000000000000e+00
8.372430455675329952e+00,-5.468309452187227748e+00,0.000000000000000000e+00
8.386716541273539605e+00,-5.446373624378775702e+00,0.000000000000000000e+00
8.400945275185662808e+00,-5.424400287896874673e+00,0.000000000000000000e+00
8.415116546472479087e+00,-5.402389611022617721e+00,0.000000000000000000e+00
8.429230245972002322e+00,-5.380341760556738073e+00,0.000000000000000000e+00
8.443286266157786102e+00,-5.358256901988864840e+00,0.000000000000000000e+00
8.457284501011892885e+00,-5.336135199650024141e+00,0.000000000000000000e+00
8.471224845910953150e+00,-5.313976816850157547e+00,0.000000000000000000e+00
8.485107197524046185e+00,-5.291781916001982999e+00,0.000000000000000000e+00
8.498931453721120022e+00,-5.269550658732659265e+00,0.000000000000000000e+00
8.512697513490916634e+00,-5.247283205984365040e+00,0.000000000000000000e+00
8.526405276867397021e+00,-5.224979718104922455e+00,0.000000000000000000e+00
8.540054644863808164e+00,-5.202640354929418010e+00,0.000000000000000000e+00
8.553645519413588971e+00,-5.180265275853721540e+00,0.000000000000000000e+00
8.567177803317443718e+00,-5.157854639900673277e+00,0.000000000000000000e+00
8.580651400195907996e+00,-5.135408605779678837e+00,0.000000000000000000e+00
8.594066214446870688e+00,-5.112927331940366749e+00,0.000000000000000000e+00
8.607422151207535066e+00,-5.090410976620834305e+00,0.000000000000000000e+00
8.620719116320350039e+00,-5.067859697891101689e+00,0.000000000000000000e+00
8.633957016302536758e+00,-5.045273653692156302e+00,0.000000000000000000e+00
8.647135758318786003e+00,-5.022653001871082878e+00,0.000000000000000000e+00
8.660255250156854601e+00,-4.999997900212621360e+00,0.000000000000000000e+00
8.673315400205732217e+00,-4.977308506467535310e+00,0.000000000000000000e+00
8.686316117436113871e+00,-4.954584978378065330e+00,0.000000000000000000e+00
8.699257311382956104e+00,-4.931827473700816533e+00,0.000000000000000000e+00
8.712138892129877021e+00,-4.909036150227251483e+00,0.000000000000000000e+00
8.724960770295254520e+00,-4.886211165802072820e+00,0.000000000000000000e+00
8.737722857019779354e+00,-4.863352678339719404e+00,0.000000000000000000e+00
8.750425063955386662e+00,-4.840460845839100301e+00,0.000000000000000000e+00
8.763067303255370533e+00,-4.817535826396794008e+00,0.000000000000000000e+00
8.775649487565587492e+00,-4.794577778218834574e+00,0.000000000000000000e+00
8.788171530016606781e+00,-4.771586859631244515e+00,0.000000000000000000e+00
8.800633344216770126e+00,-4.748563229089402427e+00,0.000000000000000000e+00
8.813034844245969168e+00,-4.725507045186413180e+00,0.000000000000000000e+00
8.825375944650184934e+00,-4.702418466660517105e+00,0.000000000000000000e+00
8.837656560436599307e+00,-4.679297652401685603e+00,0.000000000000000000e+00
8.849876607069305123e+00,-4.656144761457432502e+00,0.000000000000000000e+00
8.862036000465478125e+00,-4.632959953037996570e+00,0.000000000000000000e+00
8.874134656992044512e+00,-4.609743386520845476e+00,0.000000000000000000e+00
8.886172493462721533e+00,-4.586495221454669036e+00,0.000000000000000000e+00
8.898149427135425782e+00,-4.563215617562848436e+00,0.000000000000000000e+00
8.910065375710011892e+00,-4.539904734746491144e+00,0.000000000000000000e+00
8.921920257326283021e+00,-4.516562733087065240e+00,0.000000000000000000e+00
8.933713990562290874e+00,-4.493189772848636743e+00,0.000000000000000000e+00
8.945446494432843565e+00,-4.469786014479794289e+00,0.000000000000000000e+00
8.957117688388228416e+00,-4.446351618615279833e+00,0.000000000000000000e+00
8.968727492313137262e+00,-4.422886746077331566e+00,0.000000000000000000e+00
8.980275826525716099e+00,-4.399391557876825232e+00,0.000000000000000000e+00
8.991762611776820791e+00,-4.375866215214137434e+00,0.000000000000000000e+00
9.003187769249361594e+00,-4.352310879479856176e+00,0.000000000000000000e+00
9.014551220557789790e+00,-4.328725712255288904e+00,0.000000000000000000e+00
9.025852887747685571e+00,-4.305110875312825769e+00,0.000000000000000000e+00
9.037092693295436518e+00,-4.281466530616143906e+00,0.000000000000000000e+00
9.048270560108006677e+00,-4.257792840320291816e+00,0.000000000000000000e+00
9.059386411522787341e+00,-4.234089966771640512e+00,0.000000000000000000e+00
9.070440171307495802e+00,-4.210358072507759175e+00,0.000000000000000000e+00
9.081431763660162915e+00,-4.186597320257139820e+00,0.000000000000000000e+00
9.092361113209152634e+00,-4.162807872938890874e+00,0.000000000000000000e+00
9.103228145013241956e+00,-4.138989893662315289e+00,0.000000000000000000e+00
9.114032784561722167e+00,-4.115143545726452246e+00,0.000000000000000000e+00
9.124774957774583584e+00,-4.091268992619508715e+00,0.000000000000000000e+00
9.135454591002677205e+00,-4.067366398018270601e+00,0.000000000000000000e+00
9.146071611027950965e+00,-4.043435925787448149e+00,0.000000000000000000e+00
9.156625945063694871e+00,-4.019477739978963626e+00,0.000000000000000000e+00
9.167117520754811011e+00,-3.995492004831218136e+00,0.000000000000000000e+00
9.177546266178097767e+00,-3.971478884768300244e+00,0.000000000000000000e+00
9.187912109842566011e+00,-3.947438544399182181e+00,0.000000000000000000e+00
9.198214980689762399e+00,-3.923371148516849871e+00,0.000000000000000000e+00
9.208454808094108657e+00,-3.899276862097443175e+00,0.000000000000000000e+00
9.218631521863256850e+00,-3.875155850299333959e+00,0.000000000000000000e+00
9.228745052238441104e+00,-3.851008278462213497e+00,0.000000000000000000e+00
9.238795329894868402e+00,-3.826834312106126124e+00,0.000000000000000000e+00
9.248782285942080961e+00,-3.802634116930523778e+00,0.000000000000000000e+00
9.258705851924350583e+00,-3.778407858813255693e+00,0.000000000000000000e+00
9.268565959821080114e+00,-3.754155703809571420e+00,0.000000000000000000e+00
9.278362542047181805e+00,-3.729877818151121183e+00,0.000000000000000000e+00
9.288095531453492981e+00,-3.705574368244909600e+00,0.000000000000000000e+00
9.297764861327182828e+00,-3.681245520672249416e+00,0.000000000000000000e+00
9.307370465392155623e+00,-3.656891442187721442e+00,0.000000000000000000e+00
9.316912277809461074e+00,-3.632512299718106963e+00,0.000000000000000000e+00
9.326390233177701106e+00,-3.608108260361317932e+00,0.000000000000000000e+00
9.335804266533457962e+00,-3.583679491385311611e+00,0.000000000000000000e+00
9.345154313351693887e+00,-3.559226160226997671e+00,0.000000000000000000e+00
9.354440309546170340e+00,-3.534748434491165270e+00,0.000000000000000000e+00
9.363662191469865448e+00,-3.510246481949346187e+00,0.000000000000000000e+00
9.372819895915373678e+00,-3.485720470538755222e+00,0.000000000000000000e+00
9.381913360115337497e+00,-3.461170568361135125e+00,0.000000000000000000e+00
9.390942521742847049e+00,-3.436596943681653027e+00,0.000000000000000000e+00
9.399907318911857601e+00,-3.411999764927789336e+00,0.000000000000000000e+00
9.408807690177589222e+00,-3.387379200688204861e+00,0.000000000000000000e+00
9.417643574536944229e+00,-3.362735419711608387e+00,0.000000000000000000e+00
9.426414911428913967e+00,-3.338068590905616251e+00,0.000000000000000000e+00
9.435121640734976722e+00,-3.313378883335636349e+00,0.000000000000000000e+00
9.443763702779508051e+00,-3.288666466223699736e+00,0.000000000000000000e+00
9.452341038330169809e+00,-3.263931508947349069e+00,0.000000000000000000e+00
9.460853588598325814e+00,-3.239174181038460443e+00,0.000000000000000000e+00
9.469301295239420213e+00,-3.214394652182122947e+00,0.000000000000000000e+00
9.477684100353382490e+00,-3.189593092215476933e+00,0.000000000000000000e+00
9.486001946485016489e+00,-3.164769671126554496e+00,0.000000000000000000e+00
9.494254776624387659e+00,-3.139924559053131503e+00,0.000000000000000000e+00
9.502442534207210301e+00,-3.115057926281572520e+00,0.000000000000000000e+00
9.510565163115231258e+00,-3.090169943245667739e+00,0.000000000000000000e+00
9.518622607676617164e+00,-3.065260780525465911e+00,0.000000000000000000e+00
9.526614812666316823e+00,-3.040330608846133043e+00,0.000000000000000000e+00
9.534541723306457328e+00,-3.015379599076759121e+00,0.000000000000000000e+00
9.542403285266701118e+00,-2.990407922229217252e+00,0.000000000000000000e+00
9.550199444664622561e+00,-2.965415749456981942e+00,0.000000000000000000e+00
9.557930148066077436e+00,-2.940403252053970906e+00,0.000000000000000000e+00
9.565595342485563535e+00,-2.915370601453354027e+00,0.000000000000000000e+00
9.573194975386581262e+00,-2.890317969226415151e+00,0.000000000000000000e+00
9.580728994681996014e+00,-2.865245527081356158e+00,0.000000000000000000e+00
9.588197348734391667e+00,-2.840153446862119235e+00,0.000000000000000000e+00
9.595599986356425859e+00,-2.815041900547230025e+00,0.000000000000000000e+00
9.602936856811174593e+00,-2.789911060248606578e+00,0.000000000000000000e+00
9.610207909812487515e+00,-2.764761098210388734e+00,0.000000000000000000e+00
9.617413095525318312e+00,-2.739592186807759511e+00,0.000000000000000000e+00
9.624552364566083540e+00,-2.714404498545752276e+00,0.000000000000000000e+00
9.631625668002982366e+00,-2.689198206058096119e+00,0.000000000000000000e+00
9.638632957356348285e+00,-2.663973482106006152e+00,0.000000000000000000e+00
9.645574184598967094e+00,-2.638730499577016886e+00,0.000000000000000000e+00
9.652449302156409061e+00,-2.613469431483803174e+00,0.000000000000000000e+00
9.659258262907359338e+00,-2.588190450962973621e+00,0.000000000000000000e+00
9.666001020183935921e+00,-2.562893731273914621e+00,0.000000000000000000e+00
9.672677527772012951e+00,-2.537579445797569111e+00,0.000000000000000000e+00
9.679287739911535127e+00,-2.512247768035282380e+00,0.000000000000000000e+00
9.685831611296828569e+00,-2.486898871607587491e+00,0.000000000000000000e+00
9.692309097076911684e+00,-2.461532930253041762e+00,0.000000000000000000e+00
9.698720152855813126e+00,-2.436150117827000638e+00,0.000000000000000000e+00
9.705064734692857797e+00,-2.410750608300460396e+00,0.000000000000000000e+00
9.711342799102979484e+00,-2.385334575758857767e+00,0.000000000000000000e+00
9.717554303057019283e+00,-2.359902194400859354e+00,0.000000000000000000e+00
9.723699203982015149e+00,-2.334453638537193232e+00,0.000000000000000000e+00
9.729777459761491443e+00,-2.308989082589437469e+00,0.000000000000000000e+00
9.735789028735762685e+00,-2.283508701088823312e+00,0.000000000000000000e+00
9.741733869702194681e+00,-2.258012668675067225e+00,0.000000000000000000e+00
9.747611941915511835e+00,-2.232501160095128778e+00,0.000000000000000000e+00
9.753423205088058268e+00,-2.206974350202057344e+00,0.000000000000000000e+00
9.759167619390082038e+00,-2.181432413953757532e+00,0.000000000000000000e+00
9.764845145450006925e+00,-2.155875526411817233e+00,0.000000000000000000e+00
9.770455744354700656e+00,-2.130303862740300147e+00,0.000000000000000000e+00
9.775999377649743138e+00,-2.104717598204533857e+00,0.000000000000000000e+00
9.781476007339687584e+00,-2.079116908169918787e+00,0.000000000000000000e+00
9.786885595888328737e+00,-2.053501968100726494e+00,0.000000000000000000e+00
9.792228106218948014e+00,-2.027872953558897517e+00,0.000000000000000000e+00
9.797503501714574625e+00,-2.002230040202835237e+00,0.000000000000000000e+00
9.802711746218237820e+00,-1.976573403786205940e+00,0.000000000000000000e+00
9.807852804033210248e+00,-1.950903220156731344e+00,0.000000000000000000e+00
9.812926639923256644e+00,-1.925219665254975565e+00,0.000000000000000000e+00
9.817933219112870091e+00,-1.899522915113156518e+00,0.000000000000000000e+00
9.822872507287520705e+00,-1.873813145853922890e+00,0.000000000000000000e+00
9.827744470593875903e+00,-1.848090533689162873e+00,0.000000000000000000e+00
9.832549075640045544e+00,-1.822355254918779810e+00,0.000000000000000000e+00
9.837286289495800418e+00,-1.796607485929502035e+00,0.000000000000000000e+00
9.841956079692813830e+00,-1.770847403193645864e+00,0.000000000000000000e+00
9.846558414224857003e+00,-1.745075183267951857e+00,0.000000000000000000e+00
9.851093261548047764e+00,-1.719291002792320722e+00,0.000000000000000000e+00
9.855560590581051272e+00,-1.693495038488647353e+00,0.000000000000000000e+00
9.859960370705293187e+00,-1.667687467159582271e+00,0.000000000000000000e+00
9.864292571765171047e+00,-1.641868465687330358e+00,0.000000000000000000e+00
9.868557164068263887e+00,-1.616038211032444716e+00,0.000000000000000000e+00
9.872754118385534738e+00,-1.590196880232590315e+00,0.000000000000000000e+00
9.876883405951526029e+00,-1.564344650401363612e+00,0.000000000000000000e+00
9.880944998464565643e+00,-1.538481698727053093e+00,0.000000000000000000e+00
9.884938868086951658e+00,-1.512608202471425134e+00,0.000000000000000000e+00
9.888864987445151300e+00,-1.486724338968534509e+00,0.000000000000000000e+00
9.892723329629975026e+00,-1.460830285623492264e+00,0.000000000000000000e+00
9.896513868196784358e+00,-1.434926219911232259e+00,0.000000000000000000e+00
9.900236577165648200e+00,-1.409012319375319899e+00,0.000000000000000000e+00
9.903891431021536462e+00,-1.383088761626737107e+00,0.000000000000000000e+00
9.907478404714492370e+00,-1.357155724342636871e+00,0.000000000000000000e+00
9.910997473659797663e+00,-1.331213385265153093e+00,0.000000000000000000e+00
9.914448613738148453e+00,-1.305261922200182223e+00,0.000000000000000000e+00
9.917831801295815097e+00,-1.279301513016145808e+00,0.000000000000000000e+00
9.921147013144812732e+00,-1.253332335642773465e+00,0.000000000000000000e+00
9.924394226563046928e+00,-1.227354568069907392e+00,0.000000000000000000e+00
9.927573419294480672e+00,-1.201368388346258032e+00,0.000000000000000000e+00
9.930684569549285357e+00,-1.175373974578182601e+00,0.000000000000000000e+00
9.933727656003984663e+00,-1.149371504928491383e+00,0.000000000000000000e+00
9.936702657801602001e+00,-1.123361157615200057e+00,0.000000000000000000e+00
9.939609554551811499e+00,-1.097343110910316444e+00,0.000000000000000000e+00
9.942448326331067676e+00,-1.071317543138610828e+00,0.000000000000000000e+00
9.945218953682745777e+00,-1.045284632676419356e+00,0.000000000000000000e+00
9.947921417617276774e+00,-1.019244557950395480e+00,0.000000000000000000e+00
9.950555699612271709e+00,-9.931974974362955955e-01,0.000000000000000000e+00
9.953121781612662033e+00,-9.671436296577561320e-01,0.000000000000000000e+00
9.955619646030806180e+00,-9.410831331850695314e-01,0.000000000000000000e+00
9.958049275746622797e+00,-9.150161866339606709e-01,0.000000000000000000e+00
9.960410654107700879e+00,-8.889429686643623985e-01,0.000000000000000000e+00
9.962703764929415229e+00,-8.628636579791915118e-01,0.000000000000000000e+00
9.964928592495047255e+00,-8.367784333231143012e-01,0.000000000000000000e+00
9.967085121555872007e+00,-8.106874734813486194e-01,0.000000000000000000e+00
9.969173337331282525e+00,-7.845909572784119934e-01,0.000000000000000000e+00
9.971193225508882207e+00,-7.584890635769043765e-01,0.000000000000000000e+00
9.973144772244582512e+00,-7.323819712762826839e-01,0.000000000000000000e+00
9.975027964162704208e+00,-7.062698593116343293e-01,0.000000000000000000e+00
9.976842788356055536e+00,-6.801529066524507616e-01,0.000000000000000000e+00
9.978589232386037011e+00,-6.540312923014013347e-01,0.000000000000000000e+00
9.980267284282717810e+00,-6.279051952931059555e-01,0.000000000000000000e+00
9.981876932544915704e+00,-6.017747946929083991e-01,0.000000000000000000e+00
9.983418166140285877e+00,-5.756402695956484017e-01,0.000000000000000000e+00
9.984890974505379546e+00,-5.495017991244346423e-01,0.000000000000000000e+00
9.986295347545739887e+00,-5.233595624294171689e-01,0.000000000000000000e+00
9.987631275635948214e+00,-4.972137386865589370e-01,0.000000000000000000e+00
9.988898749619700368e+00,-4.710645070964086245e-01,0.000000000000000000e+00
9.990097760809875993e+00,-4.449120468828715036e-01,0.000000000000000000e+00
9.991228300988584721e+00,-4.187565372919815898e-01,0.000000000000000000e+00
9.992290362407230120e+00,-3.925981575906729582e-01,0.000000000000000000e+00
9.993283937786562987e+00,-3.664370870655513368e-01,0.000000000000000000e+00
9.994209020316729308e+00,-3.402735050216645907e-01,0.000000000000000000e+00
9.995065603657316444e+00,-3.141075907812747037e-01,0.000000000000000000e+00
9.995853681937397539e+00,-2.879395236826280957e-01,0.000000000000000000e+00
9.996573249755572377e+00,-2.617694830787265503e-01,0.000000000000000000e+00
9.997224302180004685e+00,-2.355976483360981977e-01,0.000000000000000000e+00
9.997806834748455884e+00,-2.094241988335679150e-01,0.000000000000000000e+00
9.998320843468308183e+00,-1.832493139610278932e-01,0.000000000000000000e+00
9.998766324816605433e+00,-1.570731731182083146e-01,0.000000000000000000e+00
9.999143275740070891e+00,-1.308959557134475871e-01,0.000000000000000000e+00
9.999451693655121431e+00,-1.047178411624627437e-01,0.000000000000000000e+00
9.999691576447895969e+00,-7.853900888711977391e-02,0.000000000000000000e+00
9.999862922474267890e+00,-5.235963831420387127e-02,0.000000000000000000e+00
9.999965730559846833e+00,-2.617990887418963908e-02,0.000000000000000000e+00
1.000000000000000000e+01,-1.133107779529595844e-14,0.000000000000000000e+00
9.999965730559846833e+00,2.617990887416697665e-02,0.000000000000000000e+00
9.999862922474267890e+00,5.235963831418120884e-02,0.000000000000000000e+00
9.999691576447897745e+00,7.853900888709712536e-02,0.000000000000000000e+00
9.999451693655121431e+00,1.047178411624400951e-01,0.000000000000000000e+00
9.999143275740070891e+00,1.308959557134249385e-01,0.000000000000000000e+00
9.998766324816605433e+00,1.570731731181856661e-01,0.000000000000000000e+00
9.998320843468308183e+00,1.832493139610052446e-01,0.000000000000000000e+00
9.997806834748455884e+00,2.094241988335452109e-01,0.000000000000000000e+00
9.997224302180006461e+00,2.355976483360755491e-01,0.000000000000000000e+00
9.996573249755574153e+00,2.617694830787039018e-01,0.000000000000000000e+00
9.995853681937397539e+00,2.879395236826054472e-01,0.000000000000000000e+00
9.995065603657316444e+00,3.141075907812520551e-01,0.000000000000000000e+00
9.994209020316729308e+00,3.402735050216419976e-01,0.000000000000000000e+00
9.993283937786562987e+00,3.664370870655286327e-01,0.000000000000000000e+00
9.992290362407231896e+00,3.925981575906503651e-01,0.000000000000000000e+00
9.991228300988584721e+00,4.187565372919588857e-01,0.000000000000000000e+00
9.990097760809875993e+00,4.449120468828488550e-01,0.000000000000000000e+00
9.988898749619700368e+00,4.710645070963859760e-01,0.000000000000000000e+00
9.987631275635948214e+00,4.972137386865363440e-01,0.000000000000000000e+00
9.986295347545739887e+00,5.233595624293945203e-01,0.000000000000000000e+00
9.984890974505381323e+00,5.495017991244119937e-01,0.000000000000000000e+00
9.983418166140285877e+00,5.756402695956257531e-01,0.000000000000000000e+00
9.981876932544917480e+00,6.017747946928857505e-01,0.000000000000000000e+00
9.980267284282719586e+00,6.279051952930834180e-01,0.000000000000000000e+00
9.978589232386038788e+00,6.540312923013786861e-01,0.000000000000000000e+00
9.976842788356055536e+00,6.801529066524281131e-01,0.000000000000000000e+00
9.975027964162704208e+00,7.062698593116116808e-01,0.000000000000000000e+00
9.973144772244586065e+00,7.323819712762601464e-01,0.000000000000000000e+00
9.971193225508883984e+00,7.584890635768817280e-01,0.000000000000000000e+00
9.969173337331284301e+00,7.845909572783894559e-01,0.000000000000000000e+00
9.967085121555873783e+00,8.106874734813260819e-01,0.000000000000000000e+00
9.964928592495049031e+00,8.367784333230916527e-01,0.000000000000000000e+00
9.962703764929418782e+00,8.628636579791688632e-01,0.000000000000000000e+00
9.960410654107702655e+00,8.889429686643486317e-01,0.000000000000000000e+00
9.958049275746622797e+00,9.150161866339557859e-01,0.000000000000000000e+00
9.955619646030806180e+00,9.410831331850734172e-01,0.000000000000000000e+00
9.953121781612662033e+00,9.671436296577690106e-01,0.000000000000000000e+00
9.950555699612269933e+00,9.931974974363172448e-01,0.000000000000000000e+00
9.947921417617273221e+00,1.019244557950425900e+00,0.000000000000000000e+00
9.945218953682742224e+00,1.045284632676458658e+00,0.000000000000000000e+00
9.942448326331062347e+00,1.071317543138658790e+00,0.000000000000000000e+00
9.939609554551806170e+00,1.097343110910373509e+00,0.000000000000000000e+00
9.936702657801594896e+00,1.123361157615274442e+00,0.000000000000000000e+00
9.933727656003974005e+00,1.149371504928583754e+00,0.000000000000000000e+00
9.930684569549272922e+00,1.175373974578292291e+00,0.000000000000000000e+00
9.927573419294464685e+00,1.201368388346385263e+00,0.000000000000000000e+00
9.924394226563027388e+00,1.227354568070061269e+00,0.000000000000000000e+00
9.921147013144789639e+00,1.253332335642953543e+00,0.000000000000000000e+00
9.917831801295788452e+00,1.279301513016352754e+00,0.000000000000000000e+00
9.914448613738116478e+00,1.305261922200423808e+00,0.000000000000000000e+00
9.910997473659760360e+00,1.331213385265430205e+00,0.000000000000000000e+00
9.907478404714449738e+00,1.357155724342948622e+00,0.000000000000000000e+00
9.903891431021486724e+00,1.383088761627092822e+00,0.000000000000000000e+00
9.900236577165589580e+00,1.409012319375728461e+00,0.000000000000000000e+00
9.896513868196716857e+00,1.434926219911693224e+00,0.000000000000000000e+00
9.892723329629898643e+00,1.460830285624014735e+00,0.000000000000000000e+00
9.888864987445062482e+00,1.486724338969126702e+00,0.000000000000000000e+00
9.884938868086850405e+00,1.512608202472087493e+00,0.000000000000000000e+00
9.880944998464450180e+00,1.538481698727794278e+00,0.000000000000000000e+00
9.876883405951394579e+00,1.564344650402200942e+00,0.000000000000000000e+00
9.872754118385383748e+00,1.590196880233532450e+00,0.000000000000000000e+00
9.868557164068091581e+00,1.616038211033500538e+00,0.000000000000000000e+00
9.864292571764973871e+00,1.641868465688516743e+00,0.000000000000000000e+00
9.859960370705069366e+00,1.667687467160908765e+00,0.000000000000000000e+00
9.855560590580797253e+00,1.693495038490130611e+00,0.000000000000000000e+00
9.851093261547759994e+00,1.719291002793978507e+00,0.000000000000000000e+00
9.846558414224528377e+00,1.745075183269801045e+00,0.000000000000000000e+00
9.841956079692440795e+00,1.770847403195712655e+00,0.000000000000000000e+00
9.837286289495381197e+00,1.796607485931803749e+00,0.000000000000000000e+00
9.832549075639567704e+00,1.822355254921351086e+00,0.000000000000000000e+00
9.827744470593337667e+00,1.848090533692029691e+00,0.000000000000000000e+00
9.822872507286909638e+00,1.873813145857119888e+00,0.000000000000000000e+00
9.817933219112180865e+00,1.899522915116718336e+00,0.000000000000000000e+00
9.812926639922476824e+00,1.925219665258944834e+00,0.000000000000000000e+00
9.807852804032330951e+00,1.950903220161151808e+00,0.000000000000000000e+00
9.802711746217244837e+00,1.976573403791128891e+00,0.000000000000000000e+00
9.797503501713455520e+00,2.002230040208312634e+00,0.000000000000000000e+00
9.792228106217686801e+00,2.027872953564989089e+00,0.000000000000000000e+00
9.786885595886907652e+00,2.053501968107501963e+00,0.000000000000000000e+00
9.781476007338085310e+00,2.079116908177454537e+00,0.000000000000000000e+00
9.775999377647936583e+00,2.104717598212916485e+00,0.000000000000000000e+00
9.770455744352666727e+00,2.130303862749624244e+00,0.000000000000000000e+00
9.764845145447718977e+00,2.155875526422185384e+00,0.000000000000000000e+00
9.759167619387506321e+00,2.181432413965280759e+00,0.000000000000000000e+00
9.753423205085159253e+00,2.206974350214864877e+00,0.000000000000000000e+00
9.747611941912252220e+00,2.232501160109366278e+00,0.000000000000000000e+00
9.741733869698528281e+00,2.258012668690887903e+00,0.000000000000000000e+00
9.735789028731637984e+00,2.283508701106406580e+00,0.000000000000000000e+00
9.729777459756856928e+00,2.308989082608971621e+00,0.000000000000000000e+00
9.723699203976803318e+00,2.334453638558900312e+00,0.000000000000000000e+00
9.717554303051162634e+00,2.359902194424978283e+00,0.000000000000000000e+00
9.711342799096398082e+00,2.385334575785652333e+00,0.000000000000000000e+00
9.705064734685462824e+00,2.410750608330228584e+00,0.000000000000000000e+00
9.698720152847506881e+00,2.436150117860065745e+00,0.000000000000000000e+00
9.692309097067585810e+00,2.461532930289769272e+00,0.000000000000000000e+00
9.685831611286353393e+00,2.486898871648385523e+00,0.000000000000000000e+00
9.679287739899773868e+00,2.512247768080591470e+00,0.000000000000000000e+00
9.672677527758811067e+00,2.537579445847890636e+00,0.000000000000000000e+00
9.666001020169117552e+00,2.562893731329799252e+00,0.000000000000000000e+00
9.659258262890727309e+00,2.588190451025039085e+00,0.000000000000000000e+00
9.652449302137746656e+00,2.613469431552726263e+00,0.000000000000000000e+00
9.645574184578027399e+00,2.638730499653557438e+00,0.000000000000000000e+00
9.638632957332857742e+00,2.663973482191002162e+00,0.000000000000000000e+00
9.631625667976630112e+00,2.689198206152482840e+00,0.000000000000000000e+00
9.624552364536523186e+00,2.714404498650567099e+00,0.000000000000000000e+00
9.617413095492164388e+00,2.739592186924147299e+00,0.000000000000000000e+00
9.610207909775304813e+00,2.764761098339629797e+00,0.000000000000000000e+00
9.602936856769483498e+00,2.789911060392112674e+00,0.000000000000000000e+00
9.595599986309679252e+00,2.815041900706572342e+00,0.000000000000000000e+00
9.588197348681985588e+00,2.840153447039043044e+00,0.000000000000000000e+00
9.580728994623246564e+00,2.865245527277799020e+00,0.000000000000000000e+00
9.573194975320728162e+00,2.890317969444530455e+00,0.000000000000000000e+00
9.565595342411755908e+00,2.915370601695526531e+00,0.000000000000000000e+00
9.557930147983359603e+00,2.940403252322851380e+00,0.000000000000000000e+00
9.550199444571925156e+00,2.965415749755520025e+00,0.000000000000000000e+00
9.542403285162828652e+00,2.990407922560675669e+00,0.000000000000000000e+00
9.534541723190073981e+00,3.015379599444764303e+00,0.000000000000000000e+00
9.526614812535925125e+00,3.040330609254708882e+00,0.000000000000000000e+00
9.518622607530540236e+00,3.065260780979081723e+00,0.000000000000000000e+00
9.510565162951600371e+00,3.090169943749277337e+00,0.000000000000000000e+00
9.502442534023924026e+00,3.115057926840683500e+00,0.000000000000000000e+00
9.494254776419104758e+00,3.139924559673850091e+00,0.000000000000000000e+00
9.486001946255113282e+00,3.164769671815660601e+00,0.000000000000000000e+00
9.477684100095926212e+00,3.189593092980497424e+00,0.000000000000000000e+00
9.469301294951126380e+00,3.214394653031412030e+00,0.000000000000000000e+00
9.460853588275522696e+00,3.239174181981288925e+00,0.000000000000000000e+00
9.452341037968754023e+00,3.263931509994011382e+00,0.000000000000000000e+00
9.443763702374884161e+00,3.288666467385624514e+00,0.000000000000000000e+00
9.435121640282009281e+00,3.313378884625501009e+00,0.000000000000000000e+00
9.426414910921858237e+00,3.338068592337499307e+00,0.000000000000000000e+00
9.417643573969378679e+00,3.362735421301126681e+00,0.000000000000000000e+00
9.408807689542332042e+00,3.387379202452700522e+00,0.000000000000000000e+00
9.399907318200877882e+00,3.411999766886504304e+00,0.000000000000000000e+00
9.390942520947170635e+00,3.436596945855944885e+00,0.000000000000000000e+00
9.381913359224920868e+00,3.461170570774712463e+00,0.000000000000000000e+00
9.372819894918997363e+00,3.485720473217933879e+00,0.000000000000000000e+00
9.363662190354981263e+00,3.510246484923325472e+00,0.000000000000000000e+00
9.354440308298757500e+00,3.534748437792350373e+00,0.000000000000000000e+00
9.345154311956070714e+00,3.559226163891366479e+00,0.000000000000000000e+00
9.335804264972102473e+00,3.583679495452778863e+00,0.000000000000000000e+00
9.326390231431028965e+00,3.608108264876193072e+00,0.000000000000000000e+00
9.316912275855578685e+00,3.632512304729557773e+00,0.000000000000000000e+00
9.307370463206597222e+00,3.656891447750315827e+00,0.000000000000000000e+00
9.297764858882604955e+00,3.681245526846550931e+00,0.000000000000000000e+00
9.288095528719335192e+00,3.705574375098132478e+00,0.000000000000000000e+00
9.278362538989293640e+00,3.729877825757857757e+00,0.000000000000000000e+00
9.268565956401301875e+00,3.754155712252598143e+00,0.000000000000000000e+00
9.258705848100042601e+00,3.778407868184437302e+00,0.000000000000000000e+00
9.248782281665592464e+00,3.802634127331814273e+00,0.000000000000000000e+00
9.238795325112965529e+00,3.826834323650661229e+00,0.000000000000000000e+00
9.228745046891642545e+00,3.851008291275542561e+00,0.000000000000000000e+00
9.218631515885105543e+00,3.875155864520791305e+00,0.000000000000000000e+00
9.208454801410363544e+00,3.899276877881642900e+00,0.000000000000000000e+00
9.198214973217478274e+00,3.923371166035373836e+00,0.000000000000000000e+00
9.187912101489088101e+00,3.947438563842430526e+00,0.000000000000000000e+00
9.177546256839917760e+00,3.971478906347562621e+00,0.000000000000000000e+00
9.167117510316307616e+00,3.995492028780955440e+00,0.000000000000000000e+00
9.156625933395719841e+00,4.019477766559355736e+00,0.000000000000000000e+00
9.146071597986244583e+00,4.043435955287202788e+00,0.000000000000000000e+00
9.135454576426120354e+00,4.067366430757753726e+00,0.000000000000000000e+00
9.124774941483218882e+00,4.091269028954208409e+00,0.000000000000000000e+00
9.114032766354565496e+00,4.115143586050836966e+00,0.000000000000000000e+00
9.103228124665825760e+00,4.138989938414096237e+00,0.000000000000000000e+00
9.092361090470802765e+00,4.162807922603758648e+00,0.000000000000000000e+00
9.081431738250930863e+00,4.186597375374026875e+00,0.000000000000000000e+00
9.070440142914769410e+00,4.210358133674654724e+00,0.000000000000000000e+00
9.059386379797478739e+00,4.234090034652066237e+00,0.000000000000000000e+00
9.048270524660317449e+00,4.257792915650468579e+00,0.000000000000000000e+00
9.037092653690109501e+00,4.281466614212970256e+00,0.000000000000000000e+00
9.025852843498730849e+00,4.305110968082691336e+00,0.000000000000000000e+00
9.014551171122581863e+00,4.328725815203878113e+00,0.000000000000000000e+00
9.003187714022061527e+00,4.352310993723012444e+00,0.000000000000000000e+00
8.991762550081030980e+00,4.375866341989921970e+00,0.000000000000000000e+00
8.980275757606285936e+00,4.399391698558886787e+00,0.000000000000000000e+00
8.968727415327014896e+00,4.422886902189747005e+00,0.000000000000000000e+00
8.957117602394260913e+00,4.446351791849007640e+00,0.000000000000000000e+00
8.945446398380385133e+00,4.469786206710942622e+00,0.000000000000000000e+00
8.933713883278510792e+00,4.493189986158697025e+00,0.000000000000000000e+00
8.921920137501984982e+00,4.516562969785385739e+00,0.000000000000000000e+00
8.910065241883817322e+00,4.539904997395196595e+00,0.000000000000000000e+00
8.898149277676136393e+00,4.563215909004486370e+00,0.000000000000000000e+00
8.886172326549630185e+00,4.586495544842875915e+00,0.000000000000000000e+00
8.874134470592974111e+00,4.609743745354348832e+00,0.000000000000000000e+00
8.862035792312290994e+00,4.632960351198341264e+00,0.000000000000000000e+00
8.849876374630564868e+00,4.656145203250837028e+00,0.000000000000000000e+00
8.837656300887081429e+00,4.679298142605455624e+00,0.000000000000000000e+00
8.825375654836859596e+00,4.702419010574542924e+00,0.000000000000000000e+00
8.813034520650072423e+00,4.725507648690260076e+00,0.000000000000000000e+00
8.800632982911469782e+00,4.748563898705665309e+00,0.000000000000000000e+00
8.788171126619806373e+00,4.771587602595801947e+00,0.000000000000000000e+00
8.775649037187246648e+00,4.794578602558782876e+00,0.000000000000000000e+00
8.763066800438792825e+00,4.817536741016868795e+00,0.000000000000000000e+00
8.750424502611682698e+00,4.840461860617548240e+00,0.000000000000000000e+00
8.737722230354812325e+00,4.863353804234618494e+00,0.000000000000000000e+00
8.724960070728132067e+00,4.886212414969262063e+00,0.000000000000000000e+00
8.712138111202056834e+00,4.909037536151120484e+00,0.000000000000000000e+00
8.699256439656860351e+00,4.931829011339367241e+00,0.000000000000000000e+00
8.686315144382078302e+00,4.954586684323785128e+00,0.000000000000000000e+00
8.673314314075897258e+00,4.977310399125831175e+00,0.000000000000000000e+00
8.660254037844554276e+00,4.999999999999707789e+00,0.000000000000000000e+00
8.647134405201720497e+00,5.022655331433432124e+00,0.000000000000000000e+00
8.633955506067888308e+00,5.045276238149898340e+00,0.000000000000000000e+00
8.620717430769756717e+00,5.067862565107946082e+00,0.000000000000000000e+00
8.607420270039611410e+00,5.090414157503416526e+00,0.000000000000000000e+00
8.594064115014703020e+00,5.112930860770223518e+00,0.000000000000000000e+00
8.580649057236623634e+00,5.135412520581402518e+00,0.000000000000000000e+00
8.567175188650676176e+00,5.157858982850175522e+00,0.000000000000000000e+00
8.553642601605247364e+00,5.180270093731001779e+00,0.000000000000000000e+00
8.540051388851173542e+00,5.202645699620638275e+00,0.000000000000000000e+00
8.526401643541106523e+00,5.224985647159186897e+00,0.000000000000000000e+00
8.512693459228870552e+00,5.247289783231147808e+00,0.000000000000000000e+00
8.498926929868828140e+00,5.269557954966472835e+00,0.000000000000000000e+00
8.485102149815226369e+00,5.291790009741601963e+00,0.000000000000000000e+00
8.471219213821562732e+00,5.313985795180523830e+00,0.000000000000000000e+00
8.457278217039924328e+00,5.336145159155809559e+00,0.000000000000000000e+00
8.443279255020344820e+00,5.358267949789659035e+00,0.000000000000000000e+00
8.429222423710140077e+00,5.380354015454943628e+00,0.000000000000000000e+00
8.415107819453259808e+00,5.402403204776241807e+00,0.000000000000000000e+00
8.400935538989619644e+00,5.424415366630878310e+00,0.000000000000000000e+00
8.386705679454442119e+00,5.446390350149961534e+00,0.000000000000000000e+00
8.372418338377592306e+00,5.468328004719412938e+00,0.000000000000000000e+00
8.358073613682906355e+00,5.490228179981006207e+00,0.000000000000000000e+00
8.343671603687521809e+00,5.512090725833390437e+00,0.000000000000000000e+00
8.329212407101202587e+00,5.533915492433126637e+00,0.000000000000000000e+00
8.314696123025662189e+00,5.555702330195707361e+00,0.000000000000000000e+00
8.300122850953886910e+00,5.577451089796586992e+00,0.000000000000000000e+00
8.285492690769450164e+00,5.599161622172199593e+00,0.000000000000000000e+00
8.270805742745833911e+00,5.620833778520989199e+00,0.000000000000000000e+00
8.256062107545732331e+00,5.642467410304422337e+00,0.000000000000000000e+00
8.241261886220375033e+00,5.664062369248009432e+00,0.000000000000000000e+00
8.226405180208818280e+00,5.685618507342320882e+00,0.000000000000000000e+00
8.211492091337262877e+00,5.707135676843996919e+00,0.000000000000000000e+00
8.196522721818348955e+00,5.728613730276769012e+00,0.000000000000000000e+00
8.181497174250459636e+00,5.750052520432465286e+00,0.000000000000000000e+00
8.166415551617017599e+00,5.771451900372014165e+00,0.000000000000000000e+00
8.151277957285770981e+00,5.792811723426465775e+00,0.000000000000000000e+00
8.136084495008100603e+00,5.814131843197982263e+00,0.000000000000000000e+00
8.120835268918295213e+00,5.835412113560851211e+00,0.000000000000000000e+00
8.105530383532840943e+00,5.856652388662481279e+00,0.000000000000000000e+00
8.090169943749710768e+00,5.877852522924405854e+00,0.000000000000000000e+00
8.074754054847637974e+00,5.899012371043278691e+00,0.000000000000000000e+00
8.059282822485398512e+00,5.920131787991867789e+00,0.000000000000000000e+00
8.043756352701086243e+00,5.941210629020057254e+00,0.000000000000000000e+00
8.028174751911388185e+00,5.962248749655829627e+00,0.000000000000000000e+00
8.012538126910852654e+00,5.983246005706261528e+00,0.000000000000000000e+00
7.996846584871153851e+00,6.004202253258510424e+00,0.000000000000000000e+00
7.981100233340363559e+00,6.025117348680804064e+00,0.000000000000000000e+00
7.965299180242213950e+00,6.045991148623417466e+00,0.000000000000000000e+00
7.949443533875353296e+00,6.066823510019665022e+00,0.000000000000000000e+00
7.933533402912606114e+00,6.087614290086874824e+00,0.000000000000000000e+00
7.917568896400228873e+00,6.108363346327365662e+00,0.000000000000000000e+00
7.901550123757163036e+00,6.129070536529432012e+00,0.000000000000000000e+00
7.885477194774278331e+00,6.149735718768308601e+00,0.000000000000000000e+00
7.869350219613635566e+00,6.170358751407151843e+00,0.000000000000000000e+00
7.853169308807713911e+00,6.190939493098004398e+00,0.000000000000000000e+00
7.836934573258663939e+00,6.211477802782767732e+00,0.000000000000000000e+00
7.820646124237546459e+00,6.231973539694166675e+00,0.000000000000000000e+00
7.804304073383567797e+00,6.252426563356713984e+00,0.000000000000000000e+00
7.787908532703312403e+00,6.272836733587679348e+00,0.000000000000000000e+00
7.771459614569982577e+00,6.293203910498036180e+00,0.000000000000000000e+00
7.754957431722619532e+00,6.313527954493438621e+00,0.000000000000000000e+00
7.738402097265338675e+00,6.333808726275163004e+00,0.000000000000000000e+00
7.721793724666548009e+00,6.354046086841069751e+00,0.000000000000000000e+00
7.705132427758173641e+00,6.374239897486556394e+00,0.000000000000000000e+00
7.688418320734879075e+00,6.394390019805507031e+00,0.000000000000000000e+00
7.671651518153280946e+00,6.414496315691237349e+00,0.000000000000000000e+00
7.654832134931169207e+00,6.434558647337446757e+00,0.000000000000000000e+00
7.637960286346711314e+00,6.454576877239163402e+00,0.000000000000000000e+00
7.621036088037669742e+00,6.474550868193677644e+00,0.000000000000000000e+00
7.604059656000602629e+00,6.494480483301493301e+00,0.000000000000000000e+00
7.587031106590076845e+00,6.514365585967260230e+00,0.000000000000000000e+00
7.569950556517861529e+00,6.534206039900710472e+00,0.000000000000000000e+00
7.552818122852134941e+00,6.554001709117595276e+00,0.000000000000000000e+00
7.535633923016680669e+00,6.573752457940612359e+00,0.000000000000000000e+00
7.518398074790076713e+00,6.593458151000342937e+00,0.000000000000000000e+00
7.501110696304900571e+00,6.613118653236172761e+00,0.000000000000000000e+00
7.483771906046906786e+00,6.632733829897220268e+00,0.000000000000000000e+00
7.466381822854222250e+00,6.652303546543261170e+00,0.000000000000000000e+00
7.448940565916531753e+00,6.671827669045649500e+00,0.000000000000000000e+00
7.431448254774255524e+00,6.691306063588235098e+00,0.000000000000000000e+00
7.413905009317735662e+00,6.710738596668281986e+00,0.000000000000000000e+00
7.396310949786414568e+00,6.730125135097384970e+00,0.000000000000000000e+00
7.378666196768001839e+00,6.749465546002380911e+00,0.000000000000000000e+00
7.360970871197664245e+00,6.768759696826258221e+00,0.000000000000000000e+00
7.343225094357178406e+00,6.788007455329068129e+00,0.000000000000000000e+00
7.325428987874111897e+00,6.807208689588827966e+00,0.000000000000000000e+00
7.307582673720988353e+00,6.826363268002429763e+00,0.000000000000000000e+00
7.289686274214444595e+00,6.845471059286536430e+00,0.000000000000000000e+00
7.271739912014398399e+00,6.864531932478485921e+00,0.000000000000000000e+00
7.253743710123209176e+00,6.883545756937188287e+00,0.000000000000000000e+00
7.235697791884828867e+00,6.902512402344020082e+00,0.000000000000000000e+00
7.219414060211813755e+00,6.919541937673040266e+00,0.000000000000000000e+00
7.204724431016270358e+00,6.934835677441627766e+00,0.000000000000000000e+00
7.191476062162712957e+00,6.948573382165628587e+00,0.000000000000000000e+00
7.179530132514359231e+00,6.960915678006619700e+00,0.000000000000000000e+00
7.168760683953142809e+00,6.972006185898552033e+00,0.000000000000000000e+00
7.159053531711784046e+00,6.981973397978899598e+00,0.000000000000000000e+00
7.150305245504378071e+00,6.990932333824479095e+00,0.000000000000000000e+00
7.142422201844237151e+00,6.998986004458254584e+00,0.000000000000000000e+00
7.135319706421850761e+00,7.006226708232326850e+00,0.000000000000000000e+00
7.128921184347723816e+00,7.012737179401367094e+00,0.000000000000000000e+00
7.123157435339156685e+00,7.018591607393358522e+00,0.000000000000000000e+00
7.117965950464889779e+00,7.023856542386273105e+00,0.000000000000000000e+00
7.113290286792719463e+00,7.028591700747764293e+00,0.000000000000000000e+00
7.109079496163462686e+00,7.032850682136528420e+00,0.000000000000000000e+00
7.105287604300580817e+00,7.036681608554738787e+00,0.000000000000000000e+00
7.101873136529203379e+00,7.040127694342260156e+00,0.000000000000000000e+00
7.098798686497762134e+00,7.043227754984049405e+00,0.000000000000000000e+00
7.096030524452267230e+00,7.046016661635259304e+00,0.000000000000000000e+00
7.093538241794189680e+00,7.048525747431401811e+00,0.000000000000000000e+00
7.091294428847529474e+00,7.050783170924771248e+00,0.000000000000000000e+00
7.089274382961555432e+00,7.052814241356783143e+00,0.000000000000000000e+00
7.087455844276896677e+00,7.054641709925832060e+00,0.000000000000000000e+00
7.085818756680737351e+00,7.056286030729724601e+00,0.000000000000000000e+00
7.084345051668057280e+00,7.057765594641573159e+00,0.000000000000000000e+00
7.083018453009124471e+00,7.059096939009425142e+00,0.000000000000000000e+00
7.081824300296807095e+00,7.060294935746355804e+00,0.000000000000000000e+00
7.080749389610429212e+00,7.061372960092926476e+00,0.000000000000000000e+00
7.079781829685375172e+00,7.062343042082903644e+00,0.000000000000000000e+00
7.078910912119498633e+00,7.063216002521478742e+00,0.000000000000000000e+00
7.078126994278570727e+00,7.064001575089363882e+00,0.000000000000000000e+00
7.077421393684392825e+00,7.064708516012423445e+00,0.000000000000000000e+00
7.076786292780433030e+00,7.065344702582809333e+00,0.000000000000000000e+00
7.076214653072215199e+00,7.065917221680853899e+00,0.000000000000000000e+00
7.075700137733366368e+00,7.066432449325475318e+00,0.000000000000000000e+00
7.075237041853562836e+00,7.066896122172962258e+00,0.000000000000000000e+00
7.074820229582828190e+00,7.067313401787527205e+00,0.000000000000000000e+00
7.074445077497486523e+00,7.067688932421374304e+00,0.000000000000000000e+00
7.074107423577831177e+00,7.068026892965320940e+00,0.000000000000000000e+00
7.073803521246093240e+00,7.068331043662738011e+00,0.000000000000000000e+00
7.073529997966732985e+00,7.068604768118298409e+00,0.000000000000000000e+00
7.073283817959219455e+00,7.068851111078535254e+00,0.000000000000000000e+00
7.073062248617275394e+00,7.069072812412185769e+00,0.000000000000000000e+00
7.072862830268221046e+00,7.069272337674523676e+00,0.000000000000000000e+00
7.072683348941744441e+00,7.069451905600758757e+00,0.000000000000000000e+00
7.072521811850034368e+00,7.069613512838273550e+00,0.000000000000000000e+00
7.072376425310284986e+00,7.069758956196125155e+00,0.000000000000000000e+00
7.072245574867217499e+00,7.069889852661853880e+00,0.000000000000000000e+00
7.072127807397089683e+00,7.070007657410338986e+00,0.000000000000000000e+00
7.072021814996198863e+00,7.070113680006699930e+00,0.000000000000000000e+00
7.071926420476414066e+00,7.070209098984813423e+00,0.000000000000000000e+00
7.071840564307853683e+00,7.070294974964621559e+00,0.000000000000000000e+00
7.071763292864541306e+00,7.070372262455045131e+00,0.000000000000000000e+00
7.071693747843369238e+00,7.070441820474375305e+00,0.000000000000000000e+00
7.071631156739346835e+00,7.070504422106907327e+00,0.000000000000000000e+00
7.071574824271907644e+00,7.070560763102438528e+00,0.000000000000000000e+00
7.071524124667418754e+00,7.070611469614682676e+00,0.000000000000000000e+00
7.071478494712511775e+00,7.070657105164870337e+00,0.000000000000000000e+00
7.071437427501289008e+00,7.070698176908271293e+00,0.000000000000000000e+00
7.071400466807230778e+00,7.070735141273392976e+00,0.000000000000000000e+00
7.071367202017372122e+00,7.070768409036814361e+00,0.000000000000000000e+00
7.071337263572685217e+00,7.070798349890086598e+00,0.000000000000000000e+00
7.071310318864077793e+00,7.070825296549648087e+00,0.000000000000000000e+00
7.071286068538535474e+00,7.070849548455463207e+00,0.000000000000000000e+00
7.071264243174430142e+00,7.070871375099589962e+00,0.000000000000000000e+00
7.071244600289130489e+00,7.070891019021705581e+00,0.000000000000000000e+00
7.071226921645709318e+00,7.070908698504948298e+00,0.000000000000000000e+00
7.071211010828831078e+00,7.070924610002081501e+00,0.000000000000000000e+00
7.071196691063029505e+00,7.070938930318890314e+00,0.000000000000000000e+00
7.071183803249016186e+00,7.070951818579221282e+00,0.000000000000000000e+00
7.071172204196320088e+00,7.070963417993432643e+00,0.000000000000000000e+00
7.071161765032623947e+00,7.070973857449955879e+00,0.000000000000000000e+00
7.071152369772121027e+00,7.070983252947648623e+00,0.000000000000000000e+00
7.071143914026992938e+00,7.070991708884902138e+00,0.000000000000000000e+00
7.071136303847733728e+00,7.070999319219781754e+00,0.000000000000000000e+00
7.071129454679395465e+00,7.071006168514172074e+00,0.000000000000000000e+00
7.071123290422217877e+00,7.071012332873452877e+00,0.000000000000000000e+00
7.071117742586161548e+00,7.071017880792211940e+00,0.000000000000000000e+00
7.071112749529992136e+00,7.071022873915371321e+00,0.000000000000000000e+00
7.071108255776423768e+00,7.071027367723202062e+00,0.000000000000000000e+00
7.071104211395772055e+00,7.071031412147804396e+00,0.000000000000000000e+00
7.071100571451205852e+00,7.071035052127971454e+00,0.000000000000000000e+00
7.071097295499494173e+00,7.071038328108521398e+00,0.000000000000000000e+00
7.071094347141656300e+00,7.071041276489715699e+00,0.000000000000000000e+00
7.071091693618553720e+00,7.071043930031737368e+00,0.000000000000000000e+00
7.071089305446911055e+00,7.071046318218705551e+00,0.000000000000000000e+00
7.071087156091740766e+00,7.071048467586290798e+00,0.000000000000000000e+00
7.071085221671525645e+00,7.071050402016558323e+00,0.000000000000000000e+00
7.071083480692882617e+00,7.071052143003347723e+00,0.000000000000000000e+00
7.071081913811735120e+00,7.071053709891091721e+00,0.000000000000000000e+00
7.071080503618405899e+00,7.071055120089764223e+00,0.000000000000000000e+00
7.071079234444168193e+00,7.071056389268330022e+00,0.000000000000000000e+00
7.071078092187159214e+00,7.071057531528844642e+00,0.000000000000000000e+00
7.071077064155694814e+00,7.071058559563149437e+00,0.000000000000000000e+00
7.071076138927247179e+00,7.071059484793897454e+00,0.000000000000000000e+00
7.071075306221541013e+00,7.071060317501466130e+00,0.000000000000000000e+00
7.071074556786323129e+00,7.071061066938194806e+00,0.000000000000000000e+00
7.071073882294557578e+00,7.071061741431181602e+00,0.000000000000000000e+00
7.071073275251913870e+00,7.071062348474815629e+00,0.000000000000000000e+00
7.071072728913490479e+00,7.071062894814041044e+00,0.000000000000000000e+00
7.071072237208877453e+00,7.071063386519304217e+00,0.000000000000000000e+00
7.071071794674692157e+00,7.071063829054013539e+00,0.000000000000000000e+00
7.071071396393904251e+00,7.071064227335228658e+00,0.000000000000000000e+00
7.071071037941178083e+00,7.071064585788301216e+00,0.000000000000000000e+00
7.071070715333704015e+00,7.071064908396054172e+00,0.000000000000000000e+00
7.071070424986968028e+00,7.071065198743015756e+00,0.000000000000000000e+00
7.071070163674894715e+00,7.071065460055272922e+00,0.000000000000000000e+00
7.071069928494023493e+00,7.071065695236294246e+00,0.000000000000000000e+00
7.071069716831232199e+00,7.071065906899205444e+00,0.000000000000000000e+00
7.071069526334713196e+00,7.071066097395821259e+00,0.000000000000000000e+00
7.071069354887841385e+00,7.071066268842773006e+00,0.000000000000000000e+00
7.071069200585654357e+00,7.071066423145023094e+00,0.000000000000000000e+00
7.071069061713685322e+00,7.071066562017045420e+00,0.000000000000000000e+00
7.071068936728907239e+00,7.071066687001864359e+00,0.000000000000000000e+00
7.071068824242607853e+00,7.071066799488196608e+00,0.000000000000000000e+00
7.071068723004937162e+00,7.071066900725895721e+00,0.000000000000000000e+00
7.071068631891033185e+00,7.071066991839822791e+00,0.000000000000000000e+00
7.071068549888517296e+00,7.071067073842356443e+00,0.000000000000000000e+00
7.071068476086253440e+00,7.071067147644635398e+00,0.000000000000000000e+00
7.071068409664213128e+00,7.071067214066686368e+00,0.000000000000000000e+00
7.071068349884372495e+00,7.071067273846535883e+00,0.000000000000000000e+00
7.071068296082520632e+00,7.071067327648395739e+00,0.000000000000000000e+00
7.071068247660853956e+00,7.071067376070069521e+00,0.000000000000000000e+00
7.071068204081352171e+00,7.071067419649576635e+00,0.000000000000000000e+00
7.071068164859797278e+00,7.071067458871135081e+00,0.000000000000000000e+00
7.071068129560402760e+00,7.071067494170534040e+00,0.000000000000000000e+00
7.071068097790945473e+00,7.071067525939993104e+00,0.000000000000000000e+00
7.071068069198433115e+00,7.071067554532508126e+00,0.000000000000000000e+00
7.071068043465170483e+00,7.071067580265771646e+00,0.000000000000000000e+00
7.071068020305234292e+00,7.071067603425710502e+00,0.000000000000000000e+00
7.071067999461289055e+00,7.071067624269655738e+00,0.000000000000000000e+00
7.071067980701744027e+00,7.071067643029202543e+00,0.000000000000000000e+00
7.071067963818150837e+00,7.071067659912796621e+00,0.000000000000000000e+00
7.071067948622915544e+00,7.071067675108032802e+00,0.000000000000000000e+00
7.071067934947202538e+00,7.071067688783745808e+00,0.000000000000000000e+00
7.071067922639065806e+00,7.071067701091882540e+00,0.000000000000000000e+00
7.071067911561744523e+00,7.071067712169205599e+00,0.000000000000000000e+00
7.071067901592154037e+00,7.071067722138796086e+00,0.000000000000000000e+00
7.071067892619521622e+00,7.071067731111428500e+00,0.000000000000000000e+00
7.071067884544151916e+00,7.071067739186797318e+00,0.000000000000000000e+00
7.071067877276320246e+00,7.071067746454629876e+00,0.000000000000000000e+00
7.071067870735271654e+00,7.071067752995679356e+00,0.000000000000000000e+00
7.071067864848328277e+00,7.071067758882620957e+00,0.000000000000000000e+00
7.071067859550076662e+00,7.071067764180874349e+00,0.000000000000000000e+00
7.071067854781649231e+00,7.071067768949300891e+00,0.000000000000000000e+00
7.071067850490066142e+00,7.071067773240883980e+00,0.000000000000000000e+00
7.071067846627638431e+00,7.071067777103312579e+00,0.000000000000000000e+00
7.071067843151453758e+00,7.071067780579497253e+00,0.000000000000000000e+00
7.071067840022887907e+00,7.071067783708063104e+00,0.000000000000000000e+00
7.071067837207177575e+00,7.071067786523772547e+00,0.000000000000000000e+00
7.071067834673041119e+00,7.071067789057909003e+00,0.000000000000000000e+00
7.071067832392319730e+00,7.071067791338631281e+00,0.000000000000000000e+00
7.071067830339669236e+00,7.071067793391280887e+00,0.000000000000000000e+00
7.071067828492285656e+00,7.071067795238665354e+00,0.000000000000000000e+00
7.071067826829638747e+00,7.071067796901311375e+00,0.000000000000000000e+00
7.071067825333258838e+00,7.071067798397691284e+00,0.000000000000000000e+00
7.071067823986515677e+00,7.071067799744435334e+00,0.000000000000000000e+00
7.071067822774448786e+00,7.071067800956502225e+00,0.000000000000000000e+00
7.071067821683585386e+00,7.071067802047364736e+00,0.000000000000000000e+00
7.071067820701806284e+00,7.071067803029143839e+00,0.000000000000000000e+00
7.071067819818209088e+00,7.071067803912741923e+00,0.000000000000000000e+00
7.071067819022970546e+00,7.071067804707981352e+00,0.000000000000000000e+00
7.071067818307252395e+00,7.071067805423698616e+00,0.000000000000000000e+00
7.071067817663107213e+00,7.071067806067844685e+00,0.000000000000000000e+00
7.071067817083377172e+00,7.071067806647572951e+00,0.000000000000000000e+00
7.071067816561623864e+00,7.071067807169326258e+00,0.000000000000000000e+00
7.071067816092040381e+00,7.071067807638909741e+00,0.000000000000000000e+00
7.071067815669415779e+00,7.071067808061535231e+00,0.000000000000000000e+00
7.071067815289056924e+00,7.071067808441893199e+00,0.000000000000000000e+00
7.071067814946733421e+00,7.071067808784217590e+00,0.000000000000000000e+00
7.071067814638642979e+00,7.071067809092307144e+00,0.000000000000000000e+00
7.071067814361359005e+00,7.071067809369591117e+00,0.000000000000000000e+00
7.071067814111802186e+00,7.071067809619147937e+00,0.000000000000000000e+00
7.071067813887204068e+00,7.071067809843746943e+00,0.000000000000000000e+00
7.071067813685063541e+00,7.071067810045886581e+00,0.000000000000000000e+00
7.071067813503139732e+00,7.071067810227810391e+00,0.000000000000000000e+00
7.071067813339404040e+00,7.071067810391546082e+00,0.000000000000000000e+00
7.071067813192048135e+00,7.071067810538902876e+00,0.000000000000000000e+00
7.071067813059426221e+00,7.071067810671525677e+00,0.000000000000000000e+00
7.071067812940067476e+00,7.071067810790882646e+00,0.000000000000000000e+00
7.071067812832642296e+00,7.071067810898309602e+00,0.000000000000000000e+00
7.071067812735961411e+00,7.071067810994988712e+00,0.000000000000000000e+00
7.071067812648946571e+00,7.071067811082003551e+00,0.000000000000000000e+00
7.071067812570637656e+00,7.071067811160313354e+00,0.000000000000000000e+00
7.071067812500152705e+00,7.071067811230797417e+00,0.000000000000000000e+00
7.071067812436720779e+00,7.071067811294229344e+00,0.000000000000000000e+00
7.071067812379632223e+00,7.071067811351317900e+00,0.000000000000000000e+00
7.071067812328251989e+00,7.071067811402698133e+00,0.000000000000000000e+00
7.071067812282009868e+00,7.071067811448940255e+00,0.000000000000000000e+00
7.071067812240389827e+00,7.071067811490560295e+00,0.000000000000000000e+00
7.071067812202933567e+00,7.071067811528016556e+00,0.000000000000000000e+00
7.071067812169220090e+00,7.071067811561730032e+00,0.000000000000000000e+00
7.071067812138879916e+00,7.071067811592070207e+00,0.000000000000000000e+00
7.071067812111573758e+00,7.071067811619377252e+00,0.000000000000000000e+00
7.071067812086998750e+00,7.071067811643951373e+00,0.000000000000000000e+00
7.071067812064878666e+00,7.071067811666072345e+00,0.000000000000000000e+00
7.071067812044970147e+00,7.071067811685979976e+00,0.000000000000000000e+00
7.071067812027052035e+00,7.071067811703898087e+00,0.000000000000000000e+00
7.071067812010930709e+00,7.071067811720020302e+00,0.000000000000000000e+00
7.071067811996416097e+00,7.071067811734534025e+00,0.000000000000000000e+00
7.071067811983353657e+00,7.071067811747596465e+00,0.000000000000000000e+00
7.071067811971596839e+00,7.071067811759354171e+00,0.000000000000000000e+00
7.071067811961020411e+00,7.071067811769929712e+00,0.000000000000000000e+00
7.071067811951499138e+00,7.071067811779450984e+00,0.000000000000000000e+00
7.071067811942932657e+00,7.071067811788017465e+00,0.000000000000000000e+00
7.071067811935220604e+00,7.071067811795730407e+00,0.000000000000000000e+00
7.071067811928281266e+00,7.071067811802668857e+00,0.000000000000000000e+00
7.071067811922031154e+00,7.071067811808918968e+00,0.000000000000000000e+00
7.071067811916410761e+00,7.071067811814540249e+00,0.000000000000000000e+00
7.071067811911349033e+00,7.071067811819601090e+00,0.000000000000000000e+00
7.071067811906796230e+00,7.071067811824153893e+00,0.000000000000000000e+00
7.071067811902694622e+00,7.071067811828255500e+00,0.000000000000000000e+00
7.071067811899007793e+00,7.071067811831942329e+00,0.000000000000000000e+00
7.071067811895686006e+00,7.071067811835264116e+00,0.000000000000000000e+00
7.071067811892696398e+00,7.071067811838254613e+00,0.000000000000000000e+00
7.071067811890008770e+00,7.071067811840942241e+00,0.000000000000000000e+00
7.071067811887590260e+00,7.071067811843359863e+00,0.000000000000000000e+00
7.071067811885410670e+00,7.071067811845539453e+00,0.000000000000000000e+00
7.071067811883451348e+00,7.071067811847498774e+00,0.000000000000000000e+00
7.071067811881687426e+00,7.071067811849262696e+00,0.000000000000000000e+00
7.071067811880098475e+00,7.071067811850852536e+00,0.000000000000000000e+00
7.071067811878666731e+00,7.071067811852285168e+00,0.000000000000000000e+00
7.071067811877378873e+00,7.071067811853572138e+00,0.000000000000000000e+00
7.071067811876222464e+00,7.071067811854727658e+00,0.000000000000000000e+00
7.071067811875179743e+00,7.071067811855770380e+00,0.000000000000000000e+00
7.071067811874244491e+00,7.071067811856705632e+00,0.000000000000000000e+00
7.071067811873402498e+00,7.071067811857547625e+00,0.000000000000000000e+00
7.071067811872643105e+00,7.071067811858307017e+00,0.000000000000000000e+00
7.071067811871958320e+00,7.071067811858991803e+00,0.000000000000000000e+00
7.071067811871342812e+00,7.071067811859607311e+00,0.000000000000000000e+00
7.071067811870790365e+00,7.071067811860159757e+00,0.000000000000000000e+00
7.071067811870293873e+00,7.071067811860656249e+00,0.000000000000000000e+00
7.071067811869848008e+00,7.071067811861102115e+00,0.000000000000000000e+00
7.071067811869445663e+00,7.071067811861504460e+00,0.000000000000000000e+00
7.071067811869081510e+00,7.071067811861868613e+00,0.000000000000000000e+00
7.071067811868755548e+00,7.071067811862194574e+00,0.000000000000000000e+00
7.071067811868459785e+00,7.071067811862490338e+00,0.000000000000000000e+00
7.071067811868196884e+00,7.071067811862753238e+00,0.000000000000000000e+00
7.071067811867957964e+00,7.071067811862992158e+00,0.000000000000000000e+00
7.071067811867744801e+00,7.071067811863206209e+00,0.000000000000000000e+00
7.071067811867549402e+00,7.071067811863400721e+00,0.000000000000000000e+00
7.071067811867374431e+00,7.071067811863576580e+00,0.000000000000000000e+00
7.071067811867216335e+00,7.071067811863733787e+00,0.000000000000000000e+00
7.071067811867078667e+00,7.071067811863871455e+00,0.000000000000000000e+00
7.071067811866953434e+00,7.071067811863997576e+00,0.000000000000000000e+00
7.071067811866839747e+00,7.071067811864110375e+00,0.000000000000000000e+00
7.071067811866739383e+00,7.071067811864210739e+00,0.000000000000000000e+00
7.071067811866646124e+00,7.071067811864305774e+00,0.000000000000000000e+00
7.071067811866563524e+00,7.071067811864386599e+00,0.000000000000000000e+00
7.071067811866488029e+00,7.071067811864462094e+00,0.000000000000000000e+00
7.071067811866419639e+00,7.071067811864530483e+00,0.000000000000000000e+00
7.071067811866356578e+00,7.071067811864594432e+00,0.000000000000000000e+00
7.071067811866299735e+00,7.071067811864651276e+00,0.000000000000000000e+00
7.071067811866249997e+00,7.071067811864701014e+00,0.000000000000000000e+00
7.071067811866206476e+00,7.071067811864745423e+00,0.000000000000000000e+00
7.071067811866168284e+00,7.071067811864782726e+00,0.000000000000000000e+00
7.071067811866130981e+00,7.071067811864820030e+00,0.000000000000000000e+00
7.071067811866099007e+00,7.071067811864852004e+00,0.000000000000000000e+00
7.071067811866067032e+00,7.071067811864883090e+00,0.000000000000000000e+00
7.071067811866042163e+00,7.071067811864908847e+00,0.000000000000000000e+00
7.071067811866017294e+00,7.071067811864932828e+00,0.000000000000000000e+00
7.071067811865998642e+00,7.071067811864951480e+00,0.000000000000000000e+00
7.071067811865979991e+00,7.071067811864971020e+00,0.000000000000000000e+00
7.071067811865960451e+00,7.071067811864989672e+00,0.000000000000000000e+00
7.071067811865948904e+00,7.071067811865002994e+00,0.000000000000000000e+00
7.071067811865935582e+00,7.071067811865015429e+00,0.000000000000000000e+00
7.071067811865923147e+00,7.071067811865026975e+00,0.000000000000000000e+00
7.071067811865910713e+00,7.071067811865039410e+00,0.000000000000000000e+00
7.071067811865897390e+00,7.071067811865052732e+00,0.000000000000000000e+00
7.071067811865892061e+00,7.071067811865059838e+00,0.000000000000000000e+00
7.071067811865885844e+00,7.071067811865065167e+00,0.000000000000000000e+00
7.071067811865878738e+00,7.071067811865071384e+00,0.000000000000000000e+00
7.071067811865873409e+00,7.071067811865077601e+00,0.000000000000000000e+00
7.071067811865866304e+00,7.071067811865083819e+00,0.000000000000000000e+00
7.071067811865860975e+00,7.071067811865090036e+00,0.000000000000000000e+00
7.071067811865853869e+00,7.071067811865097141e+00,0.000000000000000000e+00
7.071067811865847652e+00,7.071067811865102470e+00,0.000000000000000000e+00
7.071067811865841435e+00,7.071067811865109576e+00,0.000000000000000000e+00
7.071067811865835218e+00,7.071067811865114905e+00,0.000000000000000000e+00
7.071067811865829000e+00,7.071067811865122010e+00,0.000000000000000000e+00
7.071067811865829000e+00,7.071067811865122010e+00,0.000000000000000000e+00
7.071067811865829000e+00,7.071067811865122010e+00,0.000000000000000000e+00
7.071067811865829000e+00,7.071067811865122010e+00,0.000000000000000000e+00
7.071067811865829000e+00,7.071067811865122010e+00,0.000000000000000000e+00
7.071067811865829000e+00,7.071067811865122010e+00,0.000000000000000000e+00
7.071067811865829000e+00,7.071067811865122010e+00,0.000000000000000000e+00
7.071067811865829000e+00,7.071067811865122010e+00,0.000000000000000000e+00
7.071067811865829000e+00,7.071067811865122010e+00,0.000000000000000000e+00
7.071067811865829000e+00,7.071067811865122010e+00,0.000000000000000000e+00
7.071067811865829000e+00,7.071067811865122010e+00,0.000000000000000000e+00
7.071067811865829000e+00,7.071067811865122010e+00,0.000000000000000000e+00
7.071067811865829000e+00,7.071067811865122010e+00,0.000000000000000000e+00
7.071067811865829000e+00,7.071067811865122010e+00,0.000000000000000000e+00
7.071067811865829000e+00,7.071067811865122010e+00,0.000000000000000000e+00
7.071067811865829000e+00,7.071067811865122010e+00,0.000000000000000000e+00
7.071067811865829000e+00,7.071067811865122010e+00,0.000000000000000000e+00
7.071067811865829000e+00,7.071067811865122010e+00,0.000000000000000000e+00
7.071067811865829000e+00,7.071067811865122010e+00,0.000000000000000000e+00
7.071067811865829000e+00,7.071067811865122010e+00,0.000000000000000000e+00
7.071067811865829000e+00,7.071067811865122010e+00,0.000000000000000000e+00
