ref_Yaw (deg),ref_Pitch (deg),ref_Roll (deg)
-4.500000000000000000e+01,0.000000000000000000e+00,0.000000000000000000e+00
-4.500000000000000000e+01,0.000000000000000000e+00,0.000000000000000000e+00
-4.500000000000000000e+01,0.000000000000000000e+00,0.000000000000000000e+00
-4.500000000000000000e+01,0.000000000000000000e+00,0.000000000000000000e+00
-4.500000000000000000e+01,0.000000000000000000e+00,0.000000000000000000e+00
-4.500000000000000000e+01,0.000000000000000000e+00,0.000000000000000000e+00
-4.500000000000000000e+01,0.000000000000000000e+00,0.000000000000000000e+00
-4.500000000000000000e+01,0.000000000000000000e+00,0.000000000000000000e+00
-4.500000000000000000e+01,0.000000000000000000e+00,0.000000000000000000e+00
-4.500000000000000000e+01,0.000000000000000000e+00,0.000000000000000000e+00
-4.500000000000000000e+01,0.000000000000000000e+00,0.000000000000000000e+00
-4.500000000000000000e+01,0.000000000000000000e+00,0.000000000000000000e+00
-4.500000000000000000e+01,0.000000000000000000e+00,0.000000000000000000e+00
-4.500000000000000000e+01,0.000000000000000000e+00,0.000000000000000000e+00
-4.500000000000000000e+01,0.000000000000000000e+00,0.000000000000000000e+00
-4.500000000000000000e+01,0.000000000000000000e+00,0.000000000000000000e+00
-4.500000000000000000e+01,0.000000000000000000e+00,0.000000000000000000e+00
-4.500000000000000000e+01,0.000000000000000000e+00,0.000000000000000000e+00
-4.500000000000000000e+01,0.000000000000000000e+00,0.000000000000000000e+00
-4.500000000000000000e+01,0.000000000000000000e+00,0.000000000000000000e+00
-4.500000000000000000e+01,0.000000000000000000e+00,0.000000000000000000e+00
-4.500000000000000000e+01,0.000000000000000000e+00,0.000000000000000000e+00
-4.500000000000000000e+01,0.000000000000000000e+00,0.000000000000000000e+00
-4.500000000000000000e+01,0.000000000000000000e+00,0.000000000000000000e+00
-4.500000000000000000e+01,0.000000000000000000e+00,0.000000000000000000e+00
-4.500000000000000000e+01,0.000000000000000000e+00,0.000000000000000000e+00
-4.500000000000000000e+01,0.000000000000000000e+00,0.000000000000000000e+00
-4.500000000000000000e+01,0.000000000000000000e+00,0.000000000000000000e+00
-4.500000000000000000e+01,0.000000000000000000e+00,0.000000000000000000e+00
-4.500000000000000000e+01,0.000000000000000000e+00,0.000000000000000000e+00
-4.500000000000000000e+01,0.000000000000000000e+00,0.000000000000000000e+00
-4.500000000000000000e+01,0.000000000000000000e+00,0.000000000000000000e+00
-4.500000000000000000e+01,0.000000000000000000e+00,0.000000000000000000e+00
-4.500000000000000000e+01,0.000000000000000000e+00,0.000000000000000000e+00
-4.500000000000000000e+01,0.000000000000000000e+00,0.000000000000000000e+00
-4.500000000000000000e+01,0.000000000000000000e+00,0.000000000000000000e+00
-4.500000000000000000e+01,0.000000000000000000e+00,0.000000000000000000e+00
-4.500000000000000000e+01,0.000000000000000000e+00,0.000000000000000000e+00
-4.500000000000000000e+01,0.000000000000000000e+00,0.000000000000000000e+00
-4.500000000000000000e+01,0.000000000000000000e+00,0.000000000000000000e+00
-4.500000000000000000e+01,0.000000000000000000e+00,0.000000000000000000e+00
-4.500000000000000000e+01,0.000000000000000000e+00,0.000000000000000000e+00
-4.500000000000000000e+01,0.000000000000000000e+00,0.000000000000000000e+00
-4.500000000000000000e+01,0.000000000000000000e+00,0.000000000000000000e+00
-4.500000000000000000e+01,0.000000000000000000e+00,0.000000000000000000e+00
-4.500000000000000000e+01,0.000000000000000000e+00,0.000000000000000000e+00
-4.500000000000000000e+01,0.000000000000000000e+00,0.000000000000000000e+00
-4.500000000000000000e+01,0.000000000000000000e+00,0.000000000000000000e+00
-4.500000000000000000e+01,0.000000000000000000e+00,0.000000000000000000e+00
-4.500000000000000000e+01,0.000000000000000000e+00,0.000000000000000000e+00
-4.500000000000000000e+01,0.000000000000000000e+00,0.000000000000000000e+00
-4.500000000000000000e+01,0.000000000000000000e+00,0.000000000000000000e+00
-4.500000000000000000e+01,0.000000000000000000e+00,0.000000000000000000e+00
-4.500000000000000000e+01,0.000000000000000000e+00,0.000000000000000000e+00
-4.500000000000000000e+01,0.000000000000000000e+00,0.000000000000000000e+00
-4.500000000000000000e+01,0.000000000000000000e+00,0.000000000000000000e+00
-4.500000000000000000e+01,0.000000000000000000e+00,0.000000000000000000e+00
-4.500000000000000000e+01,0.000000000000000000e+00,0.000000000000000000e+00
-4.500000000000000000e+01,0.000000000000000000e+00,0.000000000000000000e+00
-4.500000000000000000e+01,0.000000000000000000e+00,0.000000000000000000e+00
-4.500000000000000000e+01,0.000000000000000000e+00,0.000000000000000000e+00
-4.500000000000000000e+01,0.000000000000000000e+00,0.000000000000000000e+00
-4.500000000000000000e+01,0.000000000000000000e+00,0.000000000000000000e+00
-4.500000000000000000e+01,0.000000000000000000e+00,0.000000000000000000e+00
-4.500000000000000000e+01,0.000000000000000000e+00,0.000000000000000000e+00
-4.500000000000000000e+01,0.000000000000000000e+00,0.000000000000000000e+00
-4.500000000000000000e+01,0.000000000000000000e+00,0.000000000000000000e+00
-4.500000000000000000e+01,0.000000000000000000e+00,0.000000000000000000e+00
-4.500000000000000000e+01,0.000000000000000000e+00,0.000000000000000000e+00
-4.500000000000000000e+01,0.000000000000000000e+00,0.000000000000000000e+00
-4.500000000000000000e+01,0.000000000000000000e+00,0.000000000000000000e+00
-4.500000000000000000e+01,0.000000000000000000e+00,0.000000000000000000e+00
-4.500000000000000000e+01,0.000000000000000000e+00,0.000000000000000000e+00
-4.500000000000000000e+01,0.000000000000000000e+00,0.000000000000000000e+00
-4.500000000000000000e+01,0.000000000000000000e+00,0.000000000000000000e+00
-4.500000000000000000e+01,0.000000000000000000e+00,0.000000000000000000e+00
-4.500000000000000000e+01,0.000000000000000000e+00,0.000000000000000000e+00
-4.500000000000000000e+01,0.000000000000000000e+00,0.000000000000000000e+00
-4.500000000000000000e+01,0.000000000000000000e+00,0.000000000000000000e+00
-4.500000000000000000e+01,0.000000000000000000e+00,0.000000000000000000e+00
-4.500000000000000000e+01,0.000000000000000000e+00,0.000000000000000000e+00
-4.500000000000000000e+01,0.000000000000000000e+00,0.000000000000000000e+00
-4.500000000000000000e+01,0.000000000000000000e+00,0.000000000000000000e+00
-4.500000000000000000e+01,0.000000000000000000e+00,0.000000000000000000e+00
-4.500000000000000000e+01,0.000000000000000000e+00,0.000000000000000000e+00
-4.500000000000000000e+01,0.000000000000000000e+00,0.000000000000000000e+00
-4.500000000000000000e+01,0.000000000000000000e+00,0.000000000000000000e+00
-4.500000000000000000e+01,0.000000000000000000e+00,0.000000000000000000e+00
-4.500000000000000000e+01,0.000000000000000000e+00,0.000000000000000000e+00
-4.500000000000000000e+01,0.000000000000000000e+00,0.000000000000000000e+00
-4.500000000000000000e+01,0.000000000000000000e+00,0.000000000000000000e+00
-4.500000000000000000e+01,0.000000000000000000e+00,0.000000000000000000e+00
-4.500000000000000000e+01,0.000000000000000000e+00,0.000000000000000000e+00
-4.500000000000000000e+01,0.000000000000000000e+00,0.000000000000000000e+00
-4.500000000000000000e+01,0.000000000000000000e+00,0.000000000000000000e+00
-4.500000000000000000e+01,0.000000000000000000e+00,0.000000000000000000e+00
-4.500000000000000000e+01,0.000000000000000000e+00,0.000000000000000000e+00
-4.500000000000000000e+01,0.000000000000000000e+00,0.000000000000000000e+00
-4.500000000000000000e+01,0.000000000000000000e+00,0.000000000000000000e+00
-4.500000000000000000e+01,0.000000000000000000e+00,0.000000000000000000e+00
-4.500000000000000000e+01,0.000000000000000000e+00,0.000000000000000000e+00
-4.498499999999997812e+01,0.000000000000000000e+00,0.000000000000000000e+00
-4.495649999999995572e+01,0.000000000000000000e+00,0.000000000000000000e+00
-4.491584999999992789e+01,0.000000000000000000e+00,0.000000000000000000e+00
-4.486426499999995343e+01,0.000000000000000000e+00,0.000000000000000000e+00
-4.480283849999997869e+01,0.000000000000000000e+00,0.000000000000000000e+00
-4.473255464999997599e+01,0.000000000000000000e+00,0.000000000000000000e+00
-4.465429918499998507e+01,0.000000000000000000e+00,0.000000000000000000e+00
-4.456886926650000902e+01,0.000000000000000000e+00,0.000000000000000000e+00
-4.447698233985001082e+01,0.000000000000000000e+00,0.000000000000000000e+00
-4.437928410586499695e+01,0.000000000000000000e+00,0.000000000000000000e+00
-4.427635569527847537e+01,0.000000000000000000e+00,0.000000000000000000e+00
-4.416872012575061035e+01,0.000000000000000000e+00,0.000000000000000000e+00
-4.405684811317554761e+01,0.000000000000000000e+00,0.000000000000000000e+00
-4.394116330185800479e+01,0.000000000000000000e+00,0.000000000000000000e+00
-4.382204697167220075e+01,0.000000000000000000e+00,0.000000000000000000e+00
-4.369984227450498793e+01,0.000000000000000000e+00,0.000000000000000000e+00
-4.357485804705451216e+01,0.000000000000000000e+00,0.000000000000000000e+00
-4.344737224234904005e+01,0.000000000000000000e+00,0.000000000000000000e+00
-4.331763501811413875e+01,0.000000000000000000e+00,0.000000000000000000e+00
-4.318587151630274690e+01,0.000000000000000000e+00,0.000000000000000000e+00
-4.305228436467246667e+01,0.000000000000000000e+00,0.000000000000000000e+00
-4.291705592820520110e+01,0.000000000000000000e+00,0.000000000000000000e+00
-4.278035033538470344e+01,0.000000000000000000e+00,0.000000000000000000e+00
-4.264231530184625285e+01,0.000000000000000000e+00,0.000000000000000000e+00
-4.250308377166165030e+01,0.000000000000000000e+00,0.000000000000000000e+00
-4.236277539449551455e+01,0.000000000000000000e+00,0.000000000000000000e+00
-4.222149785504598185e+01,0.000000000000000000e+00,0.000000000000000000e+00
-4.207934806954137485e+01,0.000000000000000000e+00,0.000000000000000000e+00
-4.193641326258723012e+01,0.000000000000000000e+00,0.000000000000000000e+00
-4.179277193632851350e+01,0.000000000000000000e+00,0.000000000000000000e+00
-4.164849474269565377e+01,0.000000000000000000e+00,0.000000000000000000e+00
-4.150364526842609081e+01,0.000000000000000000e+00,0.000000000000000000e+00
-4.135828074158346368e+01,0.000000000000000000e+00,0.000000000000000000e+00
-4.121245266742510438e+01,0.000000000000000000e+00,0.000000000000000000e+00
-4.106620740068259323e+01,0.000000000000000000e+00,0.000000000000000000e+00
-4.091958666061432837e+01,0.000000000000000000e+00,0.000000000000000000e+00
-4.077262799455287023e+01,0.000000000000000000e+00,0.000000000000000000e+00
-4.062536519509760069e+01,0.000000000000000000e+00,0.000000000000000000e+00
-4.047782867558781561e+01,0.000000000000000000e+00,0.000000000000000000e+00
-4.033004580802901273e+01,0.000000000000000000e+00,0.000000000000000000e+00
-4.018204122722610094e+01,0.000000000000000000e+00,0.000000000000000000e+00
-4.003383710450349753e+01,0.000000000000000000e+00,0.000000000000000000e+00
-3.988545339405313683e+01,0.000000000000000000e+00,0.000000000000000000e+00
-3.973690805464784148e+01,0.000000000000000000e+00,0.000000000000000000e+00
-3.958821724918305307e+01,0.000000000000000000e+00,0.000000000000000000e+00
-3.943939552426473227e+01,0.000000000000000000e+00,0.000000000000000000e+00
-3.929045597183826999e+01,0.000000000000000000e+00,0.000000000000000000e+00
-3.914141037465441997e+01,0.000000000000000000e+00,0.000000000000000000e+00
-3.899226933718897925e+01,0.000000000000000000e+00,0.000000000000000000e+00
-3.884304240347010051e+01,0.000000000000000000e+00,0.000000000000000000e+00
-3.869373816312307213e+01,0.000000000000000000e+00,0.000000000000000000e+00
-3.854436434681078794e+01,0.000000000000000000e+00,0.000000000000000000e+00
-3.839492791212972378e+01,0.000000000000000000e+00,0.000000000000000000e+00
-3.824543512091675268e+01,0.000000000000000000e+00,0.000000000000000000e+00
-3.809589160882507031e+01,0.000000000000000000e+00,0.000000000000000000e+00
-3.794630244794256413e+01,0.000000000000000000e+00,0.000000000000000000e+00
-3.779667220314829734e+01,0.000000000000000000e+00,0.000000000000000000e+00
-3.764700498283349361e+01,0.000000000000000000e+00,0.000000000000000000e+00
-3.749730448455016329e+01,0.000000000000000000e+00,0.000000000000000000e+00
-3.734757403609516757e+01,0.000000000000000000e+00,0.000000000000000000e+00
-3.719781663248565451e+01,0.000000000000000000e+00,0.000000000000000000e+00
-3.704803496923709361e+01,0.000000000000000000e+00,0.000000000000000000e+00
-3.689823147231338396e+01,0.000000000000000000e+00,0.000000000000000000e+00
-3.674840832508206745e+01,0.000000000000000000e+00,0.000000000000000000e+00
-3.659856749257384934e+01,0.000000000000000000e+00,0.000000000000000000e+00
-3.644871074331645389e+01,0.000000000000000000e+00,0.000000000000000000e+00
-3.629883966898479031e+01,0.000000000000000000e+00,0.000000000000000000e+00
-3.614895570208633302e+01,0.000000000000000000e+00,0.000000000000000000e+00
-3.599906013187770526e+01,0.000000000000000000e+00,0.000000000000000000e+00
-3.584915411868992408e+01,0.000000000000000000e+00,0.000000000000000000e+00
-3.569923870682093536e+01,0.000000000000000000e+00,0.000000000000000000e+00
-3.554931483613883358e+01,0.000000000000000000e+00,0.000000000000000000e+00
-3.539938335252495705e+01,0.000000000000000000e+00,0.000000000000000000e+00
-3.524944501727246404e+01,0.000000000000000000e+00,0.000000000000000000e+00
-3.509950051554523043e+01,0.000000000000000000e+00,0.000000000000000000e+00
-3.494955046399073240e+01,0.000000000000000000e+00,0.000000000000000000e+00
-3.479959541759163955e+01,0.000000000000000000e+00,0.000000000000000000e+00
-3.464963587583248739e+01,0.000000000000000000e+00,0.000000000000000000e+00
-3.449967228824925769e+01,0.000000000000000000e+00,0.000000000000000000e+00
-3.434970505942434471e+01,0.000000000000000000e+00,0.000000000000000000e+00
-3.419973455348193170e+01,0.000000000000000000e+00,0.000000000000000000e+00
-3.404976109813376439e+01,0.000000000000000000e+00,0.000000000000000000e+00
-3.389978498832041254e+01,0.000000000000000000e+00,0.000000000000000000e+00
-3.374980648948836404e+01,0.000000000000000000e+00,0.000000000000000000e+00
-3.359982584053953047e+01,0.000000000000000000e+00,0.000000000000000000e+00
-3.344984325648560031e+01,0.000000000000000000e+00,0.000000000000000000e+00
-3.329985893083702564e+01,0.000000000000000000e+00,0.000000000000000000e+00
-3.314987303775334482e+01,0.000000000000000000e+00,0.000000000000000000e+00
-3.299988573397804004e+01,0.000000000000000000e+00,0.000000000000000000e+00
-3.284989716058026943e+01,0.000000000000000000e+00,0.000000000000000000e+00
-3.269990744452227460e+01,0.000000000000000000e+00,0.000000000000000000e+00
-3.254991670007004245e+01,0.000000000000000000e+00,0.000000000000000000e+00
-3.239992503006306634e+01,0.000000000000000000e+00,0.000000000000000000e+00
-3.224993252705675673e+01,0.000000000000000000e+00,0.000000000000000000e+00
-3.209993927435110805e+01,0.000000000000000000e+00,0.000000000000000000e+00
-3.194994534691603505e+01,0.000000000000000000e+00,0.000000000000000000e+00
-3.179995081222446984e+01,0.000000000000000000e+00,0.000000000000000000e+00
-3.164995573100206272e+01,0.000000000000000000e+00,0.000000000000000000e+00
-3.149996015790188864e+01,0.000000000000000000e+00,0.000000000000000000e+00
-3.134996414211170546e+01,0.000000000000000000e+00,0.000000000000000000e+00
-3.119996772790056383e+01,0.000000000000000000e+00,0.000000000000000000e+00
-3.104997095511053118e+01,0.000000000000000000e+00,0.000000000000000000e+00
-3.089997385959948772e+01,0.000000000000000000e+00,0.000000000000000000e+00
-3.074997647363958109e+01,0.000000000000000000e+00,0.000000000000000000e+00
-3.059997882627563470e+01,0.000000000000000000e+00,0.000000000000000000e+00
-3.044998094364809305e+01,0.000000000000000000e+00,0.000000000000000000e+00
-3.029998284928329255e+01,0.000000000000000000e+00,0.000000000000000000e+00
-3.014998456435497332e+01,0.000000000000000000e+00,0.000000000000000000e+00
-2.999998610791949005e+01,0.000000000000000000e+00,0.000000000000000000e+00
-2.984998749712756805e+01,0.000000000000000000e+00,0.000000000000000000e+00
-2.969998874741481742e+01,0.000000000000000000e+00,0.000000000000000000e+00
-2.954998987267334343e+01,0.000000000000000000e+00,0.000000000000000000e+00
-2.939999088540603367e+01,0.000000000000000000e+00,0.000000000000000000e+00
-2.924999179686543371e+01,0.000000000000000000e+00,0.000000000000000000e+00
-2.909999261717889141e+01,0.000000000000000000e+00,0.000000000000000000e+00
-2.894999335546100738e+01,0.000000000000000000e+00,0.000000000000000000e+00
-2.879999401991491936e+01,0.000000000000000000e+00,0.000000000000000000e+00
-2.864999461792343283e+01,0.000000000000000000e+00,0.000000000000000000e+00
-2.849999515613110290e+01,0.000000000000000000e+00,0.000000000000000000e+00
-2.834999564051798870e+01,0.000000000000000000e+00,0.000000000000000000e+00
-2.819999607646619566e+01,0.000000000000000000e+00,0.000000000000000000e+00
-2.804999646881958242e+01,0.000000000000000000e+00,0.000000000000000000e+00
-2.789999682193764841e+01,0.000000000000000000e+00,0.000000000000000000e+00
-2.774999713974387205e+01,0.000000000000000000e+00,0.000000000000000000e+00
-2.759999742576948378e+01,0.000000000000000000e+00,0.000000000000000000e+00
-2.744999768319254585e+01,0.000000000000000000e+00,0.000000000000000000e+00
-2.729999791487331606e+01,0.000000000000000000e+00,0.000000000000000000e+00
-2.714999812338601259e+01,0.000000000000000000e+00,0.000000000000000000e+00
-2.699999831104739911e+01,0.000000000000000000e+00,0.000000000000000000e+00
-2.684999847994264854e+01,0.000000000000000000e+00,0.000000000000000000e+00
-2.669999863194838952e+01,0.000000000000000000e+00,0.000000000000000000e+00
-2.654999876875357145e+01,0.000000000000000000e+00,0.000000000000000000e+00
-2.639999889187824778e+01,0.000000000000000000e+00,0.000000000000000000e+00
-2.624999900269040864e+01,0.000000000000000000e+00,0.000000000000000000e+00
-2.609999910242136778e+01,0.000000000000000000e+00,0.000000000000000000e+00
-2.594999919217922724e+01,0.000000000000000000e+00,0.000000000000000000e+00
-2.579999927296130480e+01,0.000000000000000000e+00,0.000000000000000000e+00
-2.564999934566517936e+01,0.000000000000000000e+00,0.000000000000000000e+00
-2.549999941109866342e+01,0.000000000000000000e+00,0.000000000000000000e+00
-2.534999946998880560e+01,0.000000000000000000e+00,0.000000000000000000e+00
-2.519999952298993406e+01,0.000000000000000000e+00,0.000000000000000000e+00
-2.504999957069093597e+01,0.000000000000000000e+00,0.000000000000000000e+00
-2.489999961362186909e+01,0.000000000000000000e+00,0.000000000000000000e+00
-2.474999965225971366e+01,0.000000000000000000e+00,0.000000000000000000e+00
-2.459999968703377249e+01,0.000000000000000000e+00,0.000000000000000000e+00
-2.444999971833038899e+01,0.000000000000000000e+00,0.000000000000000000e+00
-2.429999974649733829e+01,0.000000000000000000e+00,0.000000000000000000e+00
-2.414999977184758961e+01,0.000000000000000000e+00,0.000000000000000000e+00
-2.399999979466281275e+01,0.000000000000000000e+00,0.000000000000000000e+00
-2.384999981519653289e+01,0.000000000000000000e+00,0.000000000000000000e+00
-2.369999983367688756e+01,0.000000000000000000e+00,0.000000000000000000e+00
-2.354999985030921650e+01,0.000000000000000000e+00,0.000000000000000000e+00
-2.339999986527828923e+01,0.000000000000000000e+00,0.000000000000000000e+00
-2.324999987875046514e+01,0.000000000000000000e+00,0.000000000000000000e+00
-2.309999989087541294e+01,0.000000000000000000e+00,0.000000000000000000e+00
-2.294999990178787996e+01,0.000000000000000000e+00,0.000000000000000000e+00
-2.279999991160908479e+01,0.000000000000000000e+00,0.000000000000000000e+00
-2.264999992044818455e+01,0.000000000000000000e+00,0.000000000000000000e+00
-2.249999992840334784e+01,0.000000000000000000e+00,0.000000000000000000e+00
-2.234999993556301590e+01,0.000000000000000000e+00,0.000000000000000000e+00
-2.219999994200672688e+01,0.000000000000000000e+00,0.000000000000000000e+00
-2.204999994780603245e+01,0.000000000000000000e+00,0.000000000000000000e+00
-2.189999995302540725e+01,0.000000000000000000e+00,0.000000000000000000e+00
-2.174999995772286709e+01,0.000000000000000000e+00,0.000000000000000000e+00
-2.159999996195057292e+01,0.000000000000000000e+00,0.000000000000000000e+00
-2.144999996575549162e+01,0.000000000000000000e+00,0.000000000000000000e+00
-2.129999996917991467e+01,0.000000000000000000e+00,0.000000000000000000e+00
-2.114999997226190587e+01,0.000000000000000000e+00,0.000000000000000000e+00
-2.099999997503571691e+01,0.000000000000000000e+00,0.000000000000000000e+00
-2.084999997753212853e+01,0.000000000000000000e+00,0.000000000000000000e+00
-2.069999997977893358e+01,0.000000000000000000e+00,0.000000000000000000e+00
-2.054999998180101173e+01,0.000000000000000000e+00,0.000000000000000000e+00
-2.039999998362090849e+01,0.000000000000000000e+00,0.000000000000000000e+00
-2.024999998525882816e+01,0.000000000000000000e+00,0.000000000000000000e+00
-2.009999998673293575e+01,0.000000000000000000e+00,0.000000000000000000e+00
-1.994999998805961994e+01,0.000000000000000000e+00,0.000000000000000000e+00
-1.979999998925363158e+01,0.000000000000000000e+00,0.000000000000000000e+00
-1.964999999032826139e+01,0.000000000000000000e+00,0.000000000000000000e+00
-1.949999999129541450e+01,0.000000000000000000e+00,0.000000000000000000e+00
-1.934999999216588051e+01,0.000000000000000000e+00,0.000000000000000000e+00
-1.919999999294927306e+01,0.000000000000000000e+00,0.000000000000000000e+00
-1.904999999365434604e+01,0.000000000000000000e+00,0.000000000000000000e+00
-1.889999999428889055e+01,0.000000000000000000e+00,0.000000000000000000e+00
-1.874999999485997293e+01,0.000000000000000000e+00,0.000000000000000000e+00
-1.859999999537395965e+01,0.000000000000000000e+00,0.000000000000000000e+00
-1.844999999583654926e+01,0.000000000000000000e+00,0.000000000000000000e+00
-1.829999999625287899e+01,0.000000000000000000e+00,0.000000000000000000e+00
-1.814999999662758512e+01,0.000000000000000000e+00,0.000000000000000000e+00
-1.799999999696483499e+01,0.000000000000000000e+00,0.000000000000000000e+00
-1.784999999726834474e+01,0.000000000000000000e+00,0.000000000000000000e+00
-1.769999999754152498e+01,0.000000000000000000e+00,0.000000000000000000e+00
-1.754999999778738129e+01,0.000000000000000000e+00,0.000000000000000000e+00
-1.739999999800865282e+01,0.000000000000000000e+00,0.000000000000000000e+00
-1.724999999820779095e+01,0.000000000000000000e+00,0.000000000000000000e+00
-1.709999999838703033e+01,0.000000000000000000e+00,0.000000000000000000e+00
-1.694999999854830719e+01,0.000000000000000000e+00,0.000000000000000000e+00
-1.679999999869345118e+01,0.000000000000000000e+00,0.000000000000000000e+00
-1.664999999882409298e+01,0.000000000000000000e+00,0.000000000000000000e+00
-1.649999999894165725e+01,0.000000000000000000e+00,0.000000000000000000e+00
-1.634999999904746204e+01,0.000000000000000000e+00,0.000000000000000000e+00
-1.619999999914268685e+01,0.000000000000000000e+00,0.000000000000000000e+00
-1.604999999922839038e+01,0.000000000000000000e+00,0.000000000000000000e+00
-1.589999999930554786e+01,0.000000000000000000e+00,0.000000000000000000e+00
-1.574999999937496931e+01,0.000000000000000000e+00,0.000000000000000000e+00
-1.559999999943747007e+01,0.000000000000000000e+00,0.000000000000000000e+00
-1.544999999949371272e+01,0.000000000000000000e+00,0.000000000000000000e+00
-1.529999999954430479e+01,0.000000000000000000e+00,0.000000000000000000e+00
-1.514999999958986088e+01,0.000000000000000000e+00,0.000000000000000000e+00
-1.499999999963083575e+01,0.000000000000000000e+00,0.000000000000000000e+00
-1.484999999966773920e+01,0.000000000000000000e+00,0.000000000000000000e+00
-1.469999999970092830e+01,0.000000000000000000e+00,0.000000000000000000e+00
-1.454999999973080804e+01,0.000000000000000000e+00,0.000000000000000000e+00
-1.439999999975768752e+01,0.000000000000000000e+00,0.000000000000000000e+00
-1.424999999978192022e+01,0.000000000000000000e+00,0.000000000000000000e+00
-1.409999999980371044e+01,0.000000000000000000e+00,0.000000000000000000e+00
-1.394999999982331040e+01,0.000000000000000000e+00,0.000000000000000000e+00
-1.379999999984097947e+01,0.000000000000000000e+00,0.000000000000000000e+00
-1.364999999985686507e+01,0.000000000000000000e+00,0.000000000000000000e+00
-1.349999999987117505e+01,0.000000000000000000e+00,0.000000000000000000e+00
-1.334999999988405861e+01,0.000000000000000000e+00,0.000000000000000000e+00
-1.319999999989562056e+01,0.000000000000000000e+00,0.000000000000000000e+00
-1.304999999990606163e+01,0.000000000000000000e+00,0.000000000000000000e+00
-1.289999999991543511e+01,0.000000000000000000e+00,0.000000000000000000e+00
-1.274999999992389199e+01,0.000000000000000000e+00,0.000000000000000000e+00
-1.259999999993148379e+01,0.000000000000000000e+00,0.000000000000000000e+00
-1.244999999993831175e+01,0.000000000000000000e+00,0.000000000000000000e+00
-1.229999999994447890e+01,0.000000000000000000e+00,0.000000000000000000e+00
-1.214999999995003499e+01,0.000000000000000000e+00,0.000000000000000000e+00
-1.199999999995503153e+01,0.000000000000000000e+00,0.000000000000000000e+00
-1.184999999995951825e+01,0.000000000000000000e+00,0.000000000000000000e+00
-1.169999999996354845e+01,0.000000000000000000e+00,0.000000000000000000e+00
-1.154999999996717008e+01,0.000000000000000000e+00,0.000000000000000000e+00
-1.139999999997043645e+01,0.000000000000000000e+00,0.000000000000000000e+00
-1.124999999997339728e+01,0.000000000000000000e+00,0.000000000000000000e+00
-1.109999999997605258e+01,0.000000000000000000e+00,0.000000000000000000e+00
-1.094999999997845386e+01,0.000000000000000000e+00,0.000000000000000000e+00
-1.079999999998060112e+01,0.000000000000000000e+00,0.000000000000000000e+00
-1.064999999998254410e+01,0.000000000000000000e+00,0.000000000000000000e+00
-1.049999999998428457e+01,0.000000000000000000e+00,0.000000000000000000e+00
-1.034999999998587050e+01,0.000000000000000000e+00,0.000000000000000000e+00
-1.019999999998725393e+01,0.000000000000000000e+00,0.000000000000000000e+00
-1.004999999998853610e+01,0.000000000000000000e+00,0.000000000000000000e+00
-9.899999999989663735e+00,0.000000000000000000e+00,0.000000000000000000e+00
-9.749999999990691890e+00,0.000000000000000000e+00,0.000000000000000000e+00
-9.599999999991617017e+00,0.000000000000000000e+00,0.000000000000000000e+00
-9.449999999992440891e+00,0.000000000000000000e+00,0.000000000000000000e+00
-9.299999999993213251e+00,0.000000000000000000e+00,0.000000000000000000e+00
-9.149999999993884359e+00,0.000000000000000000e+00,0.000000000000000000e+00
-8.999999999994503952e+00,0.000000000000000000e+00,0.000000000000000000e+00
-8.849999999995073807e+00,0.000000000000000000e+00,0.000000000000000000e+00
-8.699999999995540634e+00,0.000000000000000000e+00,0.000000000000000000e+00
-8.549999999995957722e+00,0.000000000000000000e+00,0.000000000000000000e+00
-8.399999999996373035e+00,0.000000000000000000e+00,0.000000000000000000e+00
-8.249999999996738609e+00,0.000000000000000000e+00,0.000000000000000000e+00
-8.099999999997052669e+00,0.000000000000000000e+00,0.000000000000000000e+00
-7.949999999997368505e+00,0.000000000000000000e+00,0.000000000000000000e+00
-7.799999999997631939e+00,0.000000000000000000e+00,0.000000000000000000e+00
-7.649999999997844746e+00,0.000000000000000000e+00,0.000000000000000000e+00
-7.499999999998057554e+00,0.000000000000000000e+00,0.000000000000000000e+00
-7.349999999998270361e+00,0.000000000000000000e+00,0.000000000000000000e+00
-7.199999999998432543e+00,0.000000000000000000e+00,0.000000000000000000e+00
-7.049999999998594724e+00,0.000000000000000000e+00,0.000000000000000000e+00
-6.899999999998756905e+00,0.000000000000000000e+00,0.000000000000000000e+00
-6.749999999998867573e+00,0.000000000000000000e+00,0.000000000000000000e+00
-6.599999999998979128e+00,0.000000000000000000e+00,0.000000000000000000e+00
-6.449999999999089795e+00,0.000000000000000000e+00,0.000000000000000000e+00
-6.299999999999201350e+00,0.000000000000000000e+00,0.000000000000000000e+00
-6.149999999999261391e+00,0.000000000000000000e+00,0.000000000000000000e+00
-5.999999999999321432e+00,0.000000000000000000e+00,0.000000000000000000e+00
-5.849999999999381473e+00,0.000000000000000000e+00,0.000000000000000000e+00
-5.699999999999441513e+00,0.000000000000000000e+00,0.000000000000000000e+00
-5.549999999999502442e+00,0.000000000000000000e+00,0.000000000000000000e+00
-5.399999999999562483e+00,0.000000000000000000e+00,0.000000000000000000e+00
-5.249999999999622524e+00,0.000000000000000000e+00,0.000000000000000000e+00
-5.099999999999682565e+00,0.000000000000000000e+00,0.000000000000000000e+00
-4.949999999999742606e+00,0.000000000000000000e+00,0.000000000000000000e+00
-4.799999999999752021e+00,0.000000000000000000e+00,0.000000000000000000e+00
-4.649999999999761435e+00,0.000000000000000000e+00,0.000000000000000000e+00
-4.499999999999770850e+00,0.000000000000000000e+00,0.000000000000000000e+00
-4.349999999999780265e+00,0.000000000000000000e+00,0.000000000000000000e+00
-4.199999999999789679e+00,0.000000000000000000e+00,0.000000000000000000e+00
-4.049999999999799094e+00,0.000000000000000000e+00,0.000000000000000000e+00
-3.899999999999808509e+00,0.000000000000000000e+00,0.000000000000000000e+00
-3.749999999999817479e+00,0.000000000000000000e+00,0.000000000000000000e+00
-3.599999999999826894e+00,0.000000000000000000e+00,0.000000000000000000e+00
-3.449999999999836309e+00,0.000000000000000000e+00,0.000000000000000000e+00
-3.299999999999845723e+00,0.000000000000000000e+00,0.000000000000000000e+00
-3.149999999999855138e+00,0.000000000000000000e+00,0.000000000000000000e+00
-2.999999999999864109e+00,0.000000000000000000e+00,0.000000000000000000e+00
-2.849999999999873523e+00,0.000000000000000000e+00,0.000000000000000000e+00
-2.699999999999882938e+00,0.000000000000000000e+00,0.000000000000000000e+00
-2.549999999999892353e+00,0.000000000000000000e+00,0.000000000000000000e+00
-2.399999999999901767e+00,0.000000000000000000e+00,0.000000000000000000e+00
-2.249999999999910738e+00,0.000000000000000000e+00,0.000000000000000000e+00
-2.099999999999920153e+00,0.000000000000000000e+00,0.000000000000000000e+00
-1.949999999999929567e+00,0.000000000000000000e+00,0.000000000000000000e+00
-1.799999999999938982e+00,0.000000000000000000e+00,0.000000000000000000e+00
-1.649999999999948175e+00,0.000000000000000000e+00,0.000000000000000000e+00
-1.499999999999957589e+00,0.000000000000000000e+00,0.000000000000000000e+00
-1.349999999999967004e+00,0.000000000000000000e+00,0.000000000000000000e+00
-1.199999999999976197e+00,0.000000000000000000e+00,0.000000000000000000e+00
-1.049999999999985612e+00,0.000000000000000000e+00,0.000000000000000000e+00
-8.999999999999949152e-01,0.000000000000000000e+00,0.000000000000000000e+00
-7.500000000000042188e-01,0.000000000000000000e+00,0.000000000000000000e+00
-6.000000000000135225e-01,0.000000000000000000e+00,0.000000000000000000e+00
-4.500000000000228817e-01,0.000000000000000000e+00,0.000000000000000000e+00
-3.000000000000322409e-01,0.000000000000000000e+00,0.000000000000000000e+00
-1.500000000000415723e-01,0.000000000000000000e+00,0.000000000000000000e+00
-5.088887490341626828e-14,0.000000000000000000e+00,0.000000000000000000e+00
1.499999999999397926e-01,0.000000000000000000e+00,0.000000000000000000e+00
2.999999999999304334e-01,0.000000000000000000e+00,0.000000000000000000e+00
4.499999999999211298e-01,0.000000000000000000e+00,0.000000000000000000e+00
5.999999999999118261e-01,0.000000000000000000e+00,0.000000000000000000e+00
7.499999999999024114e-01,0.000000000000000000e+00,0.000000000000000000e+00
8.999999999998931077e-01,0.000000000000000000e+00,0.000000000000000000e+00
1.049999999999883693e+00,0.000000000000000000e+00,0.000000000000000000e+00
1.199999999999874500e+00,0.000000000000000000e+00,0.000000000000000000e+00
1.349999999999865086e+00,0.000000000000000000e+00,0.000000000000000000e+00
1.499999999999855893e+00,0.000000000000000000e+00,0.000000000000000000e+00
1.649999999999846478e+00,0.000000000000000000e+00,0.000000000000000000e+00
1.799999999999837064e+00,0.000000000000000000e+00,0.000000000000000000e+00
1.949999999999827871e+00,0.000000000000000000e+00,0.000000000000000000e+00
2.099999999999818456e+00,0.000000000000000000e+00,0.000000000000000000e+00
2.249999999999809042e+00,0.000000000000000000e+00,0.000000000000000000e+00
2.399999999999799627e+00,0.000000000000000000e+00,0.000000000000000000e+00
2.549999999999790656e+00,0.000000000000000000e+00,0.000000000000000000e+00
2.699999999999781242e+00,0.000000000000000000e+00,0.000000000000000000e+00
2.849999999999771827e+00,0.000000000000000000e+00,0.000000000000000000e+00
2.999999999999762412e+00,0.000000000000000000e+00,0.000000000000000000e+00
3.149999999999752998e+00,0.000000000000000000e+00,0.000000000000000000e+00
3.299999999999744027e+00,0.000000000000000000e+00,0.000000000000000000e+00
3.449999999999734612e+00,0.000000000000000000e+00,0.000000000000000000e+00
3.599999999999725198e+00,0.000000000000000000e+00,0.000000000000000000e+00
3.749999999999715783e+00,0.000000000000000000e+00,0.000000000000000000e+00
3.899999999999706368e+00,0.000000000000000000e+00,0.000000000000000000e+00
4.049999999999696954e+00,0.000000000000000000e+00,0.000000000000000000e+00
4.199999999999687539e+00,0.000000000000000000e+00,0.000000000000000000e+00
4.349999999999678124e+00,0.000000000000000000e+00,0.000000000000000000e+00
4.499999999999669598e+00,0.000000000000000000e+00,0.000000000000000000e+00
4.649999999999660183e+00,0.000000000000000000e+00,0.000000000000000000e+00
4.799999999999650768e+00,0.000000000000000000e+00,0.000000000000000000e+00
4.949999999999641354e+00,0.000000000000000000e+00,0.000000000000000000e+00
5.099999999999631939e+00,0.000000000000000000e+00,0.000000000000000000e+00
5.249999999999622524e+00,0.000000000000000000e+00,0.000000000000000000e+00
5.399999999999613109e+00,0.000000000000000000e+00,0.000000000000000000e+00
5.549999999999603695e+00,0.000000000000000000e+00,0.000000000000000000e+00
5.699999999999594280e+00,0.000000000000000000e+00,0.000000000000000000e+00
5.849999999999584865e+00,0.000000000000000000e+00,0.000000000000000000e+00
5.999999999999576339e+00,0.000000000000000000e+00,0.000000000000000000e+00
6.149999999999566924e+00,0.000000000000000000e+00,0.000000000000000000e+00
6.299999999999557510e+00,0.000000000000000000e+00,0.000000000000000000e+00
6.449999999999548095e+00,0.000000000000000000e+00,0.000000000000000000e+00
6.599999999999538680e+00,0.000000000000000000e+00,0.000000000000000000e+00
6.749999999999529265e+00,0.000000000000000000e+00,0.000000000000000000e+00
6.899999999999519851e+00,0.000000000000000000e+00,0.000000000000000000e+00
7.049999999999510436e+00,0.000000000000000000e+00,0.000000000000000000e+00
7.199999999999501021e+00,0.000000000000000000e+00,0.000000000000000000e+00
7.349999999999491607e+00,0.000000000000000000e+00,0.000000000000000000e+00
7.499999999999482192e+00,0.000000000000000000e+00,0.000000000000000000e+00
7.649999999999473665e+00,0.000000000000000000e+00,0.000000000000000000e+00
7.799999999999464251e+00,0.000000000000000000e+00,0.000000000000000000e+00
7.949999999999454836e+00,0.000000000000000000e+00,0.000000000000000000e+00
8.099999999999445421e+00,0.000000000000000000e+00,0.000000000000000000e+00
8.249999999999435119e+00,0.000000000000000000e+00,0.000000000000000000e+00
8.399999999999426592e+00,0.000000000000000000e+00,0.000000000000000000e+00
8.549999999999418065e+00,0.000000000000000000e+00,0.000000000000000000e+00
8.699999999999407763e+00,0.000000000000000000e+00,0.000000000000000000e+00
8.849999999999399236e+00,0.000000000000000000e+00,0.000000000000000000e+00
8.999999999999388933e+00,0.000000000000000000e+00,0.000000000000000000e+00
9.149999999999380407e+00,0.000000000000000000e+00,0.000000000000000000e+00
9.299999999999370104e+00,0.000000000000000000e+00,0.000000000000000000e+00
9.449999999999361577e+00,0.000000000000000000e+00,0.000000000000000000e+00
9.599999999999351274e+00,0.000000000000000000e+00,0.000000000000000000e+00
9.749999999999342748e+00,0.000000000000000000e+00,0.000000000000000000e+00
9.899999999999332445e+00,0.000000000000000000e+00,0.000000000000000000e+00
1.004999999999932392e+01,0.000000000000000000e+00,0.000000000000000000e+00
1.019999999999931539e+01,0.000000000000000000e+00,0.000000000000000000e+00
1.034999999999930509e+01,0.000000000000000000e+00,0.000000000000000000e+00
1.049999999999929656e+01,0.000000000000000000e+00,0.000000000000000000e+00
1.064999999999928626e+01,0.000000000000000000e+00,0.000000000000000000e+00
1.079999999999927773e+01,0.000000000000000000e+00,0.000000000000000000e+00
1.094999999999926743e+01,0.000000000000000000e+00,0.000000000000000000e+00
1.109999999999925890e+01,0.000000000000000000e+00,0.000000000000000000e+00
1.124999999999924860e+01,0.000000000000000000e+00,0.000000000000000000e+00
1.139999999999924007e+01,0.000000000000000000e+00,0.000000000000000000e+00
1.154999999999923155e+01,0.000000000000000000e+00,0.000000000000000000e+00
1.169999999999922125e+01,0.000000000000000000e+00,0.000000000000000000e+00
1.184999999999921272e+01,0.000000000000000000e+00,0.000000000000000000e+00
1.199999999999920242e+01,0.000000000000000000e+00,0.000000000000000000e+00
1.214999999999919389e+01,0.000000000000000000e+00,0.000000000000000000e+00
1.229999999999918359e+01,0.000000000000000000e+00,0.000000000000000000e+00
1.244999999999917506e+01,0.000000000000000000e+00,0.000000000000000000e+00
1.259999999999916476e+01,0.000000000000000000e+00,0.000000000000000000e+00
1.274999999999915623e+01,0.000000000000000000e+00,0.000000000000000000e+00
1.289999999999914593e+01,0.000000000000000000e+00,0.000000000000000000e+00
1.304999999999913740e+01,0.000000000000000000e+00,0.000000000000000000e+00
1.319999999999912887e+01,0.000000000000000000e+00,0.000000000000000000e+00
1.334999999999911857e+01,0.000000000000000000e+00,0.000000000000000000e+00
1.349999999999911005e+01,0.000000000000000000e+00,0.000000000000000000e+00
1.364999999999909974e+01,0.000000000000000000e+00,0.000000000000000000e+00
1.379999999999909122e+01,0.000000000000000000e+00,0.000000000000000000e+00
1.394999999999908091e+01,0.000000000000000000e+00,0.000000000000000000e+00
1.409999999999907239e+01,0.000000000000000000e+00,0.000000000000000000e+00
1.424999999999906208e+01,0.000000000000000000e+00,0.000000000000000000e+00
1.439999999999905356e+01,0.000000000000000000e+00,0.000000000000000000e+00
1.454999999999904325e+01,0.000000000000000000e+00,0.000000000000000000e+00
1.469999999999903473e+01,0.000000000000000000e+00,0.000000000000000000e+00
1.484999999999902620e+01,0.000000000000000000e+00,0.000000000000000000e+00
1.499999999999901590e+01,0.000000000000000000e+00,0.000000000000000000e+00
1.514999999999900737e+01,0.000000000000000000e+00,0.000000000000000000e+00
1.529999999999899707e+01,0.000000000000000000e+00,0.000000000000000000e+00
1.544999999999898854e+01,0.000000000000000000e+00,0.000000000000000000e+00
1.559999999999897824e+01,0.000000000000000000e+00,0.000000000000000000e+00
1.574999999999896971e+01,0.000000000000000000e+00,0.000000000000000000e+00
1.589999999999895941e+01,0.000000000000000000e+00,0.000000000000000000e+00
1.604999999999894911e+01,0.000000000000000000e+00,0.000000000000000000e+00
1.619999999999894058e+01,0.000000000000000000e+00,0.000000000000000000e+00
1.634999999999893205e+01,0.000000000000000000e+00,0.000000000000000000e+00
1.649999999999892353e+01,0.000000000000000000e+00,0.000000000000000000e+00
1.664999999999891500e+01,0.000000000000000000e+00,0.000000000000000000e+00
1.679999999999890292e+01,0.000000000000000000e+00,0.000000000000000000e+00
1.694999999999889440e+01,0.000000000000000000e+00,0.000000000000000000e+00
1.709999999999888587e+01,0.000000000000000000e+00,0.000000000000000000e+00
1.724999999999887734e+01,0.000000000000000000e+00,0.000000000000000000e+00
1.739999999999886526e+01,0.000000000000000000e+00,0.000000000000000000e+00
1.754999999999885674e+01,0.000000000000000000e+00,0.000000000000000000e+00
1.769999999999884821e+01,0.000000000000000000e+00,0.000000000000000000e+00
1.784999999999883968e+01,0.000000000000000000e+00,0.000000000000000000e+00
1.799999999999883116e+01,0.000000000000000000e+00,0.000000000000000000e+00
1.814999999999881908e+01,0.000000000000000000e+00,0.000000000000000000e+00
1.829999999999881055e+01,0.000000000000000000e+00,0.000000000000000000e+00
1.844999999999880202e+01,0.000000000000000000e+00,0.000000000000000000e+00
1.859999999999879350e+01,0.000000000000000000e+00,0.000000000000000000e+00
1.874999999999878142e+01,0.000000000000000000e+00,0.000000000000000000e+00
1.889999999999877289e+01,0.000000000000000000e+00,0.000000000000000000e+00
1.904999999999876437e+01,0.000000000000000000e+00,0.000000000000000000e+00
1.919999999999875584e+01,0.000000000000000000e+00,0.000000000000000000e+00
1.934999999999874376e+01,0.000000000000000000e+00,0.000000000000000000e+00
1.949999999999873523e+01,0.000000000000000000e+00,0.000000000000000000e+00
1.964999999999872671e+01,0.000000000000000000e+00,0.000000000000000000e+00
1.979999999999871818e+01,0.000000000000000000e+00,0.000000000000000000e+00
1.994999999999870965e+01,0.000000000000000000e+00,0.000000000000000000e+00
2.009999999999869758e+01,0.000000000000000000e+00,0.000000000000000000e+00
2.024999999999868905e+01,0.000000000000000000e+00,0.000000000000000000e+00
2.039999999999868052e+01,0.000000000000000000e+00,0.000000000000000000e+00
2.054999999999867200e+01,0.000000000000000000e+00,0.000000000000000000e+00
2.069999999999865992e+01,0.000000000000000000e+00,0.000000000000000000e+00
2.084999999999865139e+01,0.000000000000000000e+00,0.000000000000000000e+00
2.099999999999864286e+01,0.000000000000000000e+00,0.000000000000000000e+00
2.114999999999863434e+01,0.000000000000000000e+00,0.000000000000000000e+00
2.129999999999862581e+01,0.000000000000000000e+00,0.000000000000000000e+00
2.144999999999861373e+01,0.000000000000000000e+00,0.000000000000000000e+00
2.159999999999860520e+01,0.000000000000000000e+00,0.000000000000000000e+00
2.174999999999859668e+01,0.000000000000000000e+00,0.000000000000000000e+00
2.189999999999858815e+01,0.000000000000000000e+00,0.000000000000000000e+00
2.204999999999857607e+01,0.000000000000000000e+00,0.000000000000000000e+00
2.219999999999856755e+01,0.000000000000000000e+00,0.000000000000000000e+00
2.234999999999855902e+01,0.000000000000000000e+00,0.000000000000000000e+00
2.249999999999855049e+01,0.000000000000000000e+00,0.000000000000000000e+00
2.264999999999854197e+01,0.000000000000000000e+00,0.000000000000000000e+00
2.279999999999852989e+01,0.000000000000000000e+00,0.000000000000000000e+00
2.294999999999852136e+01,0.000000000000000000e+00,0.000000000000000000e+00
2.309999999999851283e+01,0.000000000000000000e+00,0.000000000000000000e+00
2.324999999999850431e+01,0.000000000000000000e+00,0.000000000000000000e+00
2.339999999999849223e+01,0.000000000000000000e+00,0.000000000000000000e+00
2.354999999999848370e+01,0.000000000000000000e+00,0.000000000000000000e+00
2.369999999999847518e+01,0.000000000000000000e+00,0.000000000000000000e+00
2.384999999999846665e+01,0.000000000000000000e+00,0.000000000000000000e+00
2.399999999999845457e+01,0.000000000000000000e+00,0.000000000000000000e+00
2.414999999999844604e+01,0.000000000000000000e+00,0.000000000000000000e+00
2.429999999999843752e+01,0.000000000000000000e+00,0.000000000000000000e+00
2.444999999999842899e+01,0.000000000000000000e+00,0.000000000000000000e+00
2.459999999999842046e+01,0.000000000000000000e+00,0.000000000000000000e+00
2.474999999999840838e+01,0.000000000000000000e+00,0.000000000000000000e+00
2.489999999999839986e+01,0.000000000000000000e+00,0.000000000000000000e+00
2.504999999999839133e+01,0.000000000000000000e+00,0.000000000000000000e+00
2.519999999999838280e+01,0.000000000000000000e+00,0.000000000000000000e+00
2.534999999999837073e+01,0.000000000000000000e+00,0.000000000000000000e+00
2.549999999999836220e+01,0.000000000000000000e+00,0.000000000000000000e+00
2.564999999999835367e+01,0.000000000000000000e+00,0.000000000000000000e+00
2.579999999999834515e+01,0.000000000000000000e+00,0.000000000000000000e+00
2.594999999999833662e+01,0.000000000000000000e+00,0.000000000000000000e+00
2.609999999999832454e+01,0.000000000000000000e+00,0.000000000000000000e+00
2.624999999999831601e+01,0.000000000000000000e+00,0.000000000000000000e+00
2.639999999999830749e+01,0.000000000000000000e+00,0.000000000000000000e+00
2.654999999999829896e+01,0.000000000000000000e+00,0.000000000000000000e+00
2.669999999999828688e+01,0.000000000000000000e+00,0.000000000000000000e+00
2.684999999999827835e+01,0.000000000000000000e+00,0.000000000000000000e+00
2.699999999999826983e+01,0.000000000000000000e+00,0.000000000000000000e+00
2.714999999999826130e+01,0.000000000000000000e+00,0.000000000000000000e+00
2.729999999999825278e+01,0.000000000000000000e+00,0.000000000000000000e+00
2.744999999999824070e+01,0.000000000000000000e+00,0.000000000000000000e+00
2.759999999999823217e+01,0.000000000000000000e+00,0.000000000000000000e+00
2.774999999999822364e+01,0.000000000000000000e+00,0.000000000000000000e+00
2.789999999999821512e+01,0.000000000000000000e+00,0.000000000000000000e+00
2.804999999999820304e+01,0.000000000000000000e+00,0.000000000000000000e+00
2.819999999999819451e+01,0.000000000000000000e+00,0.000000000000000000e+00
2.834999999999818598e+01,0.000000000000000000e+00,0.000000000000000000e+00
2.849999999999817746e+01,0.000000000000000000e+00,0.000000000000000000e+00
2.864999999999816538e+01,0.000000000000000000e+00,0.000000000000000000e+00
2.879999999999815685e+01,0.000000000000000000e+00,0.000000000000000000e+00
2.894999999999814833e+01,0.000000000000000000e+00,0.000000000000000000e+00
2.909999999999813980e+01,0.000000000000000000e+00,0.000000000000000000e+00
2.924999999999813127e+01,0.000000000000000000e+00,0.000000000000000000e+00
2.939999999999811919e+01,0.000000000000000000e+00,0.000000000000000000e+00
2.954999999999811067e+01,0.000000000000000000e+00,0.000000000000000000e+00
2.969999999999810214e+01,0.000000000000000000e+00,0.000000000000000000e+00
2.984999999999809361e+01,0.000000000000000000e+00,0.000000000000000000e+00
2.999999999999808153e+01,0.000000000000000000e+00,0.000000000000000000e+00
3.014999999999807301e+01,0.000000000000000000e+00,0.000000000000000000e+00
3.029999999999806448e+01,0.000000000000000000e+00,0.000000000000000000e+00
3.044999999999805596e+01,0.000000000000000000e+00,0.000000000000000000e+00
3.059999999999804743e+01,0.000000000000000000e+00,0.000000000000000000e+00
3.074999999999803535e+01,0.000000000000000000e+00,0.000000000000000000e+00
3.089999999999802682e+01,0.000000000000000000e+00,0.000000000000000000e+00
3.104999999999801830e+01,0.000000000000000000e+00,0.000000000000000000e+00
3.119999999999800977e+01,0.000000000000000000e+00,0.000000000000000000e+00
3.134999999999799769e+01,0.000000000000000000e+00,0.000000000000000000e+00
3.149999999999798916e+01,0.000000000000000000e+00,0.000000000000000000e+00
3.164999999999798064e+01,0.000000000000000000e+00,0.000000000000000000e+00
3.179999999999797211e+01,0.000000000000000000e+00,0.000000000000000000e+00
3.194999999999796003e+01,0.000000000000000000e+00,0.000000000000000000e+00
3.209999999999795506e+01,0.000000000000000000e+00,0.000000000000000000e+00
3.224999999999794653e+01,0.000000000000000000e+00,0.000000000000000000e+00
3.239999999999793090e+01,0.000000000000000000e+00,0.000000000000000000e+00
3.254999999999792237e+01,0.000000000000000000e+00,0.000000000000000000e+00
3.269999999999791385e+01,0.000000000000000000e+00,0.000000000000000000e+00
3.284999999999790532e+01,0.000000000000000000e+00,0.000000000000000000e+00
3.299999999999789679e+01,0.000000000000000000e+00,0.000000000000000000e+00
3.314999999999788827e+01,0.000000000000000000e+00,0.000000000000000000e+00
3.329999999999787974e+01,0.000000000000000000e+00,0.000000000000000000e+00
3.344999999999787121e+01,0.000000000000000000e+00,0.000000000000000000e+00
3.359999999999785558e+01,0.000000000000000000e+00,0.000000000000000000e+00
3.374999999999784706e+01,0.000000000000000000e+00,0.000000000000000000e+00
3.389999999999783853e+01,0.000000000000000000e+00,0.000000000000000000e+00
3.404999999999783000e+01,0.000000000000000000e+00,0.000000000000000000e+00
3.419999999999782148e+01,0.000000000000000000e+00,0.000000000000000000e+00
3.434999999999781295e+01,0.000000000000000000e+00,0.000000000000000000e+00
3.449999999999780442e+01,0.000000000000000000e+00,0.000000000000000000e+00
3.464999999999779590e+01,0.000000000000000000e+00,0.000000000000000000e+00
3.479999999999778737e+01,0.000000000000000000e+00,0.000000000000000000e+00
3.494999999999777174e+01,0.000000000000000000e+00,0.000000000000000000e+00
3.509999999999776321e+01,0.000000000000000000e+00,0.000000000000000000e+00
3.524999999999775468e+01,0.000000000000000000e+00,0.000000000000000000e+00
3.539999999999774616e+01,0.000000000000000000e+00,0.000000000000000000e+00
3.554999999999773763e+01,0.000000000000000000e+00,0.000000000000000000e+00
3.569999999999772911e+01,0.000000000000000000e+00,0.000000000000000000e+00
3.584999999999772058e+01,0.000000000000000000e+00,0.000000000000000000e+00
3.599999999999771205e+01,0.000000000000000000e+00,0.000000000000000000e+00
3.614999999999770353e+01,0.000000000000000000e+00,0.000000000000000000e+00
3.629999999999768789e+01,0.000000000000000000e+00,0.000000000000000000e+00
3.644999999999767937e+01,0.000000000000000000e+00,0.000000000000000000e+00
3.659999999999767084e+01,0.000000000000000000e+00,0.000000000000000000e+00
3.674999999999766231e+01,0.000000000000000000e+00,0.000000000000000000e+00
3.689999999999765379e+01,0.000000000000000000e+00,0.000000000000000000e+00
3.704999999999764526e+01,0.000000000000000000e+00,0.000000000000000000e+00
3.719999999999763673e+01,0.000000000000000000e+00,0.000000000000000000e+00
3.734999999999762821e+01,0.000000000000000000e+00,0.000000000000000000e+00
3.749999999999761968e+01,0.000000000000000000e+00,0.000000000000000000e+00
3.764999999999760405e+01,0.000000000000000000e+00,0.000000000000000000e+00
3.779999999999759552e+01,0.000000000000000000e+00,0.000000000000000000e+00
3.794999999999758700e+01,0.000000000000000000e+00,0.000000000000000000e+00
3.809999999999757847e+01,0.000000000000000000e+00,0.000000000000000000e+00
3.824999999999756994e+01,0.000000000000000000e+00,0.000000000000000000e+00
3.839999999999756142e+01,0.000000000000000000e+00,0.000000000000000000e+00
3.854999999999755289e+01,0.000000000000000000e+00,0.000000000000000000e+00
3.869999999999754436e+01,0.000000000000000000e+00,0.000000000000000000e+00
3.884999999999753584e+01,0.000000000000000000e+00,0.000000000000000000e+00
3.899999999999752021e+01,0.000000000000000000e+00,0.000000000000000000e+00
3.914999999999751168e+01,0.000000000000000000e+00,0.000000000000000000e+00
3.929999999999750315e+01,0.000000000000000000e+00,0.000000000000000000e+00
3.944999999999749463e+01,0.000000000000000000e+00,0.000000000000000000e+00
3.959999999999748610e+01,0.000000000000000000e+00,0.000000000000000000e+00
3.974999999999747757e+01,0.000000000000000000e+00,0.000000000000000000e+00
3.989999999999746905e+01,0.000000000000000000e+00,0.000000000000000000e+00
4.004999999999746052e+01,0.000000000000000000e+00,0.000000000000000000e+00
4.019999999999745199e+01,0.000000000000000000e+00,0.000000000000000000e+00
4.034999999999743636e+01,0.000000000000000000e+00,0.000000000000000000e+00
4.049999999999742784e+01,0.000000000000000000e+00,0.000000000000000000e+00
4.064999999999741931e+01,0.000000000000000000e+00,0.000000000000000000e+00
4.079999999999741078e+01,0.000000000000000000e+00,0.000000000000000000e+00
4.094999999999740226e+01,0.000000000000000000e+00,0.000000000000000000e+00
4.109999999999739373e+01,0.000000000000000000e+00,0.000000000000000000e+00
4.124999999999738520e+01,0.000000000000000000e+00,0.000000000000000000e+00
4.139999999999737668e+01,0.000000000000000000e+00,0.000000000000000000e+00
4.154999999999736815e+01,0.000000000000000000e+00,0.000000000000000000e+00
4.169999999999735252e+01,0.000000000000000000e+00,0.000000000000000000e+00
4.184999999999734399e+01,0.000000000000000000e+00,0.000000000000000000e+00
4.199999999999733546e+01,0.000000000000000000e+00,0.000000000000000000e+00
4.214999999999732694e+01,0.000000000000000000e+00,0.000000000000000000e+00
4.229999999999731841e+01,0.000000000000000000e+00,0.000000000000000000e+00
4.244999999999730989e+01,0.000000000000000000e+00,0.000000000000000000e+00
4.259999999999730136e+01,0.000000000000000000e+00,0.000000000000000000e+00
4.274999999999729283e+01,0.000000000000000000e+00,0.000000000000000000e+00
4.289999999999727720e+01,0.000000000000000000e+00,0.000000000000000000e+00
4.304999999999726867e+01,0.000000000000000000e+00,0.000000000000000000e+00
4.319999999999726015e+01,0.000000000000000000e+00,0.000000000000000000e+00
4.334999999999725162e+01,0.000000000000000000e+00,0.000000000000000000e+00
4.349999999999724309e+01,0.000000000000000000e+00,0.000000000000000000e+00
4.364999999999723457e+01,0.000000000000000000e+00,0.000000000000000000e+00
4.378499999999725389e+01,0.000000000000000000e+00,0.000000000000000000e+00
4.390649999999727271e+01,0.000000000000000000e+00,0.000000000000000000e+00
4.401584999999729320e+01,0.000000000000000000e+00,0.000000000000000000e+00
4.411426499999730311e+01,0.000000000000000000e+00,0.000000000000000000e+00
4.420283849999731984e+01,0.000000000000000000e+00,0.000000000000000000e+00
4.428255464999730862e+01,0.000000000000000000e+00,0.000000000000000000e+00
4.435429918499730917e+01,0.000000000000000000e+00,0.000000000000000000e+00
4.441886926649731748e+01,0.000000000000000000e+00,0.000000000000000000e+00
4.447698233984731075e+01,0.000000000000000000e+00,0.000000000000000000e+00
4.452928410586228836e+01,0.000000000000000000e+00,0.000000000000000000e+00
4.457635569527580799e+01,0.000000000000000000e+00,0.000000000000000000e+00
4.461872012574793445e+01,0.000000000000000000e+00,0.000000000000000000e+00
4.465684811317286318e+01,0.000000000000000000e+00,0.000000000000000000e+00
4.469116330185531183e+01,0.000000000000000000e+00,0.000000000000000000e+00
4.472204697166949927e+01,0.000000000000000000e+00,0.000000000000000000e+00
4.474984227450227792e+01,0.000000000000000000e+00,0.000000000000000000e+00
4.477485804705178651e+01,0.000000000000000000e+00,0.000000000000000000e+00
4.479737224234636273e+01,0.000000000000000000e+00,0.000000000000000000e+00
4.481763501811145289e+01,0.000000000000000000e+00,0.000000000000000000e+00
4.483587151630004541e+01,0.000000000000000000e+00,0.000000000000000000e+00
4.485228436466976376e+01,0.000000000000000000e+00,0.000000000000000000e+00
4.486705592820253230e+01,0.000000000000000000e+00,0.000000000000000000e+00
4.488035033538202612e+01,0.000000000000000000e+00,0.000000000000000000e+00
4.489231530184356700e+01,0.000000000000000000e+00,0.000000000000000000e+00
4.490308377165895592e+01,0.000000000000000000e+00,0.000000000000000000e+00
4.491277539449281164e+01,0.000000000000000000e+00,0.000000000000000000e+00
4.492149785504327042e+01,0.000000000000000000e+00,0.000000000000000000e+00
4.492934806953870464e+01,0.000000000000000000e+00,0.000000000000000000e+00
4.493641326258455138e+01,0.000000000000000000e+00,0.000000000000000000e+00
4.494277193632582623e+01,0.000000000000000000e+00,0.000000000000000000e+00
4.494849474269300771e+01,0.000000000000000000e+00,0.000000000000000000e+00
4.495364526842343622e+01,0.000000000000000000e+00,0.000000000000000000e+00
4.495828074158085030e+01,0.000000000000000000e+00,0.000000000000000000e+00
4.496245266742248248e+01,0.000000000000000000e+00,0.000000000000000000e+00
4.496620740067996280e+01,0.000000000000000000e+00,0.000000000000000000e+00
4.496958666061168230e+01,0.000000000000000000e+00,0.000000000000000000e+00
4.497262799455027249e+01,0.000000000000000000e+00,0.000000000000000000e+00
4.497536519509498731e+01,0.000000000000000000e+00,0.000000000000000000e+00
4.497782867558524345e+01,0.000000000000000000e+00,0.000000000000000000e+00
4.498004580802648178e+01,0.000000000000000000e+00,0.000000000000000000e+00
4.498204122722356146e+01,0.000000000000000000e+00,0.000000000000000000e+00
4.498383710450094952e+01,0.000000000000000000e+00,0.000000000000000000e+00
4.498545339405058030e+01,0.000000000000000000e+00,0.000000000000000000e+00
4.498690805464527642e+01,0.000000000000000000e+00,0.000000000000000000e+00
4.498821724918047948e+01,0.000000000000000000e+00,0.000000000000000000e+00
4.498939552426215016e+01,0.000000000000000000e+00,0.000000000000000000e+00
4.499045597183567935e+01,0.000000000000000000e+00,0.000000000000000000e+00
4.499141037465186344e+01,0.000000000000000000e+00,0.000000000000000000e+00
4.499226933718642130e+01,0.000000000000000000e+00,0.000000000000000000e+00
4.499304240346752692e+01,0.000000000000000000e+00,0.000000000000000000e+00
4.499373816312049712e+01,0.000000000000000000e+00,0.000000000000000000e+00
4.499436434680819730e+01,0.000000000000000000e+00,0.000000000000000000e+00
4.499492791212712461e+01,0.000000000000000000e+00,0.000000000000000000e+00
4.499543512091414499e+01,0.000000000000000000e+00,0.000000000000000000e+00
4.499589160882244698e+01,0.000000000000000000e+00,0.000000000000000000e+00
4.499630244793993938e+01,0.000000000000000000e+00,0.000000000000000000e+00
4.499667220314566407e+01,0.000000000000000000e+00,0.000000000000000000e+00
4.499700498283084471e+01,0.000000000000000000e+00,0.000000000000000000e+00
4.499730448454750587e+01,0.000000000000000000e+00,0.000000000000000000e+00
4.499757403609250161e+01,0.000000000000000000e+00,0.000000000000000000e+00
4.499781663248298003e+01,0.000000000000000000e+00,0.000000000000000000e+00
4.499803496923441060e+01,0.000000000000000000e+00,0.000000000000000000e+00
4.499823147231069242e+01,0.000000000000000000e+00,0.000000000000000000e+00
4.499840832507936739e+01,0.000000000000000000e+00,0.000000000000000000e+00
4.499856749257119048e+01,0.000000000000000000e+00,0.000000000000000000e+00
4.499871074331378651e+01,0.000000000000000000e+00,0.000000000000000000e+00
4.499883966898216414e+01,0.000000000000000000e+00,0.000000000000000000e+00
4.499895570208369833e+01,0.000000000000000000e+00,0.000000000000000000e+00
4.499906013187505494e+01,0.000000000000000000e+00,0.000000000000000000e+00
4.499915411868727233e+01,0.000000000000000000e+00,0.000000000000000000e+00
4.499923870681826799e+01,0.000000000000000000e+00,0.000000000000000000e+00
4.499931483613615768e+01,0.000000000000000000e+00,0.000000000000000000e+00
4.499938335252227972e+01,0.000000000000000000e+00,0.000000000000000000e+00
4.499944501726977109e+01,0.000000000000000000e+00,0.000000000000000000e+00
4.499950051554252894e+01,0.000000000000000000e+00,0.000000000000000000e+00
4.499955046398802239e+01,0.000000000000000000e+00,0.000000000000000000e+00
4.499959541758897075e+01,0.000000000000000000e+00,0.000000000000000000e+00
4.499963587582981006e+01,0.000000000000000000e+00,0.000000000000000000e+00
4.499967228824657184e+01,0.000000000000000000e+00,0.000000000000000000e+00
4.499970505942164323e+01,0.000000000000000000e+00,0.000000000000000000e+00
4.499973455347922879e+01,0.000000000000000000e+00,0.000000000000000000e+00
4.499976109813104586e+01,0.000000000000000000e+00,0.000000000000000000e+00
4.499978498831768547e+01,0.000000000000000000e+00,0.000000000000000000e+00
4.499980648948562845e+01,0.000000000000000000e+00,0.000000000000000000e+00
4.499982584053678636e+01,0.000000000000000000e+00,0.000000000000000000e+00
4.499984325648284766e+01,0.000000000000000000e+00,0.000000000000000000e+00
4.499985893083431421e+01,0.000000000000000000e+00,0.000000000000000000e+00
4.499987303775061775e+01,0.000000000000000000e+00,0.000000000000000000e+00
4.499988573397531155e+01,0.000000000000000000e+00,0.000000000000000000e+00
4.499989716057753242e+01,0.000000000000000000e+00,0.000000000000000000e+00
4.499990744451952907e+01,0.000000000000000000e+00,0.000000000000000000e+00
4.499991670006733813e+01,0.000000000000000000e+00,0.000000000000000000e+00
4.499992503006034639e+01,0.000000000000000000e+00,0.000000000000000000e+00
4.499993252705407798e+01,0.000000000000000000e+00,0.000000000000000000e+00
4.499993927434842789e+01,0.000000000000000000e+00,0.000000000000000000e+00
4.499994534691333570e+01,0.000000000000000000e+00,0.000000000000000000e+00
4.499995081222176907e+01,0.000000000000000000e+00,0.000000000000000000e+00
4.499995573099935342e+01,0.000000000000000000e+00,0.000000000000000000e+00
4.499996015789916726e+01,0.000000000000000000e+00,0.000000000000000000e+00
4.499996414210897200e+01,0.000000000000000000e+00,0.000000000000000000e+00
4.499996772789782540e+01,0.000000000000000000e+00,0.000000000000000000e+00
4.499997095510778422e+01,0.000000000000000000e+00,0.000000000000000000e+00
4.499997385959672869e+01,0.000000000000000000e+00,0.000000000000000000e+00
4.499997647363681352e+01,0.000000000000000000e+00,0.000000000000000000e+00
4.499997882627285151e+01,0.000000000000000000e+00,0.000000000000000000e+00
4.499998094364530488e+01,0.000000000000000000e+00,0.000000000000000000e+00
4.499998284928049230e+01,0.000000000000000000e+00,0.000000000000000000e+00
4.499998456435216809e+01,0.000000000000000000e+00,0.000000000000000000e+00
4.499998610791667630e+01,0.000000000000000000e+00,0.000000000000000000e+00
4.499998749712474222e+01,0.000000000000000000e+00,0.000000000000000000e+00
4.499998874741198307e+01,0.000000000000000000e+00,0.000000000000000000e+00
4.499998987267049699e+01,0.000000000000000000e+00,0.000000000000000000e+00
4.499999088540317871e+01,0.000000000000000000e+00,0.000000000000000000e+00
4.499999179686257378e+01,0.000000000000000000e+00,0.000000000000000000e+00
4.499999261717601939e+01,0.000000000000000000e+00,0.000000000000000000e+00
4.499999335545813040e+01,0.000000000000000000e+00,0.000000000000000000e+00
4.499999401991203030e+01,0.000000000000000000e+00,0.000000000000000000e+00
4.499999461792052813e+01,0.000000000000000000e+00,0.000000000000000000e+00
4.499999515612819323e+01,0.000000000000000000e+00,0.000000000000000000e+00
4.499999564051511669e+01,0.000000000000000000e+00,0.000000000000000000e+00
4.499999607646331867e+01,0.000000000000000000e+00,0.000000000000000000e+00
4.499999646881669690e+01,0.000000000000000000e+00,0.000000000000000000e+00
4.499999682193475081e+01,0.000000000000000000e+00,0.000000000000000000e+00
4.499999713974101923e+01,0.000000000000000000e+00,0.000000000000000000e+00
4.499999742576662243e+01,0.000000000000000000e+00,0.000000000000000000e+00
4.499999768318967597e+01,0.000000000000000000e+00,0.000000000000000000e+00
4.499999791487043410e+01,0.000000000000000000e+00,0.000000000000000000e+00
4.499999812338312211e+01,0.000000000000000000e+00,0.000000000000000000e+00
4.499999831104454984e+01,0.000000000000000000e+00,0.000000000000000000e+00
4.499999847993984048e+01,0.000000000000000000e+00,0.000000000000000000e+00
4.499999863194557292e+01,0.000000000000000000e+00,0.000000000000000000e+00
4.499999876875074278e+01,0.000000000000000000e+00,0.000000000000000000e+00
4.499999889187541413e+01,0.000000000000000000e+00,0.000000000000000000e+00
4.499999900268761621e+01,0.000000000000000000e+00,0.000000000000000000e+00
4.499999910241856327e+01,0.000000000000000000e+00,0.000000000000000000e+00
4.499999919217641065e+01,0.000000000000000000e+00,0.000000000000000000e+00
4.499999927295848323e+01,0.000000000000000000e+00,0.000000000000000000e+00
4.499999934566234572e+01,0.000000000000000000e+00,0.000000000000000000e+00
4.499999941109582124e+01,0.000000000000000000e+00,0.000000000000000000e+00
4.499999946998595846e+01,0.000000000000000000e+00,0.000000000000000000e+00
4.499999952298707484e+01,0.000000000000000000e+00,0.000000000000000000e+00
4.499999957068806822e+01,0.000000000000000000e+00,0.000000000000000000e+00
4.499999961361898926e+01,0.000000000000000000e+00,0.000000000000000000e+00
4.499999965225682530e+01,0.000000000000000000e+00,0.000000000000000000e+00
4.499999968703087205e+01,0.000000000000000000e+00,0.000000000000000000e+00
4.499999971832752976e+01,0.000000000000000000e+00,0.000000000000000000e+00
4.499999974649452383e+01,0.000000000000000000e+00,0.000000000000000000e+00
4.499999977184481992e+01,0.000000000000000000e+00,0.000000000000000000e+00
4.499999979466008426e+01,0.000000000000000000e+00,0.000000000000000000e+00
4.499999981519379588e+01,0.000000000000000000e+00,0.000000000000000000e+00
4.499999983367413847e+01,0.000000000000000000e+00,0.000000000000000000e+00
4.499999985030645888e+01,0.000000000000000000e+00,0.000000000000000000e+00
4.499999986527551954e+01,0.000000000000000000e+00,0.000000000000000000e+00
4.499999987874768692e+01,0.000000000000000000e+00,0.000000000000000000e+00
4.499999989087262264e+01,0.000000000000000000e+00,0.000000000000000000e+00
4.499999990178508114e+01,0.000000000000000000e+00,0.000000000000000000e+00
4.499999991160628099e+01,0.000000000000000000e+00,0.000000000000000000e+00
4.499999992044536867e+01,0.000000000000000000e+00,0.000000000000000000e+00
4.499999992840057672e+01,0.000000000000000000e+00,0.000000000000000000e+00
4.499999993556023270e+01,0.000000000000000000e+00,0.000000000000000000e+00
4.499999994200393161e+01,0.000000000000000000e+00,0.000000000000000000e+00
4.499999994780328194e+01,0.000000000000000000e+00,0.000000000000000000e+00
4.499999995302270150e+01,0.000000000000000000e+00,0.000000000000000000e+00
4.499999995772014927e+01,0.000000000000000000e+00,0.000000000000000000e+00
4.499999996194784302e+01,0.000000000000000000e+00,0.000000000000000000e+00
4.499999996575280647e+01,0.000000000000000000e+00,0.000000000000000000e+00
4.499999996917726719e+01,0.000000000000000000e+00,0.000000000000000000e+00
4.499999997225925341e+01,0.000000000000000000e+00,0.000000000000000000e+00
4.499999997503305593e+01,0.000000000000000000e+00,0.000000000000000000e+00
4.499999997752945546e+01,0.000000000000000000e+00,0.000000000000000000e+00
4.499999997977625554e+01,0.000000000000000000e+00,0.000000000000000000e+00
4.499999998179837490e+01,0.000000000000000000e+00,0.000000000000000000e+00
4.499999998361825959e+01,0.000000000000000000e+00,0.000000000000000000e+00
4.499999998525616718e+01,0.000000000000000000e+00,0.000000000000000000e+00
4.499999998673026624e+01,0.000000000000000000e+00,0.000000000000000000e+00
4.499999998805699164e+01,0.000000000000000000e+00,0.000000000000000000e+00
4.499999998925099476e+01,0.000000000000000000e+00,0.000000000000000000e+00
4.499999999032561959e+01,0.000000000000000000e+00,0.000000000000000000e+00
4.499999999129276063e+01,0.000000000000000000e+00,0.000000000000000000e+00
4.499999999216321811e+01,0.000000000000000000e+00,0.000000000000000000e+00
4.499999999294659858e+01,0.000000000000000000e+00,0.000000000000000000e+00
4.499999999365166303e+01,0.000000000000000000e+00,0.000000000000000000e+00
4.499999999428619901e+01,0.000000000000000000e+00,0.000000000000000000e+00
4.499999999485732616e+01,0.000000000000000000e+00,0.000000000000000000e+00
4.499999999537129725e+01,0.000000000000000000e+00,0.000000000000000000e+00
4.499999999583388188e+01,0.000000000000000000e+00,0.000000000000000000e+00
4.499999999625020308e+01,0.000000000000000000e+00,0.000000000000000000e+00
4.499999999662489358e+01,0.000000000000000000e+00,0.000000000000000000e+00
4.499999999696213848e+01,0.000000000000000000e+00,0.000000000000000000e+00
4.499999999726563971e+01,0.000000000000000000e+00,0.000000000000000000e+00
4.499999999753880786e+01,0.000000000000000000e+00,0.000000000000000000e+00
4.499999999778465565e+01,0.000000000000000000e+00,0.000000000000000000e+00
4.499999999800591866e+01,0.000000000000000000e+00,0.000000000000000000e+00
4.499999999820504826e+01,0.000000000000000000e+00,0.000000000000000000e+00
4.499999999838427556e+01,0.000000000000000000e+00,0.000000000000000000e+00
4.499999999854559718e+01,0.000000000000000000e+00,0.000000000000000000e+00
4.499999999869078238e+01,0.000000000000000000e+00,0.000000000000000000e+00
4.499999999882141566e+01,0.000000000000000000e+00,0.000000000000000000e+00
4.499999999893901759e+01,0.000000000000000000e+00,0.000000000000000000e+00
4.499999999904486714e+01,0.000000000000000000e+00,0.000000000000000000e+00
4.499999999914012960e+01,0.000000000000000000e+00,0.000000000000000000e+00
4.499999999922582816e+01,0.000000000000000000e+00,0.000000000000000000e+00
4.499999999930297179e+01,0.000000000000000000e+00,0.000000000000000000e+00
4.499999999937238471e+01,0.000000000000000000e+00,0.000000000000000000e+00
4.499999999943487694e+01,0.000000000000000000e+00,0.000000000000000000e+00
4.499999999949110929e+01,0.000000000000000000e+00,0.000000000000000000e+00
4.499999999954174257e+01,0.000000000000000000e+00,0.000000000000000000e+00
4.499999999958728836e+01,0.000000000000000000e+00,0.000000000000000000e+00
4.499999999962830799e+01,0.000000000000000000e+00,0.000000000000000000e+00
4.499999999966519937e+01,0.000000000000000000e+00,0.000000000000000000e+00
4.499999999969843145e+01,0.000000000000000000e+00,0.000000000000000000e+00
4.499999999972830267e+01,0.000000000000000000e+00,0.000000000000000000e+00
4.499999999975522513e+01,0.000000000000000000e+00,0.000000000000000000e+00
4.499999999977944753e+01,0.000000000000000000e+00,0.000000000000000000e+00
4.499999999980122567e+01,0.000000000000000000e+00,0.000000000000000000e+00
4.499999999982082244e+01,0.000000000000000000e+00,0.000000000000000000e+00
4.499999999983847943e+01,0.000000000000000000e+00,0.000000000000000000e+00
4.499999999985435295e+01,0.000000000000000000e+00,0.000000000000000000e+00
4.499999999986865618e+01,0.000000000000000000e+00,0.000000000000000000e+00
4.499999999988153121e+01,0.000000000000000000e+00,0.000000000000000000e+00
4.499999999989313437e+01,0.000000000000000000e+00,0.000000000000000000e+00
4.499999999990356514e+01,0.000000000000000000e+00,0.000000000000000000e+00
4.499999999991293009e+01,0.000000000000000000e+00,0.000000000000000000e+00
4.499999999992137845e+01,0.000000000000000000e+00,0.000000000000000000e+00
4.499999999992895994e+01,0.000000000000000000e+00,0.000000000000000000e+00
4.499999999993578115e+01,0.000000000000000000e+00,0.000000000000000000e+00
4.499999999994193445e+01,0.000000000000000000e+00,0.000000000000000000e+00
4.499999999994748379e+01,0.000000000000000000e+00,0.000000000000000000e+00
4.499999999995247180e+01,0.000000000000000000e+00,0.000000000000000000e+00
4.499999999995694822e+01,0.000000000000000000e+00,0.000000000000000000e+00
4.499999999996096989e+01,0.000000000000000000e+00,0.000000000000000000e+00
4.499999999996457944e+01,0.000000000000000000e+00,0.000000000000000000e+00
4.499999999996784084e+01,0.000000000000000000e+00,0.000000000000000000e+00
4.499999999997078959e+01,0.000000000000000000e+00,0.000000000000000000e+00
4.499999999997343281e+01,0.000000000000000000e+00,0.000000000000000000e+00
4.499999999997582734e+01,0.000000000000000000e+00,0.000000000000000000e+00
4.499999999997796607e+01,0.000000000000000000e+00,0.000000000000000000e+00
4.499999999997989875e+01,0.000000000000000000e+00,0.000000000000000000e+00
4.499999999998163247e+01,0.000000000000000000e+00,0.000000000000000000e+00
4.499999999998320988e+01,0.000000000000000000e+00,0.000000000000000000e+00
4.499999999998463096e+01,0.000000000000000000e+00,0.000000000000000000e+00
4.499999999998590283e+01,0.000000000000000000e+00,0.000000000000000000e+00
4.499999999998702549e+01,0.000000000000000000e+00,0.000000000000000000e+00
4.499999999998804157e+01,0.000000000000000000e+00,0.000000000000000000e+00
4.499999999998895817e+01,0.000000000000000000e+00,0.000000000000000000e+00
4.499999999998976818e+01,0.000000000000000000e+00,0.000000000000000000e+00
4.499999999999053557e+01,0.000000000000000000e+00,0.000000000000000000e+00
4.499999999999119638e+01,0.000000000000000000e+00,0.000000000000000000e+00
4.499999999999180744e+01,0.000000000000000000e+00,0.000000000000000000e+00
4.499999999999236877e+01,0.000000000000000000e+00,0.000000000000000000e+00
4.499999999999287326e+01,0.000000000000000000e+00,0.000000000000000000e+00
4.499999999999333511e+01,0.000000000000000000e+00,0.000000000000000000e+00
4.499999999999374012e+01,0.000000000000000000e+00,0.000000000000000000e+00
4.499999999999409539e+01,0.000000000000000000e+00,0.000000000000000000e+00
4.499999999999440092e+01,0.000000000000000000e+00,0.000000000000000000e+00
4.499999999999470646e+01,0.000000000000000000e+00,0.000000000000000000e+00
4.499999999999496225e+01,0.000000000000000000e+00,0.000000000000000000e+00
4.499999999999521805e+01,0.000000000000000000e+00,0.000000000000000000e+00
4.499999999999541700e+01,0.000000000000000000e+00,0.000000000000000000e+00
4.499999999999562306e+01,0.000000000000000000e+00,0.000000000000000000e+00
4.499999999999577938e+01,0.000000000000000000e+00,0.000000000000000000e+00
4.499999999999592859e+01,0.000000000000000000e+00,0.000000000000000000e+00
4.499999999999608491e+01,0.000000000000000000e+00,0.000000000000000000e+00
4.499999999999618439e+01,0.000000000000000000e+00,0.000000000000000000e+00
4.499999999999628386e+01,0.000000000000000000e+00,0.000000000000000000e+00
4.499999999999638334e+01,0.000000000000000000e+00,0.000000000000000000e+00
4.499999999999648992e+01,0.000000000000000000e+00,0.000000000000000000e+00
4.499999999999658939e+01,0.000000000000000000e+00,0.000000000000000000e+00
4.499999999999663913e+01,0.000000000000000000e+00,0.000000000000000000e+00
4.499999999999668887e+01,0.000000000000000000e+00,0.000000000000000000e+00
4.499999999999674571e+01,0.000000000000000000e+00,0.000000000000000000e+00
4.499999999999679545e+01,0.000000000000000000e+00,0.000000000000000000e+00
4.499999999999684519e+01,0.000000000000000000e+00,0.000000000000000000e+00
4.499999999999689493e+01,0.000000000000000000e+00,0.000000000000000000e+00
4.499999999999694467e+01,0.000000000000000000e+00,0.000000000000000000e+00
4.499999999999699440e+01,0.000000000000000000e+00,0.000000000000000000e+00
4.499999999999705125e+01,0.000000000000000000e+00,0.000000000000000000e+00
4.499999999999710099e+01,0.000000000000000000e+00,0.000000000000000000e+00
4.499999999999715072e+01,0.000000000000000000e+00,0.000000000000000000e+00
4.499999999999715072e+01,0.000000000000000000e+00,0.000000000000000000e+00
4.499999999999715072e+01,0.000000000000000000e+00,0.000000000000000000e+00
4.499999999999715072e+01,0.000000000000000000e+00,0.000000000000000000e+00
4.499999999999715072e+01,0.000000000000000000e+00,0.000000000000000000e+00
4.499999999999715072e+01,0.000000000000000000e+00,0.000000000000000000e+00
4.499999999999715072e+01,0.000000000000000000e+00,0.000000000000000000e+00
4.499999999999715072e+01,0.000000000000000000e+00,0.000000000000000000e+00
4.499999999999715072e+01,0.000000000000000000e+00,0.000000000000000000e+00
4.499999999999715072e+01,0.000000000000000000e+00,0.000000000000000000e+00
4.499999999999715072e+01,0.000000000000000000e+00,0.000000000000000000e+00
4.499999999999715072e+01,0.000000000000000000e+00,0.000000000000000000e+00
4.499999999999715072e+01,0.000000000000000000e+00,0.000000000000000000e+00
4.499999999999715072e+01,0.000000000000000000e+00,0.000000000000000000e+00
4.499999999999715072e+01,0.000000000000000000e+00,0.000000000000000000e+00
4.499999999999715072e+01,0.000000000000000000e+00,0.000000000000000000e+00
4.499999999999715072e+01,0.000000000000000000e+00,0.000000000000000000e+00
4.499999999999715072e+01,0.000000000000000000e+00,0.000000000000000000e+00
4.499999999999715072e+01,0.000000000000000000e+00,0.000000000000000000e+00
4.499999999999715072e+01,0.000000000000000000e+00,0.000000000000000000e+00
4.499999999999715072e+01,0.000000000000000000e+00,0.000000000000000000e+00
