ref_mag_x (uT),ref_mag_y (uT),ref_mag_z (uT)
2.553885616683961146e+01,2.054245378190469040e+01,3.753065687399474371e+01
2.553885616683961146e+01,2.054245378190469040e+01,3.753065687399474371e+01
2.553885616683961146e+01,2.054245378190469040e+01,3.753065687399474371e+01
2.553885616683961146e+01,2.054245378190469040e+01,3.753065687399474371e+01
2.553885616683961146e+01,2.054245378190469040e+01,3.753065687399474371e+01
2.553885616683961146e+01,2.054245378190469040e+01,3.753065687399474371e+01
2.553885616683961146e+01,2.054245378190469040e+01,3.753065687399474371e+01
2.553885616683961146e+01,2.054245378190469040e+01,3.753065687399474371e+01
2.553885616683961146e+01,2.054245378190469040e+01,3.753065687399474371e+01
2.553885616683961146e+01,2.054245378190469040e+01,3.753065687399474371e+01
2.553885616683961146e+01,2.054245378190469040e+01,3.753065687399474371e+01
2.553885616683961146e+01,2.054245378190469040e+01,3.753065687399474371e+01
2.553885616683961146e+01,2.054245378190469040e+01,3.753065687399474371e+01
2.553885616683961146e+01,2.054245378190469040e+01,3.753065687399474371e+01
2.553885616683961146e+01,2.054245378190469040e+01,3.753065687399474371e+01
2.553885616683961146e+01,2.054245378190469040e+01,3.753065687399474371e+01
2.553885616683961146e+01,2.054245378190469040e+01,3.753065687399474371e+01
2.553885616683961146e+01,2.054245378190469040e+01,3.753065687399474371e+01
2.553885616683961146e+01,2.054245378190469040e+01,3.753065687399474371e+01
2.553885616683961146e+01,2.054245378190469040e+01,3.753065687399474371e+01
2.553885616683961146e+01,2.054245378190469040e+01,3.753065687399474371e+01
2.553885616683961146e+01,2.054245378190469040e+01,3.753065687399474371e+01
2.553885616683961146e+01,2.054245378190469040e+01,3.753065687399474371e+01
2.553885616683961146e+01,2.054245378190469040e+01,3.753065687399474371e+01
2.553885616683961146e+01,2.054245378190469040e+01,3.753065687399474371e+01
2.553885616683961146e+01,2.054245378190469040e+01,3.753065687399474371e+01
2.553885616683961146e+01,2.054245378190469040e+01,3.753065687399474371e+01
2.553885616683961146e+01,2.054245378190469040e+01,3.753065687399474371e+01
2.553885616683961146e+01,2.054245378190469040e+01,3.753065687399474371e+01
2.553885616683961146e+01,2.054245378190469040e+01,3.753065687399474371e+01
2.553885616683961146e+01,2.054245378190469040e+01,3.753065687399474371e+01
2.553885616683961146e+01,2.054245378190469040e+01,3.753065687399474371e+01
2.553885616683961146e+01,2.054245378190469040e+01,3.753065687399474371e+01
2.553885616683961146e+01,2.054245378190469040e+01,3.753065687399474371e+01
2.553885616683961146e+01,2.054245378190469040e+01,3.753065687399474371e+01
2.553885616683961146e+01,2.054245378190469040e+01,3.753065687399474371e+01
2.553885616683961146e+01,2.054245378190469040e+01,3.753065687399474371e+01
2.553885616683961146e+01,2.054245378190469040e+01,3.753065687399474371e+01
2.553885616683961146e+01,2.054245378190469040e+01,3.753065687399474371e+01
2.553885616683961146e+01,2.054245378190469040e+01,3.753065687399474371e+01
2.553885616683961146e+01,2.054245378190469040e+01,3.753065687399474371e+01
2.553885616683961146e+01,2.054245378190469040e+01,3.753065687399474371e+01
2.553885616683961146e+01,2.054245378190469040e+01,3.753065687399474371e+01
2.553885616683961146e+01,2.054245378190469040e+01,3.753065687399474371e+01
2.553885616683961146e+01,2.054245378190469040e+01,3.753065687399474371e+01
2.553885616683961146e+01,2.054245378190469040e+01,3.753065687399474371e+01
2.553885616683961146e+01,2.054245378190469040e+01,3.753065687399474371e+01
2.553885616683961146e+01,2.054245378190469040e+01,3.753065687399474371e+01
2.553885616683961146e+01,2.054245378190469040e+01,3.753065687399474371e+01
2.553885616683961146e+01,2.054245378190469040e+01,3.753065687399474371e+01
2.553885616683961146e+01,2.054245378190469040e+01,3.753065687399474371e+01
2.553885616683961146e+01,2.054245378190469040e+01,3.753065687399474371e+01
2.553885616683961146e+01,2.054245378190469040e+01,3.753065687399474371e+01
2.553885616683961146e+01,2.054245378190469040e+01,3.753065687399474371e+01
2.553885616683961146e+01,2.054245378190469040e+01,3.753065687399474371e+01
2.553885616683961146e+01,2.054245378190469040e+01,3.753065687399474371e+01
2.553885616683961146e+01,2.054245378190469040e+01,3.753065687399474371e+01
2.553885616683961146e+01,2.054245378190469040e+01,3.753065687399474371e+01
2.553885616683961146e+01,2.054245378190469040e+01,3.753065687399474371e+01
2.553885616683961146e+01,2.054245378190469040e+01,3.753065687399474371e+01
2.553885616683961146e+01,2.054245378190469040e+01,3.753065687399474371e+01
2.553885616683961146e+01,2.054245378190469040e+01,3.753065687399474371e+01
2.553885616683961146e+01,2.054245378190469040e+01,3.753065687399474371e+01
2.553885616683961146e+01,2.054245378190469040e+01,3.753065687399474371e+01
2.553885616683961146e+01,2.054245378190469040e+01,3.753065687399474371e+01
2.553885616683961146e+01,2.054245378190469040e+01,3.753065687399474371e+01
2.553885616683961146e+01,2.054245378190469040e+01,3.753065687399474371e+01
2.553885616683961146e+01,2.054245378190469040e+01,3.753065687399474371e+01
2.553885616683961146e+01,2.054245378190469040e+01,3.753065687399474371e+01
2.553885616683961146e+01,2.054245378190469040e+01,3.753065687399474371e+01
2.553885616683961146e+01,2.054245378190469040e+01,3.753065687399474371e+01
2.553885616683961146e+01,2.054245378190469040e+01,3.753065687399474371e+01
2.553885616683961146e+01,2.054245378190469040e+01,3.753065687399474371e+01
2.553885616683961146e+01,2.054245378190469040e+01,3.753065687399474371e+01
2.553885616683961146e+01,2.054245378190469040e+01,3.753065687399474371e+01
2.553885616683961146e+01,2.054245378190469040e+01,3.753065687399474371e+01
2.553885616683961146e+01,2.054245378190469040e+01,3.753065687399474371e+01
2.553885616683961146e+01,2.054245378190469040e+01,3.753065687399474371e+01
2.553885616683961146e+01,2.054245378190469040e+01,3.753065687399474371e+01
2.553885616683961146e+01,2.054245378190469040e+01,3.753065687399474371e+01
2.553885616683961146e+01,2.054245378190469040e+01,3.753065687399474371e+01
2.553885616683961146e+01,2.054245378190469040e+01,3.753065687399474371e+01
2.553885616683961146e+01,2.054245378190469040e+01,3.753065687399474371e+01
2.553885616683961146e+01,2.054245378190469040e+01,3.753065687399474371e+01
2.553885616683961146e+01,2.054245378190469040e+01,3.753065687399474371e+01
2.553885616683961146e+01,2.054245378190469040e+01,3.753065687399474371e+01
2.553885616683961146e+01,2.054245378190469040e+01,3.753065687399474371e+01
2.553885616683961146e+01,2.054245378190469040e+01,3.753065687399474371e+01
2.553885616683961146e+01,2.054245378190469040e+01,3.753065687399474371e+01
2.553885616683961146e+01,2.054245378190469040e+01,3.753065687399474371e+01
2.553885616683961146e+01,2.054245378190469040e+01,3.753065687399474371e+01
2.553885616683961146e+01,2.054245378190469040e+01,3.753065687399474371e+01
2.553885616683961146e+01,2.054245378190469040e+01,3.753065687399474371e+01
2.553885616683961146e+01,2.054245378190469040e+01,3.753065687399474371e+01
2.553885616683961146e+01,2.054245378190469040e+01,3.753065687399474371e+01
2.553885616683961146e+01,2.054245378190469040e+01,3.753065687399474371e+01
2.553885616683961146e+01,2.054245378190469040e+01,3.753065687399474371e+01
2.553885616683961146e+01,2.054245378190469040e+01,3.753065687399474371e+01
2.553885616683961146e+01,2.054245378190469040e+01,3.753065687399474371e+01
2.553885616683961146e+01,2.054245378190469040e+01,3.753065687399474371e+01
2.553885616683961146e+01,2.054245378190469040e+01,3.753065687399474371e+01
2.554423329339938675e+01,2.053576702109269903e+01,3.753065687399474371e+01
2.555444501017569081e+01,2.052305829826828543e+01,3.753065687399474371e+01
2.556899920176042329e+01,2.050492286043980528e+01,3.753065687399474371e+01
2.558744999440054713e+01,2.048189406466753937e+01,3.753065687399474371e+01
2.560939381477363241e+01,2.045445013027840275e+01,3.753065687399474371e+01
2.563446569939337749e+01,2.042302009984900479e+01,3.753065687399474371e+01
2.566233585864845779e+01,2.038798911050664486e+01,3.753065687399474371e+01
2.569270649324477418e+01,2.034970306280142793e+01,3.753065687399474371e+01
2.572530885638769149e+01,2.030847276226533182e+01,3.753065687399474371e+01
2.575990055198688466e+01,2.026457759845878570e+01,3.753065687399474371e+01
2.579626305716289281e+01,2.021826881752898331e+01,3.753065687399474371e+01
2.583419945612588009e+01,2.016977243682529419e+01,3.753065687399474371e+01
2.587353237188404975e+01,2.011929184373247992e+01,3.753065687399474371e+01
2.591410208206655241e+01,2.006701011542192603e+01,3.753065687399474371e+01
2.595576480529411612e+01,2.001309209154016244e+01,3.753065687399474371e+01
2.599839114490680458e+01,1.995768622783321433e+01,3.753065687399474371e+01
2.604186467739218358e+01,1.990092625524262360e+01,3.753065687399474371e+01
2.608608067349291204e+01,1.984293266602070815e+01,3.753065687399474371e+01
2.613094494067079054e+01,1.978381404582654213e+01,3.753065687399474371e+01
2.617637277633309978e+01,1.972366826852093169e+01,3.753065687399474371e+01
2.622228802196278963e+01,1.966258356842860877e+01,3.753065687399474371e+01
2.626862220902205891e+01,1.960063950313573145e+01,3.753065687399474371e+01
2.631531378820521638e+01,1.953790781840544000e+01,3.753065687399474371e+01
2.636230743429477030e+01,1.947445322549361535e+01,3.753065687399474371e+01
2.640955341951775281e+01,1.941033410000585846e+01,3.753065687399474371e+01
2.645700704890563770e+01,1.934560311043234293e+01,3.753065687399474371e+01
2.650462815172799225e+01,1.928030778361279118e+01,3.753065687399474371e+01
2.655238062359755347e+01,1.921449101360254730e+01,3.753065687399474371e+01
2.660023201433285678e+01,1.914819151971990863e+01,3.753065687399474371e+01
2.664815315711558696e+01,1.908144425894230878e+01,3.753065687399474371e+01
2.669611783489413170e+01,1.901428079727601528e+01,3.753065687399474371e+01
2.674410248036487303e+01,1.894672964424080774e+01,3.753065687399474371e+01
2.679208590621080788e+01,1.887881655418135907e+01,3.753065687399474371e+01
2.684004906259395540e+01,1.881056479773431533e+01,3.753065687399474371e+01
2.688797481918771837e+01,1.874199540643789419e+01,3.753065687399474371e+01
2.693584776929797187e+01,1.867312739316629688e+01,3.753065687399474371e+01
2.698365405386078208e+01,1.860397795079790484e+01,3.753065687399474371e+01
2.703138120332144112e+01,1.853456263128246562e+01,3.753065687399474371e+01
2.707901799559585498e+01,1.846489550705358695e+01,3.753065687399474371e+01
2.712655432849299331e+01,1.839498931653753644e+01,3.753065687399474371e+01
2.717398110513827092e+01,1.832485559533281005e+01,3.753065687399474371e+01
2.722129013108282791e+01,1.825450479447811958e+01,3.753065687399474371e+01
2.726847402191492264e+01,1.818394638708448952e+01,3.753065687399474371e+01
2.731552612030831284e+01,1.811318896448016957e+01,3.753065687399474371e+01
2.736244042154936551e+01,1.804224032290262514e+01,3.753065687399474371e+01
2.740921150668071604e+01,1.797110754166958912e+01,3.753065687399474371e+01
2.745583448248660474e+01,1.789979705366827645e+01,3.753065687399474371e+01
2.750230492762291234e+01,1.782831470891908410e+01,3.753065687399474371e+01
2.754861884426536633e+01,1.775666583189533654e+01,3.753065687399474371e+01
2.759477261471316822e+01,1.768485527321296047e+01,3.753065687399474371e+01
2.764076296244188313e+01,1.761288745624387886e+01,3.753065687399474371e+01
2.768658691715108944e+01,1.754076641915199275e+01,3.753065687399474371e+01
2.773224178339855328e+01,1.746849585280127215e+01,3.753065687399474371e+01
2.777772511245388998e+01,1.739607913494188551e+01,3.753065687399474371e+01
2.782303467704231537e+01,1.732351936103956902e+01,3.753065687399474371e+01
2.786816844868262422e+01,1.725081937207801985e+01,3.753065687399474371e+01
2.791312457735359587e+01,1.717798177963146600e+01,3.753065687399474371e+01
2.795790137325018421e+01,1.710500898847549323e+01,3.753065687399474371e+01
2.800249729041539481e+01,1.703190321697756460e+01,3.753065687399474371e+01
2.804691091205524955e+01,1.695866651548547210e+01,3.753065687399474371e+01
2.809114093736442896e+01,1.688530078290997949e+01,3.753065687399474371e+01
2.813518616970729980e+01,1.681180778167901124e+01,3.753065687399474371e+01
2.817904550601541303e+01,1.673818915122315332e+01,3.753065687399474371e+01
2.822271792727636353e+01,1.666444642013665955e+01,3.753065687399474371e+01
2.826620249000204410e+01,1.659058101714385813e+01,3.753065687399474371e+01
2.830949831857556376e+01,1.651659428098842142e+01,3.753065687399474371e+01
2.835260459838656288e+01,1.644248746935089756e+01,3.753065687399474371e+01
2.839552056967390214e+01,1.636826176689016421e+01,3.753065687399474371e+01
2.843824552200298328e+01,1.629391829249457402e+01,3.753065687399474371e+01
2.848077878931232476e+01,1.621945810582059266e+01,3.753065687399474371e+01
2.852311974547096440e+01,1.614488221318868355e+01,3.753065687399474371e+01
2.856526780029410872e+01,1.607019157289957434e+01,3.753065687399474371e+01
2.860722239596974603e+01,1.599538710002789799e+01,3.753065687399474371e+01
2.864898300385407737e+01,1.592046967074439756e+01,3.753065687399474371e+01
2.869054912159764470e+01,1.584544012621311282e+01,3.753065687399474371e+01
2.873192027056823861e+01,1.577029927610513127e+01,3.753065687399474371e+01
2.877309599353989000e+01,1.569504790176667797e+01,3.753065687399474371e+01
2.881407585262057580e+01,1.561968675907553994e+01,3.753065687399474371e+01
2.885485942739411769e+01,1.554421658101612813e+01,3.753065687399474371e+01
2.889544631325406243e+01,1.546863808000123264e+01,3.753065687399474371e+01
2.893583611990982263e+01,1.539295194996508975e+01,3.753065687399474371e+01
2.897602847004735338e+01,1.531715886825024597e+01,3.753065687399474371e+01
2.901602299812835639e+01,1.524125949730855645e+01,3.753065687399474371e+01
2.905581934931374377e+01,1.516525448623454864e+01,3.753065687399474371e+01
2.909541717849855047e+01,1.508914447214763399e+01,3.753065687399474371e+01
2.913481614944682008e+01,1.501293008143795760e+01,3.753065687399474371e+01
2.917401593401612558e+01,1.493661193088931682e+01,3.753065687399474371e+01
2.921301621146238148e+01,1.486019062869141472e+01,3.753065687399474371e+01
2.925181666781686118e+01,1.478366677535190377e+01,3.753065687399474371e+01
2.929041699532776022e+01,1.470704096451854959e+01,3.753065687399474371e+01
2.932881689195975738e+01,1.463031378372002145e+01,3.753065687399474371e+01
2.936701606094552730e+01,1.455348581503343830e+01,3.753065687399474371e+01
2.940501421038383967e+01,1.447655763568591958e+01,3.753065687399474371e+01
2.944281105287953082e+01,1.439952981859639891e+01,3.753065687399474371e+01
2.948040630522078942e+01,1.432240293286396948e+01,3.753065687399474371e+01
2.951779968809018939e+01,1.424517754420753946e+01,3.753065687399474371e+01
2.955499092580573262e+01,1.416785421536206968e+01,3.753065687399474371e+01
2.959197974608894199e+01,1.409043350643527504e+01,3.753065687399474371e+01
2.962876587985712717e+01,1.401291597522892474e+01,3.753065687399474371e+01
2.966534906103741065e+01,1.393530217752807943e+01,3.753065687399474371e+01
2.970172902640011614e+01,1.385759266736155659e+01,3.753065687399474371e+01
2.973790551540972160e+01,1.377978799723624803e+01,3.753065687399474371e+01
2.977387827009133048e+01,1.370188871834811550e+01,3.753065687399474371e+01
2.980964703491122236e+01,1.362389538077199624e+01,3.753065687399474371e+01
2.984521155666997672e+01,1.354580853363227533e+01,3.753065687399474371e+01
2.988057158440677696e+01,1.346762872525650856e+01,3.753065687399474371e+01
2.991572686931392511e+01,1.338935650331340277e+01,3.753065687399474371e+01
2.995067716466028784e+01,1.331099241493694230e+01,3.753065687399474371e+01
2.998542222572293880e+01,1.323253700683783585e+01,3.753065687399474371e+01
3.001996180972601280e+01,1.315399082540366393e+01,3.753065687399474371e+01
3.005429567578610772e+01,1.307535441678872523e+01,3.753065687399474371e+01
3.008842358486348800e+01,1.299662832699476489e+01,3.753065687399474371e+01
3.012234529971852481e+01,1.291781310194327048e+01,3.753065687399474371e+01
3.015606058487288266e+01,1.283890928754028415e+01,3.753065687399474371e+01
3.018956920657479159e+01,1.275991742973453391e+01,3.753065687399474371e+01
3.022287093276817416e+01,1.268083807456938317e+01,3.753065687399474371e+01
3.025596553306512249e+01,1.260167176822930024e+01,3.753065687399474371e+01
3.028885277872135973e+01,1.252241905708140024e+01,3.753065687399474371e+01
3.032153244261444414e+01,1.244308048771250874e+01,3.753065687399474371e+01
3.035400429922438903e+01,1.236365660696217006e+01,3.753065687399474371e+01
3.038626812461642501e+01,1.228414796195209568e+01,3.753065687399474371e+01
3.041832369642575173e+01,1.220455510011224476e+01,3.753065687399474371e+01
3.045017079384397718e+01,1.212487856920403573e+01,3.753065687399474371e+01
3.048180919760719476e+01,1.204511891734081175e+01,3.753065687399474371e+01
3.051323868998532873e+01,1.196527669300606966e+01,3.753065687399474371e+01
3.054445905477287937e+01,1.188535244506931221e+01,3.753065687399474371e+01
3.057547007728065580e+01,1.180534672280010966e+01,3.753065687399474371e+01
3.060627154432860308e+01,1.172526007588032471e+01,3.753065687399474371e+01
3.063686324423948903e+01,1.164509305441478304e+01,3.753065687399474371e+01
3.066724496683333712e+01,1.156484620894057791e+01,3.753065687399474371e+01
3.069741650342269068e+01,1.148452009043495536e+01,3.753065687399474371e+01
3.072737764680843497e+01,1.140411525032211593e+01,3.753065687399474371e+01
3.075712819127620534e+01,1.132363224047895756e+01,3.753065687399474371e+01
3.078666793259335321e+01,1.124307161323987003e+01,3.753065687399474371e+01
3.081599666800627446e+01,1.116243392140075485e+01,3.753065687399474371e+01
3.084511419623826001e+01,1.108171971822212498e+01,3.753065687399474371e+01
3.087402031748763420e+01,1.100092955743162904e+01,3.753065687399474371e+01
3.090271483342625203e+01,1.092006399322591292e+01,3.753065687399474371e+01
3.093119754719828407e+01,1.083912358027192724e+01,3.753065687399474371e+01
3.095946826341923952e+01,1.075810887370772484e+01,3.753065687399474371e+01
3.098752678817525918e+01,1.067702042914279836e+01,3.753065687399474371e+01
3.101537292902258613e+01,1.059585880265799673e+01,3.753065687399474371e+01
3.104300649498721043e+01,1.051462455080513081e+01,3.753065687399474371e+01
3.107042729656472702e+01,1.043331823060609764e+01,3.753065687399474371e+01
3.109763514572028953e+01,1.035194039955187151e+01,3.753065687399474371e+01
3.112462985588872044e+01,1.027049161560110235e+01,3.753065687399474371e+01
3.115141124197469225e+01,1.018897243717857393e+01,3.753065687399474371e+01
3.117797912035308983e+01,1.010738342317331018e+01,3.753065687399474371e+01
3.120433330886939416e+01,1.002572513293657330e+01,3.753065687399474371e+01
3.123047362684015837e+01,9.943998126279666394e+00,3.753065687399474371e+01
3.125639989505358329e+01,9.862202963471517592e+00,3.753065687399474371e+01
3.128211193577013560e+01,9.780340205236202067e+00,3.753065687399474371e+01
3.130760957272320155e+01,9.698410412750245513e+00,3.753065687399474371e+01
3.133289263111982237e+01,9.616414147639918752e+00,3.753065687399474371e+01
3.135796093764143677e+01,9.534351971978267670e+00,3.753065687399474371e+01
3.138281432044468744e+01,9.452224448282205316e+00,3.753065687399474371e+01
3.140745260916226655e+01,9.370032139509373081e+00,3.753065687399474371e+01
3.143187563490371872e+01,9.287775609055049841e+00,3.753065687399474371e+01
3.145608323025639308e+01,9.205455420748858586e+00,3.753065687399474371e+01
3.148007522928626045e+01,9.123072138851567203e+00,3.753065687399474371e+01
3.150385146753887966e+01,9.040626328051642346e+00,3.753065687399474371e+01
3.152741178204031058e+01,8.958118553461876132e+00,3.753065687399474371e+01
3.155075601129803786e+01,8.875549380615980866e+00,3.753065687399474371e+01
3.157388399530193368e+01,8.792919375465041654e+00,3.753065687399474371e+01
3.159679557552519924e+01,8.710229104373961917e+00,3.753065687399474371e+01
3.161949059492533465e+01,8.627479134117926662e+00,3.753065687399474371e+01
3.164196889794509104e+01,8.544670031878787597e+00,3.753065687399474371e+01
3.166423033051342983e+01,8.461802365241423374e+00,3.753065687399474371e+01
3.168627474004649613e+01,8.378876702190060755e+00,3.753065687399474371e+01
3.170810197544858511e+01,8.295893611104569132e+00,3.753065687399474371e+01
3.172971188711308343e+01,8.212853660756813667e+00,3.753065687399474371e+01
3.175110432692347118e+01,8.129757420306809479e+00,3.753065687399474371e+01
3.177227914825421706e+01,8.046605459299119190e+00,3.753065687399474371e+01
3.179323620597178035e+01,7.963398347658943166e+00,3.753065687399474371e+01
3.181397535643554519e+01,7.880136655688382952e+00,3.753065687399474371e+01
3.183449645749876211e+01,7.796820954062668285e+00,3.753065687399474371e+01
3.185479936850946814e+01,7.713451813826328163e+00,3.753065687399474371e+01
3.187488395031144606e+01,7.630029806389352132e+00,3.753065687399474371e+01
3.189475006524511969e+01,7.546555503523332931e+00,3.753065687399474371e+01
3.191439757714850245e+01,7.463029477357684627e+00,3.753065687399474371e+01
3.193382635135808201e+01,7.379452300375695550e+00,3.753065687399474371e+01
3.195303625470971909e+01,7.295824545410765971e+00,3.753065687399474371e+01
3.197202715553957120e+01,7.212146785642422842e+00,3.753065687399474371e+01
3.199079892368493461e+01,7.128419594592536157e+00,3.753065687399474371e+01
3.200935143048516096e+01,7.044643546121386990e+00,3.753065687399474371e+01
3.202768454878249571e+01,6.960819214423760393e+00,3.753065687399474371e+01
3.204579815292296274e+01,6.876947174025056952e+00,3.753065687399474371e+01
3.206369211875719571e+01,6.793027999777398129e+00,3.753065687399474371e+01
3.208136632364128360e+01,6.709062266855701395e+00,3.753065687399474371e+01
3.209882064643761623e+01,6.625050550753741163e+00,3.753065687399474371e+01
3.211605496751567301e+01,6.540993427280294981e+00,3.753065687399474371e+01
3.213306916875288266e+01,6.456891472555124523e+00,3.753065687399474371e+01
3.214986313353538350e+01,6.372745263005128891e+00,3.753065687399474371e+01
3.216643674675885478e+01,6.288555375360355804e+00,3.753065687399474371e+01
3.218278989482925567e+01,6.204322386650104271e+00,3.753065687399474371e+01
3.219892246566366367e+01,6.120046874198915354e+00,3.753065687399474371e+01
3.221483434869095674e+01,6.035729415622728133e+00,3.753065687399474371e+01
3.223052543485263044e+01,5.951370588824866026e+00,3.753065687399474371e+01
3.224599561660353686e+01,5.866970971992070183e+00,3.753065687399474371e+01
3.226124478791258099e+01,5.782531143590596834e+00,3.753065687399474371e+01
3.227627284426349519e+01,5.698051682362227588e+00,3.753065687399474371e+01
3.229107968265549999e+01,5.613533167320318817e+00,3.753065687399474371e+01
3.230566520160405020e+01,5.528976177745851039e+00,3.753065687399474371e+01
3.232002930114152406e+01,5.444381293183411685e+00,3.753065687399474371e+01
3.233417188281786991e+01,5.359749093437322642e+00,3.753065687399474371e+01
3.234809284970133803e+01,5.275080158567572397e+00,3.753065687399474371e+01
3.236179210637908454e+01,5.190375068885900056e+00,3.753065687399474371e+01
3.237526955895786784e+01,5.105634404951844729e+00,3.753065687399474371e+01
3.238852511506467380e+01,5.020858747568686553e+00,3.753065687399474371e+01
3.240155868384733395e+01,4.936048677779570681e+00,3.753065687399474371e+01
3.241437017597518633e+01,4.851204776863420776e+00,3.753065687399474371e+01
3.242695950363964386e+01,4.766327626331058553e+00,3.753065687399474371e+01
3.243932658055482676e+01,4.681417807921142149e+00,3.753065687399474371e+01
3.245147132195813100e+01,4.596475903596258128e+00,3.753065687399474371e+01
3.246339364461083221e+01,4.511502495538822544e+00,3.753065687399474371e+01
3.247509346679863995e+01,4.426498166147200486e+00,3.753065687399474371e+01
3.248657070833223770e+01,4.341463498031692403e+00,3.753065687399474371e+01
3.249782529054790103e+01,4.256399074010476902e+00,3.753065687399474371e+01
3.250885713630794527e+01,4.171305477105705428e+00,3.753065687399474371e+01
3.251966617000131521e+01,4.086183290539451285e+00,3.753065687399474371e+01
3.253025231754410385e+01,4.001033097729703059e+00,3.753065687399474371e+01
3.254061550638000710e+01,3.915855482286465516e+00,3.753065687399474371e+01
3.255075566548089228e+01,3.830651028007604708e+00,3.753065687399474371e+01
3.256067272534721724e+01,3.745420318874997712e+00,3.753065687399474371e+01
3.257036661800857047e+01,3.660163939050408377e+00,3.753065687399474371e+01
3.257983727702407606e+01,3.574882472871575345e+00,3.753065687399474371e+01
3.258908463748289819e+01,3.489576504848176608e+00,3.753065687399474371e+01
3.259810863600464614e+01,3.404246619657795847e+00,3.753065687399474371e+01
3.260690921073984327e+01,3.318893402141937177e+00,3.753065687399474371e+01
3.261548630137033200e+01,3.233517437302027009e+00,3.753065687399474371e+01
3.262383984910968593e+01,3.148119310295397710e+00,3.753065687399474371e+01
3.263196979670362907e+01,3.062699606431277921e+00,3.753065687399474371e+01
3.263987608843039112e+01,2.977258911166782429e+00,3.753065687399474371e+01
3.264755867010114088e+01,2.891797810102898936e+00,3.753065687399474371e+01
3.265501748906032020e+01,2.806316888980444624e+00,3.753065687399474371e+01
3.266225249418600640e+01,2.720816733676110211e+00,3.753065687399474371e+01
3.266926363589029592e+01,2.635297930198387650e+00,3.753065687399474371e+01
3.267605086611960274e+01,2.549761064683608858e+00,3.753065687399474371e+01
3.268261413835500662e+01,2.464206723391871634e+00,3.753065687399474371e+01
3.268895340761256563e+01,2.378635492703082388e+00,3.753065687399474371e+01
3.269506863044365019e+01,2.293047959112844314e+00,3.753065687399474371e+01
3.270095976493519885e+01,2.207444709228588042e+00,3.753065687399474371e+01
3.270662677071003799e+01,2.121826329765374552e+00,3.753065687399474371e+01
3.271206960892713766e+01,2.036193407542018718e+00,3.753065687399474371e+01
3.271728824228189580e+01,1.950546529476979929e+00,3.753065687399474371e+01
3.272228263500638690e+01,1.864886282584373278e+00,3.753065687399474371e+01
3.272705275286959647e+01,1.779213253969966768e+00,3.753065687399474371e+01
3.273159856317767691e+01,1.693528030827076369e+00,3.753065687399474371e+01
3.273592003477414636e+01,1.607831200432657814e+00,3.753065687399474371e+01
3.274001713804012326e+01,1.522123350143189890e+00,3.753065687399474371e+01
3.274388984489451815e+01,1.436405067390654766e+00,3.753065687399474371e+01
3.274753812879423975e+01,1.350676939678590260e+00,3.753065687399474371e+01
3.275096196473435128e+01,1.264939554578016656e+00,3.753065687399474371e+01
3.275416132924826229e+01,1.179193499723342198e+00,3.753065687399474371e+01
3.275713620040789209e+01,1.093439362808424242e+00,3.753065687399474371e+01
3.275988655782380476e+01,1.007677731582546254e+00,3.753065687399474371e+01
3.276241238264535127e+01,9.219091938462955493e-01,3.753065687399474371e+01
3.276471365756082577e+01,8.361343374476263302e-01,3.753065687399474371e+01
3.276679036679753665e+01,7.503537502778298007e-01,3.753065687399474371e+01
3.276864249612195579e+01,6.645680202674463244e-01,3.753065687399474371e+01
3.277027003283979667e+01,5.787777353822340931e-01,3.753065687399474371e+01
3.277167296579609967e+01,4.929834836192283909e-01,3.753065687399474371e+01
3.277285128537531733e+01,4.071858530026260525e-01,3.753065687399474371e+01
3.277380498350138538e+01,3.213854315797494698e-01,3.753065687399474371e+01
3.277453405363776540e+01,2.355828074171106845e-01,3.753065687399474371e+01
3.277503849078748743e+01,1.497785685962881586e-01,3.753065687399474371e+01
3.277531829149319265e+01,6.397330320992682118e-02,3.753065687399474371e+01
3.277537345383716882e+01,-2.183240064232103150e-02,3.753065687399474371e+01
3.277520397744132907e+01,-1.076379548577389156e-01,3.753065687399474371e+01
3.277480986346725444e+01,-1.934427713346670297e-01,3.753065687399474371e+01
3.277419111461615131e+01,-2.792462619764993215e-01,3.753065687399474371e+01
3.277334773512885846e+01,-3.650478386957196064e-01,3.753065687399474371e+01
3.277227973078579737e+01,-4.508469134179272642e-01,3.753065687399474371e+01
3.277098710890695799e+01,-5.366428980858718445e-01,3.753065687399474371e+01
3.276946987835182767e+01,-6.224352046634806790e-01,3.753065687399474371e+01
3.276772804951932017e+01,-7.082232451398896567e-01,3.753065687399474371e+01
3.276576163434776134e+01,-7.940064315335058076e-01,3.753065687399474371e+01
3.276357064631471161e+01,-8.797841758959444869e-01,3.753065687399474371e+01
3.276115510043698009e+01,-9.655558903161506334e-01,3.753065687399474371e+01
3.275851501327043280e+01,-1.051320986924396905e+00,3.753065687399474371e+01
3.275565040290993579e+01,-1.137078877896314344e+00,3.753065687399474371e+01
3.275256128898922015e+01,-1.222828975456921929e+00,3.753065687399474371e+01
3.274924769268070435e+01,-1.308570691884650250e+00,3.753065687399474371e+01
3.274570963669542323e+01,-1.394303439515376830e+00,3.753065687399474371e+01
3.274194714528281480e+01,-1.480026630746448690e+00,3.753065687399474371e+01
3.273796024423056394e+01,-1.565739678040710015e+00,3.753065687399474371e+01
3.273374896086445318e+01,-1.651441993930533814e+00,3.753065687399474371e+01
3.272931332404814242e+01,-1.737132991021842043e+00,3.753065687399474371e+01
3.272465336418299842e+01,-1.822812081998135714e+00,3.753065687399474371e+01
3.271976911320785320e+01,-1.908478679624519225e+00,3.753065687399474371e+01
3.271466060459881930e+01,-1.994132196751722930e+00,3.753065687399474371e+01
3.270932787336904823e+01,-2.079772046320132350e+00,3.753065687399474371e+01
3.270377095606847462e+01,-2.165397641363807413e+00,3.753065687399474371e+01
3.269798989078359597e+01,-2.251008395014507002e+00,3.753065687399474371e+01
3.269198471713718135e+01,-2.336603720505711301e+00,3.753065687399474371e+01
3.268575547628801559e+01,-2.422183031176643020e+00,3.753065687399474371e+01
3.267930221093062215e+01,-2.507745740476289953e+00,3.753065687399474371e+01
3.267262496529495763e+01,-2.593291261967422656e+00,3.753065687399474371e+01
3.266572378514612041e+01,-2.678819009330614787e+00,3.753065687399474371e+01
3.265859871778402379e+01,-2.764328396368263441e+00,3.753065687399474371e+01
3.265124981204307630e+01,-2.849818837008603278e+00,3.753065687399474371e+01
3.264367711829186192e+01,-2.935289745309727749e+00,3.753065687399474371e+01
3.263588068843277057e+01,-3.020740535463599663e+00,3.753065687399474371e+01
3.262786057590166422e+01,-3.106170621800072418e+00,3.753065687399474371e+01
3.261961683566750025e+01,-3.191579418790899680e+00,3.753065687399474371e+01
3.261114952423193358e+01,-3.276966341053749510e+00,3.753065687399474371e+01
3.260245869962898979e+01,-3.362330803356218478e+00,3.753065687399474371e+01
3.259354442142459618e+01,-3.447672220619840022e+00,3.753065687399474371e+01
3.258440675071621939e+01,-3.532990007924094567e+00,3.753065687399474371e+01
3.257504575013243198e+01,-3.618283580510422315e+00,3.753065687399474371e+01
3.256546148383247896e+01,-3.703552353786225826e+00,3.753065687399474371e+01
3.255565401750585153e+01,-3.788795743328881471e+00,3.753065687399474371e+01
3.254562341837183226e+01,-3.874013164889741567e+00,3.753065687399474371e+01
3.253536975517901908e+01,-3.959204034398141392e+00,3.753065687399474371e+01
3.252489309820486341e+01,-4.044367767965398208e+00,3.753065687399474371e+01
3.251419351925521539e+01,-4.129503781888820058e+00,3.753065687399474371e+01
3.250327109166378392e+01,-4.214611492655698122e+00,3.753065687399474371e+01
3.249212589029166054e+01,-4.299690316947314628e+00,3.753065687399474371e+01
3.248075799152680787e+01,-4.384739671642932102e+00,3.753065687399474371e+01
3.246916747328353381e+01,-4.469758973823796389e+00,3.753065687399474371e+01
3.245735441500195861e+01,-4.554747640777130790e+00,3.753065687399474371e+01
3.244531889764745358e+01,-4.639705090000128429e+00,3.753065687399474371e+01
3.243306100371010814e+01,-4.724630739203944607e+00,3.753065687399474371e+01
3.242058081720415430e+01,-4.809524006317688283e+00,3.753065687399474371e+01
3.240787842366739113e+01,-4.894384309492411766e+00,3.753065687399474371e+01
3.239495391016060921e+01,-4.979211067105099531e+00,3.753065687399474371e+01
3.238180736526696535e+01,-5.064003697762654355e+00,3.753065687399474371e+01
3.236843887909142126e+01,-5.148761620305877251e+00,3.753065687399474371e+01
3.235484854326007564e+01,-5.233484253813458942e+00,3.753065687399474371e+01
3.234103645091956736e+01,-5.318171017605955342e+00,3.753065687399474371e+01
3.232700269673642879e+01,-5.402821331249769266e+00,3.753065687399474371e+01
3.231274737689644638e+01,-5.487434614561130353e+00,3.753065687399474371e+01
3.229827058910398563e+01,-5.572010287610067891e+00,3.753065687399474371e+01
3.228357243258132314e+01,-5.656547770724389856e+00,3.753065687399474371e+01
3.226865300806798587e+01,-5.741046484493651292e+00,3.753065687399474371e+01
3.225351241782003342e+01,-5.825505849773129796e+00,3.753065687399474371e+01
3.223815076560937598e+01,-5.909925287687792128e+00,3.753065687399474371e+01
3.222256815672305663e+01,-5.994304219636264364e+00,3.753065687399474371e+01
3.220676469796254082e+01,-6.078642067294794060e+00,3.753065687399474371e+01
3.219074049764295609e+01,-6.162938252621216861e+00,3.753065687399474371e+01
3.217449566559237439e+01,-6.247192197858916884e+00,3.753065687399474371e+01
3.215803031315106608e+01,-6.331403325540787108e+00,3.753065687399474371e+01
3.214134455317071115e+01,-6.415571058493188872e+00,3.753065687399474371e+01
3.212443850001363188e+01,-6.499694819839902493e+00,3.753065687399474371e+01
3.210731226955203965e+01,-6.583774033006088544e+00,3.753065687399474371e+01
3.208996597916718230e+01,-6.667808121722234915e+00,3.753065687399474371e+01
3.207239974774859803e+01,-6.751796510028104770e+00,3.753065687399474371e+01
3.205461369569327701e+01,-6.835738622276689824e+00,3.753065687399474371e+01
3.203660794490481578e+01,-6.919633883138152974e+00,3.753065687399474371e+01
3.201838261879262859e+01,-7.003481717603767365e+00,3.753065687399474371e+01
3.199993784227104854e+01,-7.087281550989866119e+00,3.753065687399474371e+01
3.198127374175851756e+01,-7.171032808941772529e+00,3.753065687399474371e+01
3.196239044517668049e+01,-7.254734917437743569e+00,3.753065687399474371e+01
3.194328808194954661e+01,-7.338387302792899192e+00,3.753065687399474371e+01
3.192396678300256951e+01,-7.421989391663156077e+00,3.753065687399474371e+01
3.190442668076177668e+01,-7.505540611049160482e+00,3.753065687399474371e+01
3.188466790915283156e+01,-7.589040388300205997e+00,3.753065687399474371e+01
3.186469060360014538e+01,-7.672488151118171729e+00,3.753065687399474371e+01
3.184449490102593217e+01,-7.755883327561432949e+00,3.753065687399474371e+01
3.182408093984928144e+01,-7.839225346048790399e+00,3.753065687399474371e+01
3.180344885998519189e+01,-7.922513635363378270e+00,3.753065687399474371e+01
3.178259880284362993e+01,-8.005747624656590844e+00,3.753065687399474371e+01
3.176153091132855621e+01,-8.088926743451981594e+00,3.753065687399474371e+01
3.174024532983693447e+01,-8.172050421649187157e+00,3.753065687399474371e+01
3.171874220425776159e+01,-8.255118089527821112e+00,3.753065687399474371e+01
3.169702168197105152e+01,-8.338129177751390841e+00,3.753065687399474371e+01
3.167508391184682992e+01,-8.421083117371191307e+00,3.753065687399474371e+01
3.165292904424411802e+01,-8.503979339830211259e+00,3.753065687399474371e+01
3.163055723100989880e+01,-8.586817276967021684e+00,3.753065687399474371e+01
3.160796862547807606e+01,-8.669596361019674902e+00,3.753065687399474371e+01
3.158516338246841926e+01,-8.752316024629601898e+00,3.753065687399474371e+01
3.156214165828551188e+01,-8.834975700845486557e+00,3.753065687399474371e+01
3.153890361071767856e+01,-8.917574823127166539e+00,3.753065687399474371e+01
3.151544939903588727e+01,-9.000112825349503964e+00,3.753065687399474371e+01
3.149177918399268350e+01,-9.082589141806273858e+00,3.753065687399474371e+01
3.146789312782106762e+01,-9.165003207214038383e+00,3.753065687399474371e+01
3.144379139423340064e+01,-9.247354456716021076e+00,3.753065687399474371e+01
3.141947414842026021e+01,-9.329642325885979304e+00,3.753065687399474371e+01
3.139494155704932510e+01,-9.411866250732069616e+00,3.753065687399474371e+01
3.137019378826423477e+01,-9.494025667700720206e+00,3.753065687399474371e+01
3.134523101168342052e+01,-9.576120013680483822e+00,3.753065687399474371e+01
3.132005339839896507e+01,-9.658148726005908458e+00,3.753065687399474371e+01
3.129466112097540176e+01,-9.740111242461379604e+00,3.753065687399474371e+01
3.126905435344856699e+01,-9.822007001284992711e+00,3.753065687399474371e+01
3.124323327132436745e+01,-9.903835441172383014e+00,3.753065687399474371e+01
3.121719805157761130e+01,-9.985596001280585554e+00,3.753065687399474371e+01
3.119094887265078953e+01,-1.006728812123187744e+01,3.753065687399474371e+01
3.116448591445282545e+01,-1.014891124111761656e+01,3.753065687399474371e+01
3.113780935835787389e+01,-1.023046480150207493e+01,3.753065687399474371e+01
3.111091938720406347e+01,-1.031194824342628635e+01,3.753065687399474371e+01
3.108381618529224610e+01,-1.039336100841185839e+01,3.753065687399474371e+01
3.105649993838472867e+01,-1.047470253846481825e+01,3.753065687399474371e+01
3.102897083370401887e+01,-1.055597227607942479e+01,3.753065687399474371e+01
3.100122905993150724e+01,-1.063716966424200017e+01,3.753065687399474371e+01
3.097327480720621296e+01,-1.071829414643473299e+01,3.753065687399474371e+01
3.094510826712344809e+01,-1.079934516663950639e+01,3.753065687399474371e+01
3.091672963273352792e+01,-1.088032216934170648e+01,3.753065687399474371e+01
3.088813909854043516e+01,-1.096122459953402206e+01,3.753065687399474371e+01
3.085933686050048763e+01,-1.104205190272025305e+01,3.753065687399474371e+01
3.083032311602099895e+01,-1.112280352491911728e+01,3.753065687399474371e+01
3.080109806395893202e+01,-1.120347891266803408e+01,3.753065687399474371e+01
3.077166190461951345e+01,-1.128407751302693107e+01,3.753065687399474371e+01
3.074201483975489069e+01,-1.136459877358202597e+01,3.753065687399474371e+01
3.071215707256272154e+01,-1.144504214244961560e+01,3.753065687399474371e+01
3.068208880768479929e+01,-1.152540706827985417e+01,3.753065687399474371e+01
3.065181025120564584e+01,-1.160569300026054229e+01,3.753065687399474371e+01
3.062132161065109770e+01,-1.168589938812088924e+01,3.753065687399474371e+01
3.059062309498688137e+01,-1.176602568213529310e+01,3.753065687399474371e+01
3.055971491461718514e+01,-1.184607133312710658e+01,3.753065687399474371e+01
3.052859728138322382e+01,-1.192603579247240297e+01,3.753065687399474371e+01
3.049727040856176430e+01,-1.200591851210372774e+01,3.753065687399474371e+01
3.046573451086368678e+01,-1.208571894451386797e+01,3.753065687399474371e+01
3.043398980443250323e+01,-1.216543654275959163e+01,3.753065687399474371e+01
3.040203650684287950e+01,-1.224507076046540988e+01,3.753065687399474371e+01
3.036987483709913604e+01,-1.232462105182730916e+01,3.753065687399474371e+01
3.033750501563375579e+01,-1.240408687161650114e+01,3.753065687399474371e+01
3.030492726430587069e+01,-1.248346767518315303e+01,3.753065687399474371e+01
3.027214180639974472e+01,-1.256276291846012683e+01,3.753065687399474371e+01
3.023914886662323553e+01,-1.264197205796670254e+01,3.753065687399474371e+01
3.020594867110624904e+01,-1.272109455081230855e+01,3.753065687399474371e+01
3.017254144739921884e+01,-1.280012985470023601e+01,3.753065687399474371e+01
3.013892742447151107e+01,-1.287907742793136379e+01,3.753065687399474371e+01
3.010510683270987187e+01,-1.295793672940786401e+01,3.753065687399474371e+01
3.007107990391685703e+01,-1.303670721863691462e+01,3.753065687399474371e+01
3.003684687130921915e+01,-1.311538835573439954e+01,3.753065687399474371e+01
3.000240796951633726e+01,-1.319397960142861770e+01,3.753065687399474371e+01
2.996776343457858971e+01,-1.327248041706397252e+01,3.753065687399474371e+01
2.993291350394572703e+01,-1.335089026460465789e+01,3.753065687399474371e+01
2.989785841647528741e+01,-1.342920860663836358e+01,3.753065687399474371e+01
2.986259841243090563e+01,-1.350743490637993993e+01,3.753065687399474371e+01
2.982713373348070007e+01,-1.358556862767508910e+01,3.753065687399474371e+01
2.979146462269562079e+01,-1.366360923500403146e+01,3.753065687399474371e+01
2.975559132454774769e+01,-1.374155619348518265e+01,3.753065687399474371e+01
2.971951408490864921e+01,-1.381940896887881998e+01,3.753065687399474371e+01
2.968323315104769478e+01,-1.389716702759073641e+01,3.753065687399474371e+01
2.964674877163033884e+01,-1.397482983667590517e+01,3.753065687399474371e+01
2.961006119671642978e+01,-1.405239686384212483e+01,3.753065687399474371e+01
2.957317067775850106e+01,-1.412986757745368038e+01,3.753065687399474371e+01
2.953607746760004105e+01,-1.420724144653497412e+01,3.753065687399474371e+01
2.949878182047375574e+01,-1.428451794077416892e+01,3.753065687399474371e+01
2.946128399199983505e+01,-1.436169653052682627e+01,3.753065687399474371e+01
2.942358423918419419e+01,-1.443877668681953708e+01,3.753065687399474371e+01
2.938568282041672575e+01,-1.451575788135353662e+01,3.753065687399474371e+01
2.934757999546950202e+01,-1.459263958650834070e+01,3.753065687399474371e+01
2.930927602549502353e+01,-1.466942127534534634e+01,3.753065687399474371e+01
2.927077117302440712e+01,-1.474610242161145912e+01,3.753065687399474371e+01
2.923206570196560605e+01,-1.482268249974268848e+01,3.753065687399474371e+01
2.919315987760157682e+01,-1.489916098486775198e+01,3.753065687399474371e+01
2.915405396658849213e+01,-1.497553735281167242e+01,3.753065687399474371e+01
2.911474823695388991e+01,-1.505181108009938384e+01,3.753065687399474371e+01
2.907524295809482595e+01,-1.512798164395929490e+01,3.753065687399474371e+01
2.903553840077606552e+01,-1.520404852232688775e+01,3.753065687399474371e+01
2.899563483712820400e+01,-1.528001119384829742e+01,3.753065687399474371e+01
2.895553254064579463e+01,-1.535586913788388053e+01,3.753065687399474371e+01
2.891523178618548329e+01,-1.543162183451178038e+01,3.753065687399474371e+01
2.887473284996413270e+01,-1.550726876453149572e+01,3.753065687399474371e+01
2.883403600955691815e+01,-1.558280940946744053e+01,3.753065687399474371e+01
2.879314154389542324e+01,-1.565824325157249142e+01,3.753065687399474371e+01
2.875204973326573921e+01,-1.573356977383154032e+01,3.753065687399474371e+01
2.871076085930653576e+01,-1.580878845996504012e+01,3.753065687399474371e+01
2.866927520500712845e+01,-1.588389879443253605e+01,3.753065687399474371e+01
2.862759305470555304e+01,-1.595890026243620419e+01,3.753065687399474371e+01
2.858571469408659382e+01,-1.603379234992438640e+01,3.753065687399474371e+01
2.854364041017985087e+01,-1.610857454359509333e+01,3.753065687399474371e+01
2.850137049135775058e+01,-1.618324633089955000e+01,3.753065687399474371e+01
2.845890522733358452e+01,-1.625780720004568281e+01,3.753065687399474371e+01
2.841624490915951995e+01,-1.633225664000164556e+01,3.753065687399474371e+01
2.837338982922459607e+01,-1.640659414049930831e+01,3.753065687399474371e+01
2.833034028125273807e+01,-1.648081919203777090e+01,3.753065687399474371e+01
2.828709656030072495e+01,-1.655493128588683760e+01,3.753065687399474371e+01
2.824365896275617871e+01,-1.662892991409052357e+01,3.753065687399474371e+01
2.820002778633552865e+01,-1.670281456947050458e+01,3.753065687399474371e+01
2.815620333008197207e+01,-1.677658474562963420e+01,3.753065687399474371e+01
2.811218589436342441e+01,-1.685023993695538280e+01,3.753065687399474371e+01
2.806797578087046574e+01,-1.692377963862331214e+01,3.753065687399474371e+01
2.802357329261425534e+01,-1.699720334660054988e+01,3.753065687399474371e+01
2.797897873392448886e+01,-1.707051055764921443e+01,3.753065687399474371e+01
2.793419241044726675e+01,-1.714370076932988951e+01,3.753065687399474371e+01
2.788921462914304428e+01,-1.721677348000506669e+01,3.753065687399474371e+01
2.784404569828448572e+01,-1.728972818884256313e+01,3.753065687399474371e+01
2.779868592745439670e+01,-1.736256439581897482e+01,3.753065687399474371e+01
2.775313562754356767e+01,-1.743528160172309427e+01,3.753065687399474371e+01
2.770739511074864936e+01,-1.750787930815933535e+01,3.753065687399474371e+01
2.766146469057002477e+01,-1.758035701755114744e+01,3.753065687399474371e+01
2.761534468180964907e+01,-1.765271423314442245e+01,3.753065687399474371e+01
2.756903540056889668e+01,-1.772495045901090549e+01,3.753065687399474371e+01
2.752253716424640118e+01,-1.779706520005159831e+01,3.753065687399474371e+01
2.747585029153586689e+01,-1.786905796200013796e+01,3.753065687399474371e+01
2.742897510242388748e+01,-1.794092825142619319e+01,3.753065687399474371e+01
2.738191191818776460e+01,-1.801267557573885014e+01,3.753065687399474371e+01
2.733466106139329099e+01,-1.808429944318998039e+01,3.753065687399474371e+01
2.728722285589254781e+01,-1.815579936287761598e+01,3.753065687399474371e+01
2.723959762682169128e+01,-1.822717484474931382e+01,3.753065687399474371e+01
2.719178570059870026e+01,-1.829842539960550951e+01,3.753065687399474371e+01
2.714378740492116648e+01,-1.836955053910288527e+01,3.753065687399474371e+01
2.709560306876403502e+01,-1.844054977575769172e+01,3.753065687399474371e+01
2.704723302237734828e+01,-1.851142262294911589e+01,3.753065687399474371e+01
2.699867759728399008e+01,-1.858216859492259232e+01,3.753065687399474371e+01
2.694993712627741189e+01,-1.865278720679315683e+01,3.753065687399474371e+01
2.690101194341933422e+01,-1.872327797454875054e+01,3.753065687399474371e+01
2.685190238403749419e+01,-1.879364041505353811e+01,3.753065687399474371e+01
2.680260878472330077e+01,-1.886387404605123663e+01,3.753065687399474371e+01
2.675313148332957169e+01,-1.893397838616839834e+01,3.753065687399474371e+01
2.670347081896818864e+01,-1.900395295491772885e+01,3.753065687399474371e+01
2.665362713200778799e+01,-1.907379727270137337e+01,3.753065687399474371e+01
2.660360076407141605e+01,-1.914351086081418885e+01,3.753065687399474371e+01
2.655339205803419844e+01,-1.921309324144705499e+01,3.753065687399474371e+01
2.650300135802097756e+01,-1.928254393769012154e+01,3.753065687399474371e+01
2.645242900940398201e+01,-1.935186247353609801e+01,3.753065687399474371e+01
2.640167535880041783e+01,-1.942104837388349736e+01,3.753065687399474371e+01
2.635074075407012728e+01,-1.949010116453990449e+01,3.753065687399474371e+01
2.629962554431318367e+01,-1.955902037222522694e+01,3.753065687399474371e+01
2.624833007986751809e+01,-1.962780552457492789e+01,3.753065687399474371e+01
2.619685471230649298e+01,-1.969645615014328399e+01,3.753065687399474371e+01
2.614519979443651465e+01,-1.976497177840658281e+01,3.753065687399474371e+01
2.609336568029461390e+01,-1.983335193976638777e+01,3.753065687399474371e+01
2.604135272514599819e+01,-1.990159616555272848e+01,3.753065687399474371e+01
2.598916128548163940e+01,-1.996970398802731950e+01,3.753065687399474371e+01
2.593679171901582592e+01,-2.003767494038677555e+01,3.753065687399474371e+01
2.588424438468369360e+01,-2.010550855676579474e+01,3.753065687399474371e+01
2.583151964263879563e+01,-2.017320437224037377e+01,3.753065687399474371e+01
2.577861785425060859e+01,-2.024076192283096276e+01,3.753065687399474371e+01
2.572553938210206326e+01,-2.030818074550568042e+01,3.753065687399474371e+01
2.567228458998707197e+01,-2.037546037818346534e+01,3.753065687399474371e+01
2.561885384290800971e+01,-2.044260035973724499e+01,3.753065687399474371e+01
2.556524750707323790e+01,-2.050960022999710830e+01,3.753065687399474371e+01
2.551146594989457839e+01,-2.057645952975344628e+01,3.753065687399474371e+01
2.545750953998480881e+01,-2.064317780076009967e+01,3.753065687399474371e+01
2.540337864715510818e+01,-2.070975458573751382e+01,3.753065687399474371e+01
2.534907364241256644e+01,-2.077618942837585436e+01,3.753065687399474371e+01
2.529459489795759808e+01,-2.084248187333815139e+01,3.753065687399474371e+01
2.523994278718142326e+01,-2.090863146626340807e+01,3.753065687399474371e+01
2.518511768466348855e+01,-2.097463775376972706e+01,3.753065687399474371e+01
2.513011996616890542e+01,-2.104050028345739776e+01,3.753065687399474371e+01
2.507495000864588164e+01,-2.110621860391202276e+01,3.753065687399474371e+01
2.501960819022312776e+01,-2.117179226470758380e+01,3.753065687399474371e+01
2.496409489020726724e+01,-2.123722081640956105e+01,3.753065687399474371e+01
2.490841048908024291e+01,-2.130250381057797782e+01,3.753065687399474371e+01
2.485255536849671287e+01,-2.136764079977050912e+01,3.753065687399474371e+01
2.479652991128141437e+01,-2.143263133754551930e+01,3.753065687399474371e+01
2.474033450142655255e+01,-2.149747497846514577e+01,3.753065687399474371e+01
2.468396952408918210e+01,-2.156217127809832590e+01,3.753065687399474371e+01
2.462743536558854629e+01,-2.162671979302387726e+01,3.753065687399474371e+01
2.457073241340343017e+01,-2.169112008083349252e+01,3.753065687399474371e+01
2.451386105616952804e+01,-2.175537170013481969e+01,3.753065687399474371e+01
2.445682168367675047e+01,-2.181947421055444991e+01,3.753065687399474371e+01
2.439961468686656687e+01,-2.188342717274095861e+01,3.753065687399474371e+01
2.434224045782933743e+01,-2.194723014836789687e+01,3.753065687399474371e+01
2.428469938980159171e+01,-2.201088270013681836e+01,3.753065687399474371e+01
2.422699187716337121e+01,-2.207438439178026357e+01,3.753065687399474371e+01
2.416911831543551514e+01,-2.213773478806473705e+01,3.753065687399474371e+01
2.411107910127692122e+01,-2.220093345479372715e+01,3.753065687399474371e+01
2.405287463248187052e+01,-2.226397995881064418e+01,3.753065687399474371e+01
2.399450530797728121e+01,-2.232687386800181173e+01,3.753065687399474371e+01
2.393597152781996229e+01,-2.238961475129941192e+01,3.753065687399474371e+01
2.387727369319388515e+01,-2.245220217868446255e+01,3.753065687399474371e+01
2.381841220640744083e+01,-2.251463572118973744e+01,3.753065687399474371e+01
2.375938747089067249e+01,-2.257691495090273293e+01,3.753065687399474371e+01
2.370019989119250070e+01,-2.263903944096858112e+01,3.753065687399474371e+01
2.364084987297797369e+01,-2.270100876559297731e+01,3.753065687399474371e+01
2.358133782302547488e+01,-2.276282250004511809e+01,3.753065687399474371e+01
2.352166414922391624e+01,-2.282448022066058257e+01,3.753065687399474371e+01
2.346182926056999563e+01,-2.288598150484425986e+01,3.753065687399474371e+01
2.340183356716532970e+01,-2.294732593107323382e+01,3.753065687399474371e+01
2.334167748021368283e+01,-2.300851307889967501e+01,3.753065687399474371e+01
2.328136141201814269e+01,-2.306954252895372548e+01,3.753065687399474371e+01
2.322088577597828873e+01,-2.313041386294636226e+01,3.753065687399474371e+01
2.316025098658735004e+01,-2.319112666367228925e+01,3.753065687399474371e+01
2.309945745942939155e+01,-2.325168051501275457e+01,3.753065687399474371e+01
2.303850561117643991e+01,-2.331207500193845306e+01,3.753065687399474371e+01
2.297739585958563779e+01,-2.337230971051232586e+01,3.753065687399474371e+01
2.291612862349638391e+01,-2.343238422789242748e+01,3.753065687399474371e+01
2.285470432282744824e+01,-2.349229814233473945e+01,3.753065687399474371e+01
2.279312337857411563e+01,-2.355205104319600906e+01,3.753065687399474371e+01
2.273138621280527616e+01,-2.361164252093653459e+01,3.753065687399474371e+01
2.266949324866055449e+01,-2.367107216712300755e+01,3.753065687399474371e+01
2.260744491034740022e+01,-2.373033957443128372e+01,3.753065687399474371e+01
2.254524162313817470e+01,-2.378944433664918989e+01,3.753065687399474371e+01
2.248288381336723774e+01,-2.384838604867930201e+01,3.753065687399474371e+01
2.242037190842804151e+01,-2.390716430654172697e+01,3.753065687399474371e+01
2.235770633677018537e+01,-2.396577870737687022e+01,3.753065687399474371e+01
2.229488752789647066e+01,-2.402422884944818549e+01,3.753065687399474371e+01
2.223191591235999098e+01,-2.408251433214494597e+01,3.753065687399474371e+01
2.216879192176114088e+01,-2.414063475598497988e+01,3.753065687399474371e+01
2.210551598874468837e+01,-2.419858972261740959e+01,3.753065687399474371e+01
2.204208854699679065e+01,-2.425637883482538371e+01,3.753065687399474371e+01
2.197851003124203473e+01,-2.431400169652879839e+01,3.753065687399474371e+01
2.191478087724044599e+01,-2.437145791278700813e+01,3.753065687399474371e+01
2.185090152178450751e+01,-2.442874708980154708e+01,3.753065687399474371e+01
2.178687240269617220e+01,-2.448586883491880428e+01,3.753065687399474371e+01
2.172269395882385723e+01,-2.454282275663273083e+01,3.753065687399474371e+01
2.165836663003942064e+01,-2.459960846458753636e+01,3.753065687399474371e+01
2.159389085723518065e+01,-2.465622556958032874e+01,3.753065687399474371e+01
2.152926708232086384e+01,-2.471267368356381056e+01,3.753065687399474371e+01
2.146449574822057826e+01,-2.476895241964892946e+01,3.753065687399474371e+01
2.139957729886980786e+01,-2.482506139210753204e+01,3.753065687399474371e+01
2.133451217921232868e+01,-2.488100021637499992e+01,3.753065687399474371e+01
2.126930083519718906e+01,-2.493676850905289655e+01,3.753065687399474371e+01
2.120394371377563303e+01,-2.499236588791158908e+01,3.753065687399474371e+01
2.113844126289805914e+01,-2.504779197189286677e+01,3.753065687399474371e+01
2.107936517145705224e+01,-2.509752867635726759e+01,3.753065687399474371e+01
2.102609662320595518e+01,-2.514217258877639694e+01,3.753065687399474371e+01
2.097807408190299938e+01,-2.518225544915311076e+01,3.753065687399474371e+01
2.093478845804715149e+01,-2.521825160293686707e+01,3.753065687399474371e+01
2.089577858345069217e+01,-2.525058452954337795e+01,3.753065687399474371e+01
2.086062699767966677e+01,-2.527963257161563959e+01,3.753065687399474371e+01
2.082895604298187919e+01,-2.530573397180450712e+01,3.753065687399474371e+01
2.080042425908868609e+01,-2.532919130833289856e+01,3.753065687399474371e+01
2.077472306570145832e+01,-2.535027540749062069e+01,3.753065687399474371e+01
2.075157371815607021e+01,-2.536922880010636661e+01,3.753065687399474371e+01
2.073072452038586988e+01,-2.538626877963920236e+01,3.753065687399474371e+01
2.071194827863530463e+01,-2.540159011155301627e+01,3.753065687399474371e+01
2.069503997922524263e+01,-2.541536743685758282e+01,3.753065687399474371e+01
2.067981467389561701e+01,-2.542775740692724540e+01,3.753065687399474371e+01
2.066610555673846861e+01,-2.543890058178527980e+01,3.753065687399474371e+01
2.065376221740311280e+01,-2.544892311983325683e+01,3.753065687399474371e+01
2.064264905604005307e+01,-2.545793828339956022e+01,3.753065687399474371e+01
2.063264384630264558e+01,-2.546604778138613412e+01,3.753065687399474371e+01
2.062363643361110732e+01,-2.547334296762873862e+01,3.753065687399474371e+01
2.061552755677388760e+01,-2.547990591128837679e+01,3.753065687399474371e+01
2.060822778193934823e+01,-2.548581035360490787e+01,3.753065687399474371e+01
2.060165653870064162e+01,-2.549112256362252182e+01,3.753065687399474371e+01
2.059574124899166137e+01,-2.549590210400085866e+01,3.753065687399474371e+01
2.059041654018362522e+01,-2.550020251672415128e+01,3.753065687399474371e+01
2.058562353451899085e+01,-2.550407193738423217e+01,3.753065687399474371e+01
2.058130920769881911e+01,-2.550755364572039952e+01,3.753065687399474371e+01
2.057742581007178018e+01,-2.551068655922854234e+01,3.753065687399474371e+01
2.057393034445867031e+01,-2.551350567588810847e+01,3.753065687399474371e+01
2.057078409518670270e+01,-2.551604247138309489e+01,3.753065687399474371e+01
2.056795220340462649e+01,-2.551832525560160647e+01,3.753065687399474371e+01
2.056540328420646802e+01,-2.552037949267529626e+01,3.753065687399474371e+01
2.056310908150859262e+01,-2.552222808835840695e+01,3.753065687399474371e+01
2.056104415700657739e+01,-2.552389164813700262e+01,3.753065687399474371e+01
2.055918560988649801e+01,-2.552538870909604896e+01,3.753065687399474371e+01
2.055751282428157722e+01,-2.552673594825062153e+01,3.753065687399474371e+01
2.055600724175386773e+01,-2.552794836976082848e+01,3.753065687399474371e+01
2.055465215634194820e+01,-2.552903947319599709e+01,3.753065687399474371e+01
2.055343252995356451e+01,-2.553002140478653459e+01,3.753065687399474371e+01
2.055233482609709128e+01,-2.553090509340020731e+01,3.753065687399474371e+01
2.055134686014140399e+01,-2.553170037279867444e+01,3.753065687399474371e+01
2.055045766446982825e+01,-2.553241609156966163e+01,3.753065687399474371e+01
2.054965736705403501e+01,-2.553306021198583053e+01,3.753065687399474371e+01
2.054893708211830372e+01,-2.553363989891287389e+01,3.753065687399474371e+01
2.054828881169478194e+01,-2.553416159977435029e+01,3.753065687399474371e+01
2.054770535698908773e+01,-2.553463111647736383e+01,3.753065687399474371e+01
2.054718023858135822e+01,-2.553505367011128513e+01,3.753065687399474371e+01
2.054670762458476929e+01,-2.553543395914864789e+01,3.753065687399474371e+01
2.054628226596997465e+01,-2.553577621180330581e+01,3.753065687399474371e+01
2.054589943834230681e+01,-2.553608423313444220e+01,3.753065687399474371e+01
2.054555488952923881e+01,-2.553636144742537795e+01,3.753065687399474371e+01
2.054524479239954005e+01,-2.553661093631243162e+01,3.753065687399474371e+01
2.054496570239248499e+01,-2.553683547309119106e+01,3.753065687399474371e+01
2.054471451928802495e+01,-2.553703755358416316e+01,3.753065687399474371e+01
2.054448845279455682e+01,-2.553721942391542044e+01,3.753065687399474371e+01
2.054428499157390320e+01,-2.553738310550247448e+01,3.753065687399474371e+01
2.054410187536031529e+01,-2.553753041754485764e+01,3.753065687399474371e+01
2.054393706986496326e+01,-2.553766299726034461e+01,3.753065687399474371e+01
2.054378874418760148e+01,-2.553778231809494770e+01,3.753065687399474371e+01
2.054365525048543617e+01,-2.553788970610951026e+01,3.753065687399474371e+01
2.054353510567354135e+01,-2.553798635472598733e+01,3.753065687399474371e+01
2.054342697495408032e+01,-2.553807333799754531e+01,3.753065687399474371e+01
2.054332965699167701e+01,-2.553815162255049032e+01,3.753065687399474371e+01
2.054324207057045726e+01,-2.553822207833106361e+01,3.753065687399474371e+01
2.054316324258474324e+01,-2.553828548827675604e+01,3.753065687399474371e+01
2.054309229723025609e+01,-2.553834255701984546e+01,3.753065687399474371e+01
2.054302844627568447e+01,-2.553839391872010367e+01,3.753065687399474371e+01
2.054297098030675883e+01,-2.553844014411385999e+01,3.753065687399474371e+01
2.054291926084579245e+01,-2.553848174685768058e+01,3.753065687399474371e+01
2.054287271325890174e+01,-2.553851918923755804e+01,3.753065687399474371e+01
2.054283082037235530e+01,-2.553855288730690276e+01,3.753065687399474371e+01
2.054279311672719643e+01,-2.553858321551056321e+01,3.753065687399474371e+01
2.054275918340827189e+01,-2.553861051084626155e+01,3.753065687399474371e+01
2.054272864339022675e+01,-2.553863507660984666e+01,3.753065687399474371e+01
2.054270115734887625e+01,-2.553865718576584243e+01,3.753065687399474371e+01
2.054267641989130766e+01,-2.553867708398095004e+01,3.753065687399474371e+01
2.054265415616301382e+01,-2.553869499235406337e+01,3.753065687399474371e+01
2.054263411879419365e+01,-2.553871110987327597e+01,3.753065687399474371e+01
2.054261608515145454e+01,-2.553872561562711851e+01,3.753065687399474371e+01
2.054259985486423190e+01,-2.553873867079469306e+01,3.753065687399474371e+01
2.054258524759863747e+01,-2.553875042043668131e+01,3.753065687399474371e+01
2.054257210105384956e+01,-2.553876099510733866e+01,3.753065687399474371e+01
2.054256026915889066e+01,-2.553877051230514184e+01,3.753065687399474371e+01
2.054254962044965893e+01,-2.553877907777847511e+01,3.753065687399474371e+01
2.054254003660830463e+01,-2.553878678670067259e+01,3.753065687399474371e+01
2.054253141114861592e+01,-2.553879372472757225e+01,3.753065687399474371e+01
2.054252364823288346e+01,-2.553879996894930215e+01,3.753065687399474371e+01
2.054251666160708822e+01,-2.553880558874684326e+01,3.753065687399474371e+01
2.054251037364257115e+01,-2.553881064656299671e+01,3.753065687399474371e+01
2.054250471447343429e+01,-2.553881519859621108e+01,3.753065687399474371e+01
2.054249962122034745e+01,-2.553881929542503215e+01,3.753065687399474371e+01
2.054249503729186799e+01,-2.553882298257010319e+01,3.753065687399474371e+01
2.054249091175567088e+01,-2.553882630099996831e+01,3.753065687399474371e+01
2.054248719877264051e+01,-2.553882928758627102e+01,3.753065687399474371e+01
2.054248385708753233e+01,-2.553883197551348871e+01,3.753065687399474371e+01
2.054248084957063725e+01,-2.553883439464760841e+01,3.753065687399474371e+01
2.054247814280519435e+01,-2.553883657186801415e+01,3.753065687399474371e+01
2.054247570671608969e+01,-2.553883853136612814e+01,3.753065687399474371e+01
2.054247351423573775e+01,-2.553884029491424101e+01,3.753065687399474371e+01
2.054247154100329453e+01,-2.553884188210737349e+01,3.753065687399474371e+01
2.054246976509400469e+01,-2.553884331058105417e+01,3.753065687399474371e+01
2.054246816677554577e+01,-2.553884459620726943e+01,3.753065687399474371e+01
2.054246672828887199e+01,-2.553884575327077400e+01,3.753065687399474371e+01
2.054246543365081479e+01,-2.553884679462785812e+01,3.753065687399474371e+01
2.054246426847650397e+01,-2.553884773184918089e+01,3.753065687399474371e+01
2.054246321981959866e+01,-2.553884857534832165e+01,3.753065687399474371e+01
2.054246227602835262e+01,-2.553884933449751315e+01,3.753065687399474371e+01
2.054246142661621377e+01,-2.553885001773175034e+01,3.753065687399474371e+01
2.054246066214527033e+01,-2.553885063264253930e+01,3.753065687399474371e+01
2.054245997412139957e+01,-2.553885118606223159e+01,3.753065687399474371e+01
2.054245935489990060e+01,-2.553885168413994222e+01,3.753065687399474371e+01
2.054245879760054905e+01,-2.553885213240986118e+01,3.753065687399474371e+01
2.054245829603112838e+01,-2.553885253585277937e+01,3.753065687399474371e+01
2.054245784461863167e+01,-2.553885289895140076e+01,3.753065687399474371e+01
2.054245743834739102e+01,-2.553885322574014438e+01,3.753065687399474371e+01
2.054245707270327159e+01,-2.553885351985001151e+01,3.753065687399474371e+01
2.054245674362356056e+01,-2.553885378454888766e+01,3.753065687399474371e+01
2.054245644745181210e+01,-2.553885402277787264e+01,3.753065687399474371e+01
2.054245618089724346e+01,-2.553885423718395131e+01,3.753065687399474371e+01
2.054245594099812067e+01,-2.553885443014942425e+01,3.753065687399474371e+01
2.054245572508889595e+01,-2.553885460381836126e+01,3.753065687399474371e+01
2.054245553077061004e+01,-2.553885476012039035e+01,3.753065687399474371e+01
2.054245535588415450e+01,-2.553885490079221299e+01,3.753065687399474371e+01
2.054245519848633350e+01,-2.553885502739685975e+01,3.753065687399474371e+01
2.054245505682828821e+01,-2.553885514134104540e+01,3.753065687399474371e+01
2.054245492933606343e+01,-2.553885524389080075e+01,3.753065687399474371e+01
2.054245481459305367e+01,-2.553885533618558057e+01,3.753065687399474371e+01
2.054245471132433920e+01,-2.553885541925088987e+01,3.753065687399474371e+01
2.054245461838249298e+01,-2.553885549400966681e+01,3.753065687399474371e+01
2.054245453473483352e+01,-2.553885556129256784e+01,3.753065687399474371e+01
2.054245445945192827e+01,-2.553885562184718339e+01,3.753065687399474371e+01
2.054245439169733700e+01,-2.553885567634632636e+01,3.753065687399474371e+01
2.054245433071818994e+01,-2.553885572539555682e+01,3.753065687399474371e+01
2.054245427583695616e+01,-2.553885576953987169e+01,3.753065687399474371e+01
2.054245422644384433e+01,-2.553885580926975507e+01,3.753065687399474371e+01
2.054245418199005613e+01,-2.553885584502663519e+01,3.753065687399474371e+01
2.054245414198165420e+01,-2.553885587720782979e+01,3.753065687399474371e+01
2.054245410597408750e+01,-2.553885590617090529e+01,3.753065687399474371e+01
2.054245407356727426e+01,-2.553885593223767358e+01,3.753065687399474371e+01
2.054245404440114342e+01,-2.553885595569776257e+01,3.753065687399474371e+01
2.054245401815162708e+01,-2.553885597681184549e+01,3.753065687399474371e+01
2.054245399452706167e+01,-2.553885599581451871e+01,3.753065687399474371e+01
2.054245397326495493e+01,-2.553885601291691998e+01,3.753065687399474371e+01
2.054245395412904784e+01,-2.553885602830909463e+01,3.753065687399474371e+01
2.054245393690673183e+01,-2.553885604216205252e+01,3.753065687399474371e+01
2.054245392140665061e+01,-2.553885605462971142e+01,3.753065687399474371e+01
2.054245390745656863e+01,-2.553885606585061296e+01,3.753065687399474371e+01
2.054245389490149165e+01,-2.553885607594942186e+01,3.753065687399474371e+01
2.054245388360192592e+01,-2.553885608503834703e+01,3.753065687399474371e+01
2.054245387343231499e+01,-2.553885609321838146e+01,3.753065687399474371e+01
2.054245386427967546e+01,-2.553885610058040712e+01,3.753065687399474371e+01
2.054245385604230023e+01,-2.553885610720622878e+01,3.753065687399474371e+01
2.054245384862866075e+01,-2.553885611316946935e+01,3.753065687399474371e+01
2.054245384195639446e+01,-2.553885611853637982e+01,3.753065687399474371e+01
2.054245383595134555e+01,-2.553885612336660316e+01,3.753065687399474371e+01
2.054245383054681184e+01,-2.553885612771379598e+01,3.753065687399474371e+01
2.054245382568272404e+01,-2.553885613162627877e+01,3.753065687399474371e+01
2.054245382130505249e+01,-2.553885613514750474e+01,3.753065687399474371e+01
2.054245381736513920e+01,-2.553885613831661772e+01,3.753065687399474371e+01
2.054245381381921121e+01,-2.553885614116882508e+01,3.753065687399474371e+01
2.054245381062788667e+01,-2.553885614373579926e+01,3.753065687399474371e+01
2.054245380775569174e+01,-2.553885614604608278e+01,3.753065687399474371e+01
2.054245380517070529e+01,-2.553885614812534399e+01,3.753065687399474371e+01
2.054245380284421785e+01,-2.553885614999667908e+01,3.753065687399474371e+01
2.054245380075038696e+01,-2.553885615168087142e+01,3.753065687399474371e+01
2.054245379886594947e+01,-2.553885615319664026e+01,3.753065687399474371e+01
2.054245379716993725e+01,-2.553885615456084679e+01,3.753065687399474371e+01
2.054245379564352803e+01,-2.553885615578863266e+01,3.753065687399474371e+01
2.054245379426976825e+01,-2.553885615689362609e+01,3.753065687399474371e+01
2.054245379303338481e+01,-2.553885615788812657e+01,3.753065687399474371e+01
2.054245379192064291e+01,-2.553885615878317239e+01,3.753065687399474371e+01
2.054245379091916490e+01,-2.553885615958872179e+01,3.753065687399474371e+01
2.054245379001783078e+01,-2.553885616031372052e+01,3.753065687399474371e+01
2.054245378920663967e+01,-2.553885616096621192e+01,3.753065687399474371e+01
2.054245378847656056e+01,-2.553885616155345772e+01,3.753065687399474371e+01
2.054245378781950393e+01,-2.553885616208197007e+01,3.753065687399474371e+01
2.054245378722813342e+01,-2.553885616255764290e+01,3.753065687399474371e+01
2.054245378669591915e+01,-2.553885616298573780e+01,3.753065687399474371e+01
2.054245378621692453e+01,-2.553885616337102604e+01,3.753065687399474371e+01
2.054245378578583114e+01,-2.553885616371777445e+01,3.753065687399474371e+01
2.054245378539783573e+01,-2.553885616402986614e+01,3.753065687399474371e+01
2.054245378504865371e+01,-2.553885616431073302e+01,3.753065687399474371e+01
2.054245378473437711e+01,-2.553885616456352281e+01,3.753065687399474371e+01
2.054245378445154557e+01,-2.553885616479102438e+01,3.753065687399474371e+01
2.054245378419697232e+01,-2.553885616499579214e+01,3.753065687399474371e+01
2.054245378396787558e+01,-2.553885616518006785e+01,3.753065687399474371e+01
2.054245378376168318e+01,-2.553885616534591918e+01,3.753065687399474371e+01
2.054245378357611429e+01,-2.553885616549518645e+01,3.753065687399474371e+01
2.054245378340909767e+01,-2.553885616562952521e+01,3.753065687399474371e+01
2.054245378325877880e+01,-2.553885616575043827e+01,3.753065687399474371e+01
2.054245378312349501e+01,-2.553885616585925433e+01,3.753065687399474371e+01
2.054245378300173286e+01,-2.553885616595719554e+01,3.753065687399474371e+01
2.054245378289215296e+01,-2.553885616604533837e+01,3.753065687399474371e+01
2.054245378279352607e+01,-2.553885616612466691e+01,3.753065687399474371e+01
2.054245378270476863e+01,-2.553885616619606225e+01,3.753065687399474371e+01
2.054245378262487520e+01,-2.553885616626032373e+01,3.753065687399474371e+01
2.054245378255297183e+01,-2.553885616631816191e+01,3.753065687399474371e+01
2.054245378248825560e+01,-2.553885616637021627e+01,3.753065687399474371e+01
2.054245378243003017e+01,-2.553885616641704814e+01,3.753065687399474371e+01
2.054245378237760988e+01,-2.553885616645921530e+01,3.753065687399474371e+01
2.054245378233042985e+01,-2.553885616649716539e+01,3.753065687399474371e+01
2.054245378228796426e+01,-2.553885616653132118e+01,3.753065687399474371e+01
2.054245378224976903e+01,-2.553885616656204505e+01,3.753065687399474371e+01
2.054245378221537877e+01,-2.553885616658970648e+01,3.753065687399474371e+01
2.054245378218443818e+01,-2.553885616661459323e+01,3.753065687399474371e+01
2.054245378215658491e+01,-2.553885616663700020e+01,3.753065687399474371e+01
2.054245378213152051e+01,-2.553885616665715830e+01,3.753065687399474371e+01
2.054245378210895012e+01,-2.553885616667531266e+01,3.753065687399474371e+01
2.054245378208864636e+01,-2.553885616669164449e+01,3.753065687399474371e+01
2.054245378207036765e+01,-2.553885616670634917e+01,3.753065687399474371e+01
2.054245378205392214e+01,-2.553885616671957592e+01,3.753065687399474371e+01
2.054245378203911088e+01,-2.553885616673148817e+01,3.753065687399474371e+01
2.054245378202579531e+01,-2.553885616674219960e+01,3.753065687399474371e+01
2.054245378201379779e+01,-2.553885616675185233e+01,3.753065687399474371e+01
2.054245378200299754e+01,-2.553885616676053871e+01,3.753065687399474371e+01
2.054245378199329153e+01,-2.553885616676834402e+01,3.753065687399474371e+01
2.054245378198455541e+01,-2.553885616677537129e+01,3.753065687399474371e+01
2.054245378197668614e+01,-2.553885616678170223e+01,3.753065687399474371e+01
2.054245378196960914e+01,-2.553885616678739368e+01,3.753065687399474371e+01
2.054245378196323557e+01,-2.553885616679252024e+01,3.753065687399474371e+01
2.054245378195749794e+01,-2.553885616679713877e+01,3.753065687399474371e+01
2.054245378195232519e+01,-2.553885616680129900e+01,3.753065687399474371e+01
2.054245378194767468e+01,-2.553885616680503645e+01,3.753065687399474371e+01
2.054245378194350025e+01,-2.553885616680839377e+01,3.753065687399474371e+01
2.054245378193973437e+01,-2.553885616681142423e+01,3.753065687399474371e+01
2.054245378193635574e+01,-2.553885616681414206e+01,3.753065687399474371e+01
2.054245378193331462e+01,-2.553885616681658632e+01,3.753065687399474371e+01
2.054245378193057192e+01,-2.553885616681879256e+01,3.753065687399474371e+01
2.054245378192809923e+01,-2.553885616682078208e+01,3.753065687399474371e+01
2.054245378192587879e+01,-2.553885616682256909e+01,3.753065687399474371e+01
2.054245378192387861e+01,-2.553885616682417492e+01,3.753065687399474371e+01
2.054245378192208804e+01,-2.553885616682561732e+01,3.753065687399474371e+01
2.054245378192047511e+01,-2.553885616682691406e+01,3.753065687399474371e+01
2.054245378191902560e+01,-2.553885616682808291e+01,3.753065687399474371e+01
2.054245378191770754e+01,-2.553885616682914161e+01,3.753065687399474371e+01
2.054245378191653160e+01,-2.553885616683009019e+01,3.753065687399474371e+01
2.054245378191546223e+01,-2.553885616683094639e+01,3.753065687399474371e+01
2.054245378191451366e+01,-2.553885616683171023e+01,3.753065687399474371e+01
2.054245378191365035e+01,-2.553885616683240301e+01,3.753065687399474371e+01
2.054245378191287941e+01,-2.553885616683302828e+01,3.753065687399474371e+01
2.054245378191217597e+01,-2.553885616683359316e+01,3.753065687399474371e+01
2.054245378191154003e+01,-2.553885616683410120e+01,3.753065687399474371e+01
2.054245378191097160e+01,-2.553885616683455950e+01,3.753065687399474371e+01
2.054245378191047422e+01,-2.553885616683495741e+01,3.753065687399474371e+01
2.054245378191002303e+01,-2.553885616683532689e+01,3.753065687399474371e+01
2.054245378190961446e+01,-2.553885616683565374e+01,3.753065687399474371e+01
2.054245378190924853e+01,-2.553885616683594506e+01,3.753065687399474371e+01
2.054245378190891103e+01,-2.553885616683622217e+01,3.753065687399474371e+01
2.054245378190861615e+01,-2.553885616683645665e+01,3.753065687399474371e+01
2.054245378190834259e+01,-2.553885616683667337e+01,3.753065687399474371e+01
2.054245378190809390e+01,-2.553885616683687587e+01,3.753065687399474371e+01
2.054245378190786298e+01,-2.553885616683706061e+01,3.753065687399474371e+01
2.054245378190766047e+01,-2.553885616683722404e+01,3.753065687399474371e+01
2.054245378190747928e+01,-2.553885616683736970e+01,3.753065687399474371e+01
2.054245378190732296e+01,-2.553885616683749760e+01,3.753065687399474371e+01
2.054245378190718796e+01,-2.553885616683760773e+01,3.753065687399474371e+01
2.054245378190704940e+01,-2.553885616683771431e+01,3.753065687399474371e+01
2.054245378190693572e+01,-2.553885616683780668e+01,3.753065687399474371e+01
2.054245378190682203e+01,-2.553885616683789905e+01,3.753065687399474371e+01
2.054245378190672966e+01,-2.553885616683797011e+01,3.753065687399474371e+01
2.054245378190664084e+01,-2.553885616683804116e+01,3.753065687399474371e+01
2.054245378190657334e+01,-2.553885616683809801e+01,3.753065687399474371e+01
2.054245378190650584e+01,-2.553885616683815130e+01,3.753065687399474371e+01
2.054245378190643834e+01,-2.553885616683820814e+01,3.753065687399474371e+01
2.054245378190639215e+01,-2.553885616683824722e+01,3.753065687399474371e+01
2.054245378190634597e+01,-2.553885616683828275e+01,3.753065687399474371e+01
2.054245378190629978e+01,-2.553885616683831827e+01,3.753065687399474371e+01
2.054245378190625715e+01,-2.553885616683835380e+01,3.753065687399474371e+01
2.054245378190620741e+01,-2.553885616683838933e+01,3.753065687399474371e+01
2.054245378190618965e+01,-2.553885616683841064e+01,3.753065687399474371e+01
2.054245378190616478e+01,-2.553885616683842485e+01,3.753065687399474371e+01
2.054245378190613991e+01,-2.553885616683844617e+01,3.753065687399474371e+01
2.054245378190612215e+01,-2.553885616683846038e+01,3.753065687399474371e+01
2.054245378190609728e+01,-2.553885616683848170e+01,3.753065687399474371e+01
2.054245378190607596e+01,-2.553885616683849946e+01,3.753065687399474371e+01
2.054245378190605109e+01,-2.553885616683852078e+01,3.753065687399474371e+01
2.054245378190602977e+01,-2.553885616683853499e+01,3.753065687399474371e+01
2.054245378190600491e+01,-2.553885616683855631e+01,3.753065687399474371e+01
2.054245378190598359e+01,-2.553885616683857052e+01,3.753065687399474371e+01
2.054245378190595872e+01,-2.553885616683859183e+01,3.753065687399474371e+01
2.054245378190595872e+01,-2.553885616683859183e+01,3.753065687399474371e+01
2.054245378190595872e+01,-2.553885616683859183e+01,3.753065687399474371e+01
2.054245378190595872e+01,-2.553885616683859183e+01,3.753065687399474371e+01
2.054245378190595872e+01,-2.553885616683859183e+01,3.753065687399474371e+01
2.054245378190595872e+01,-2.553885616683859183e+01,3.753065687399474371e+01
2.054245378190595872e+01,-2.553885616683859183e+01,3.753065687399474371e+01
2.054245378190595872e+01,-2.553885616683859183e+01,3.753065687399474371e+01
2.054245378190595872e+01,-2.553885616683859183e+01,3.753065687399474371e+01
2.054245378190595872e+01,-2.553885616683859183e+01,3.753065687399474371e+01
2.054245378190595872e+01,-2.553885616683859183e+01,3.753065687399474371e+01
2.054245378190595872e+01,-2.553885616683859183e+01,3.753065687399474371e+01
2.054245378190595872e+01,-2.553885616683859183e+01,3.753065687399474371e+01
2.054245378190595872e+01,-2.553885616683859183e+01,3.753065687399474371e+01
2.054245378190595872e+01,-2.553885616683859183e+01,3.753065687399474371e+01
2.054245378190595872e+01,-2.553885616683859183e+01,3.753065687399474371e+01
2.054245378190595872e+01,-2.553885616683859183e+01,3.753065687399474371e+01
2.054245378190595872e+01,-2.553885616683859183e+01,3.753065687399474371e+01
2.054245378190595872e+01,-2.553885616683859183e+01,3.753065687399474371e+01
2.054245378190595872e+01,-2.553885616683859183e+01,3.753065687399474371e+01
2.054245378190595872e+01,-2.553885616683859183e+01,3.753065687399474371e+01
