ref_gyro_x (deg/s),ref_gyro_y (deg/s),ref_gyro_z (deg/s)
2.505739418564441236e-03,2.415557316867928631e-03,-2.174176229078440131e-03
2.505739401138882844e-03,2.415557299451445879e-03,-2.174176267534042983e-03
2.505739383713324452e-03,2.415557282034962259e-03,-2.174176305989644967e-03
2.505739366287765627e-03,2.415557264618478205e-03,-2.174176344445247384e-03
2.505739348862206367e-03,2.415557247201994152e-03,-2.174176382900850236e-03
2.505739331436646674e-03,2.415557229785510098e-03,-2.174176421356451352e-03
2.505739314011086981e-03,2.415557212369025611e-03,-2.174176459812052903e-03
2.505739296585526854e-03,2.415557194952540690e-03,-2.174176498267653152e-03
2.505739279159966294e-03,2.415557177536055335e-03,-2.174176536723254269e-03
2.505739261734406167e-03,2.415557160119570414e-03,-2.174176575178854952e-03
2.505739244308845173e-03,2.415557142703084626e-03,-2.174176613634455201e-03
2.505739226883283745e-03,2.415557125286598404e-03,-2.174176652090055017e-03
2.505739209457721883e-03,2.415557107870111749e-03,-2.174176690545654399e-03
2.505739192032160022e-03,2.415557090453625093e-03,-2.174176729001253781e-03
2.505739174606597293e-03,2.415557073037137570e-03,-2.174176767456853163e-03
2.505739157181034998e-03,2.415557055620650481e-03,-2.174176805912452111e-03
2.505739139755472269e-03,2.415557038204162957e-03,-2.174176844368049758e-03
2.505739122329908673e-03,2.415557020787674567e-03,-2.174176882823648273e-03
2.505739104904345510e-03,2.415557003371186610e-03,-2.174176921279245920e-03
2.505739087478781914e-03,2.415556985954697786e-03,-2.174176959734843567e-03
2.505739070053217884e-03,2.415556968538208962e-03,-2.174176998190440781e-03
2.505739052627653420e-03,2.415556951121719705e-03,-2.174177036646037994e-03
2.505739035202088523e-03,2.415556933705230013e-03,-2.174177075101634340e-03
2.505739017776523626e-03,2.415556916288740322e-03,-2.174177113557230687e-03
2.505739000350958295e-03,2.415556898872250197e-03,-2.174177152012826599e-03
2.505738982925392964e-03,2.415556881455760505e-03,-2.174177190468422512e-03
2.505738965499826765e-03,2.415556864039269513e-03,-2.174177228924017991e-03
2.505738948074260133e-03,2.415556846622778087e-03,-2.174177267379613469e-03
2.505738930648693935e-03,2.415556829206286660e-03,-2.174177305835207647e-03
2.505738913223126436e-03,2.415556811789794801e-03,-2.174177344290802692e-03
2.505738895797559804e-03,2.415556794373302941e-03,-2.174177382746397304e-03
2.505738878371992304e-03,2.415556776956810647e-03,-2.174177421201991048e-03
2.505738860946423938e-03,2.415556759540317486e-03,-2.174177459657585226e-03
2.505738843520855571e-03,2.415556742123825193e-03,-2.174177498113178102e-03
2.505738826095287638e-03,2.415556724707332032e-03,-2.174177536568771413e-03
2.505738808669718837e-03,2.415556707290838004e-03,-2.174177575024364723e-03
2.505738791244149603e-03,2.415556689874344409e-03,-2.174177613479957600e-03
2.505738773818580803e-03,2.415556672457850381e-03,-2.174177651935549609e-03
2.505738756393010701e-03,2.415556655041355485e-03,-2.174177690391142052e-03
2.505738738967441034e-03,2.415556637624861024e-03,-2.174177728846733628e-03
2.505738721541870932e-03,2.415556620208366128e-03,-2.174177767302325204e-03
2.505738704116300397e-03,2.415556602791871232e-03,-2.174177805757915912e-03
2.505738686690729428e-03,2.415556585375375036e-03,-2.174177844213507054e-03
2.505738669265157592e-03,2.415556567958878839e-03,-2.174177882669097762e-03
2.505738651839586623e-03,2.415556550542382643e-03,-2.174177921124687170e-03
2.505738634414014353e-03,2.415556533125885579e-03,-2.174177959580277878e-03
2.505738616988442517e-03,2.415556515709389382e-03,-2.174177998035867285e-03
2.505738599562870247e-03,2.415556498292891884e-03,-2.174178036491456259e-03
2.505738582137297110e-03,2.415556480876393953e-03,-2.174178074947045666e-03
2.505738564711724407e-03,2.415556463459896455e-03,-2.174178113402634640e-03
2.505738547286150402e-03,2.415556446043398090e-03,-2.174178151858223180e-03
2.505738529860577265e-03,2.415556428626899725e-03,-2.174178190313811286e-03
2.505738512435003260e-03,2.415556411210401360e-03,-2.174178228769398525e-03
2.505738495009428822e-03,2.415556393793902128e-03,-2.174178267224986631e-03
2.505738477583854384e-03,2.415556376377402895e-03,-2.174178305680574304e-03
2.505738460158279512e-03,2.415556358960902796e-03,-2.174178344136161976e-03
2.505738442732704206e-03,2.415556341544402262e-03,-2.174178382591748348e-03
2.505738425307128901e-03,2.415556324127902162e-03,-2.174178421047334719e-03
2.505738407881552728e-03,2.415556306711402063e-03,-2.174178459502920657e-03
2.505738390455976555e-03,2.415556289294900662e-03,-2.174178497958506161e-03
2.505738373030400382e-03,2.415556271878399695e-03,-2.174178536414092099e-03
2.505738355604824209e-03,2.415556254461898294e-03,-2.174178574869677603e-03
2.505738338179246301e-03,2.415556237045396459e-03,-2.174178613325262674e-03
2.505738320753668827e-03,2.415556219628893758e-03,-2.174178651780846877e-03
2.505738303328091353e-03,2.415556202212391489e-03,-2.174178690236431514e-03
2.505738285902513011e-03,2.415556184795888787e-03,-2.174178728692015717e-03
2.505738268476935537e-03,2.415556167379385652e-03,-2.174178767147599486e-03
2.505738251051356762e-03,2.415556149962882950e-03,-2.174178805603183256e-03
2.505738233625777554e-03,2.415556132546378947e-03,-2.174178844058766592e-03
2.505738216200198345e-03,2.415556115129874944e-03,-2.174178882514349494e-03
2.505738198774618702e-03,2.415556097713370074e-03,-2.174178920969932396e-03
2.505738181349039060e-03,2.415556080296865638e-03,-2.174178959425514864e-03
2.505738163923458984e-03,2.415556062880360334e-03,-2.174178997881096465e-03
2.505738146497878040e-03,2.415556045463855030e-03,-2.174179036336678500e-03
2.505738129072297531e-03,2.415556028047349726e-03,-2.174179074792260101e-03
2.505738111646716153e-03,2.415556010630843554e-03,-2.174179113247841268e-03
2.505738094221134776e-03,2.415555993214337383e-03,-2.174179151703422436e-03
2.505738076795553399e-03,2.415555975797830778e-03,-2.174179190159002302e-03
2.505738059369971588e-03,2.415555958381324173e-03,-2.174179228614582602e-03
2.505738041944388910e-03,2.415555940964817135e-03,-2.174179267070163336e-03
2.505738024518806666e-03,2.415555923548310530e-03,-2.174179305525742768e-03
2.505738007093223120e-03,2.415555906131801756e-03,-2.174179343981322201e-03
2.505737989667640442e-03,2.415555888715293850e-03,-2.174179382436901634e-03
2.505737972242056896e-03,2.415555871298785944e-03,-2.174179420892480199e-03
2.505737954816472483e-03,2.415555853882276737e-03,-2.174179459348058764e-03
2.505737937390888504e-03,2.415555836465767964e-03,-2.174179497803637763e-03
2.505737919965303657e-03,2.415555819049258757e-03,-2.174179536259215461e-03
2.505737902539719678e-03,2.415555801632749116e-03,-2.174179574714793159e-03
2.505737885114134398e-03,2.415555784216239042e-03,-2.174179613170370423e-03
2.505737867688549118e-03,2.415555766799729401e-03,-2.174179651625947254e-03
2.505737850262963404e-03,2.415555749383218893e-03,-2.174179690081524518e-03
2.505737832837376822e-03,2.415555731966707517e-03,-2.174179728537101348e-03
2.505737815411790675e-03,2.415555714550196575e-03,-2.174179766992677312e-03
2.505737797986204527e-03,2.415555697133685634e-03,-2.174179805448252841e-03
2.505737780560617078e-03,2.415555679717173391e-03,-2.174179843903828804e-03
2.505737763135030063e-03,2.415555662300661582e-03,-2.174179882359404334e-03
2.505737745709442181e-03,2.415555644884149339e-03,-2.174179920814979430e-03
2.505737728283854732e-03,2.415555627467636662e-03,-2.174179959270554525e-03
2.505737710858265983e-03,2.415555610051123119e-03,-2.174179997726128754e-03
2.505737693432677233e-03,2.415555592634609575e-03,-2.174180036181702982e-03
2.505737676007089351e-03,2.415555575218096464e-03,1.497825819925362234e+00
2.506393516320810748e-03,2.414899414415695202e-03,2.847825809505360795e+00
2.507639155152703928e-03,2.413652251631690816e-03,4.062825789734473503e+00
2.509414762934475320e-03,2.411872339296609272e-03,5.156325761534361618e+00
2.511666201314887142e-03,2.409611815772233056e-03,6.140475725729952039e+00
2.514344520900412602e-03,2.406917385252626412e-03,7.026210683060187812e+00
2.517405495146314478e-03,2.403830915534075231e-03,7.823372134187495774e+00
2.520809189646778040e-03,2.400389964616103308e-03,8.540817429706109465e+00
2.524519565569012438e-03,2.396628245486481009e-03,9.186518185149433080e+00
2.528504115640877077e-03,2.392576037086840968e-03,9.767648854496528088e+00
2.532733530893339392e-03,2.388260548311197783e-03,1.029066644632789362e+01
2.537181396245781310e-03,2.383706240922927200e-03,1.076138226836555489e+01
2.541823912979325733e-03,2.378935116457826879e-03,1.118502649755911982e+01
2.546639646151722253e-03,2.373966971487418212e-03,1.156630629316314796e+01
2.551609295052311831e-03,2.368819625027696139e-03,1.190945809850678749e+01
2.556715484866042051e-03,2.363509121377117307e-03,1.221829471258638122e+01
2.561942577802711705e-03,2.358049911239781631e-03,1.249624765449881103e+01
2.567276502045311853e-03,2.352455013623798961e-03,1.274640529143147738e+01
2.572704596974458892e-03,2.346736160690998576e-03,1.297154715385328139e+01
2.578215473231033807e-03,2.340903927464308126e-03,1.317417481918649003e+01
2.583798886283609000e-03,2.334967848066480615e-03,1.335653970711140737e+01
2.589445622268998163e-03,2.328936519962801748e-03,1.352066809534056446e+01
2.595147394972343799e-03,2.322817697506153120e-03,1.366838363381551247e+01
2.600896752906350657e-03,2.316618375931349307e-03,1.380132760748390020e+01
2.606686995537306657e-03,2.310344866813789783e-03,1.392097717279886027e+01
2.612512097787941800e-03,2.304002865892266182e-03,1.402866177056846553e+01
2.618366642024042880e-03,2.297597514054883043e-03,1.412557789752020021e+01
2.624245756802980837e-03,2.291133452198587921e-03,1.421280240070902678e+01
2.630145061728067935e-03,2.284614870594960621e-03,1.429130444248463583e+01
2.636060617813276632e-03,2.278045553326347224e-03,1.436195626896194000e+01
2.641988882818387032e-03,2.271428918295835889e-03,1.442554290164455466e+01
2.647926671065559991e-03,2.264768053261032206e-03,1.448277085988592283e+01
2.653871117294759763e-03,2.258065748294084320e-03,1.453427601110432121e+01
2.659819644157897494e-03,2.251324525028256841e-03,1.458063063597635711e+01
2.665769932990070309e-03,2.244546663013915512e-03,1.462234978711113875e+01
2.671719897531396777e-03,2.237734223473373824e-03,1.465989701185702643e+01
2.677667660304730492e-03,2.230889070714369479e-03,1.469368950282767727e+01
2.683611531383414944e-03,2.224012891435360462e-03,1.472410273337551878e+01
2.689549989309396837e-03,2.217107212132138523e-03,1.475147462951789201e+01
2.695481663945628516e-03,2.210173414794014846e-03,1.477610932467050553e+01
2.701405321068133490e-03,2.203212751058919450e-03,1.479828053890764572e+01
2.707319848522420427e-03,2.196226354979654519e-03,1.481823462029627692e+01
2.713224243786387536e-03,2.189215254538354367e-03,1.483619328209677768e+01
2.719117602797617873e-03,2.182180382032509070e-03,1.485235606624361182e+01
2.724999109917203895e-03,2.175122583443610952e-03,1.486690256047790903e+01
2.730868028915029236e-03,2.168042626888442431e-03,1.487999439376677735e+01
2.736723694873004990e-03,2.160941210243142764e-03,1.489177703218072857e+01
2.742565506913173957e-03,2.153818968021226597e-03,1.490238139518332616e+01
2.748392921666972452e-03,2.146676477578730608e-03,1.491192531029187585e+01
2.754205447410355313e-03,2.139514264712461498e-03,1.492051482227204318e+01
2.760002638797149840e-03,2.132332808710768295e-03,1.492824537141303232e+01
2.765784092129781532e-03,2.125132546910482676e-03,1.493520285397521974e+01
2.771549441112703110e-03,2.117913878808342851e-03,1.494146457659302918e+01
2.777298353039418539e-03,2.110677169770488072e-03,1.494710011523755000e+01
2.783030525368906504e-03,2.103422754379356916e-03,1.495217208828283439e+01
2.788745682651806636e-03,2.096150939453432765e-03,1.495673685226563698e+01
2.794443573770698241e-03,2.088862006771825212e-03,1.496084512806911526e+01
2.800123969462458944e-03,2.081556215532533258e-03,1.496454256448819997e+01
2.805786660093926785e-03,2.074233804570438898e-03,1.496787024543842115e+01
2.811431453665029674e-03,2.066894994358477178e-03,1.497086514644384359e+01
2.817058174016152505e-03,2.059539988813203180e-03,1.497356054547621262e+01
2.822666659218913549e-03,2.052168976923846120e-03,1.497598639271017973e+01
2.828256760131597769e-03,2.044782134222104548e-03,1.497816964330301914e+01
2.833828339102449287e-03,2.037379624108233596e-03,1.498013455689637041e+01
2.839381268805701852e-03,2.029961599047479855e-03,1.498190296716778569e+01
2.844915431196799131e-03,2.022528201649504385e-03,1.498349452442714735e+01
2.850430716574594951e-03,2.015079565642259509e-03,1.498492691395344956e+01
2.855927022739632518e-03,2.007615816750598064e-03,1.498621605249785027e+01
2.861404254238643710e-03,2.000137073488946187e-03,1.498737626513648813e+01
2.866862321686479941e-03,1.992643447876414880e-03,1.498842044443797583e+01
2.872301141157526487e-03,1.985135046081957979e-03,1.498936019371414474e+01
2.877720633639509196e-03,1.977611969006384460e-03,1.499020595594572747e+01
2.883120724543308897e-03,1.970074312807405890e-03,1.499096712981546276e+01
2.888501343263038569e-03,1.962522169373294868e-03,1.499165217413791140e+01
2.893862422781250197e-03,1.954955626750156522e-03,1.499226870184625326e+01
2.899203899314643958e-03,1.947374769527373877e-03,1.499282356458044418e+01
2.904525711996134608e-03,1.939779679185288938e-03,1.499332292881652151e+01
2.909827802589555392e-03,1.932170434408827684e-03,1.499377234438300377e+01
2.915110115233640609e-03,1.924547111370406146e-03,1.499417680612564574e+01
2.920372596212312665e-03,1.916909783985082643e-03,1.499454080940570933e+01
2.925615193748558329e-03,1.909258524140723711e-03,1.499486840004841781e+01
2.930837857819478150e-03,1.901593401905590222e-03,1.499516321929655227e+01
2.936040539990351049e-03,1.893914485715557199e-03,1.499542854426870520e+01
2.941223193265752548e-03,1.886221842542973749e-03,1.499566732437168959e+01
2.946385771955985396e-03,1.878515538048942946e-03,1.499588221407173094e+01
2.951528231557244003e-03,1.870795636720660321e-03,1.499607560238850823e+01
2.956650528644118835e-03,1.863062201995253171e-03,1.499624963943982969e+01
2.961752620773160961e-03,1.855315296371452295e-03,1.499640626033179380e+01
2.966834466396370534e-03,1.847554981510303104e-03,1.499654720665998120e+01
2.971896024783616044e-03,1.839781318325944565e-03,1.499667404586050701e+01
2.976937255953025947e-03,1.831994367067481862e-03,1.499678818862594909e+01
2.981958120608578944e-03,1.824194187392784352e-03,1.499689090457972007e+01
2.986958580084117087e-03,1.816380838435015460e-03,1.499698333638297854e+01
2.991938596293140275e-03,1.808554378862614652e-03,1.499706651243084998e+01
2.996898131683804929e-03,1.800714866933342088e-03,1.499714135827903405e+01
3.001837149198539195e-03,1.792862360543013515e-03,1.499720870692775421e+01
3.006755612237868754e-03,1.784996917269390934e-03,1.499726930807727499e+01
3.011653484627966650e-03,1.777118594411760321e-03,1.499732383645795508e+01
3.016530730591567185e-03,1.769227449026569352e-03,1.499737289932718376e+01
3.021387314721901262e-03,1.761323537959546236e-03,1.499741704321669111e+01
3.026223201959332698e-03,1.753406917874622550e-03,1.499745676000514294e+01
3.031038357570421844e-03,1.745477645279990518e-03,1.499749249238340987e+01
3.035832747129169756e-03,1.737535776551551482e-03,1.499752463877336517e+01
3.040606336500210026e-03,1.729581367954041151e-03,1.499755355775478982e+01
3.045359091823762222e-03,1.721614475660041953e-03,1.499757957204956504e+01
3.050090979502150922e-03,1.713635155767079168e-03,1.499760297210747595e+01
3.054801966187734204e-03,1.705643464313023319e-03,1.499762401933341138e+01
3.059492018772104992e-03,1.697639457289920476e-03,1.499764294899187256e+01
3.064161104376419541e-03,1.689623190656447784e-03,1.499765997282098517e+01
3.068809190342748541e-03,1.681594720349091372e-03,1.499767528138515793e+01
3.073436244226338942e-03,1.673554102292200592e-03,1.499768904619244481e+01
3.078042233788701523e-03,1.665501392407009885e-03,1.499770142160017627e+01
3.082627126991421829e-03,1.657436646619744923e-03,1.499771254653005848e+01
3.087190891990638977e-03,1.649359920868889370e-03,1.499772254601168697e+01
3.091733497132113841e-03,1.641271271111693778e-03,1.499773153257181058e+01
3.096254910946821988e-03,1.633170753330022689e-03,1.499773960748457924e+01
3.100755102147032330e-03,1.625058423535577891e-03,1.499774686189682349e+01
3.105234039622802120e-03,1.616934337774572411e-03,1.499775337784077145e+01
3.109691692438858353e-03,1.608798552131906643e-03,1.499775922914553306e+01
3.114128029831820903e-03,1.600651122734901913e-03,1.499776448225737546e+01
3.118543021207737919e-03,1.592492105756619213e-03,1.499776919697804978e+01
3.122936636139885327e-03,1.584321557418824069e-03,1.499777342712920714e+01
3.127308844366826976e-03,1.576139533994612039e-03,1.499777722115043410e+01
3.131659615790685983e-03,1.567946091810744954e-03,1.499778062263743550e+01
3.135988920475622516e-03,1.559741287249711119e-03,1.499778367082645048e+01
3.140296728646475941e-03,1.551525176751558481e-03,1.499778640103016691e+01
3.144583010687587808e-03,1.543297816815493613e-03,1.499778884503011689e+01
3.148847737141746705e-03,1.535059264001292475e-03,1.499779103142974357e+01
3.153090878709273199e-03,1.526809574930532501e-03,1.499779298597225541e+01
3.157312406247220118e-03,1.518548806287665746e-03,1.499779473182662670e+01
3.161512290768663924e-03,1.510277014820951081e-03,1.499779628984501834e+01
3.165690503442099724e-03,1.501994257343248693e-03,1.499779767879447689e+01
3.169847015590918689e-03,1.493700590732700102e-03,1.499779891556542566e+01
3.173981798692949649e-03,1.485396071933303653e-03,1.499780001535934026e+01
3.178094824380080924e-03,1.477080757955394168e-03,1.499780099185763937e+01
3.182186064437920320e-03,1.468754705876041929e-03,1.499780185737369109e+01
3.186255490805531883e-03,1.460417972839362115e-03,1.499780262298961908e+01
3.190303075575205618e-03,1.452070616056761777e-03,1.499780329867942541e+01
3.194328790992271867e-03,1.443712692807124377e-03,1.499780389341979969e+01
3.198332609454956465e-03,1.435344260436932510e-03,1.499780441528986508e+01
3.202314503514264079e-03,1.426965376360344023e-03,1.499780487156090736e+01
3.206274445873900578e-03,1.418576098059217598e-03,1.499780526877719389e+01
3.210212409390213184e-03,1.410176483083099095e-03,1.499780561282864966e+01
3.214128367072160552e-03,1.401766589049171889e-03,1.499780590901629296e+01
3.218022292081302357e-03,1.393346473642162334e-03,1.499780616211113937e+01
3.221894157731810572e-03,1.384916194614229604e-03,1.499780637640719938e+01
3.225743937490492021e-03,1.376475809784815643e-03,1.499780655576916111e+01
3.229571604976829140e-03,1.368025377040481012e-03,1.499780670367535151e+01
3.233377133963037230e-03,1.359564954334704099e-03,1.499780682325634551e+01
3.237160498374132538e-03,1.351094599687670999e-03,1.499780691732976479e+01
3.240921672288005553e-03,1.342614371186044145e-03,1.499780698843154703e+01
3.244660629935510777e-03,1.334124326982708388e-03,1.499780703884414379e+01
3.248377345700559967e-03,1.325624525296509489e-03,1.499780707062185137e+01
3.252071794120227084e-03,1.317115024411975692e-03,1.499780708561361564e+01
3.255743949884857148e-03,1.308595882679030415e-03,1.499780708548360764e+01
3.259393787838175960e-03,1.300067158512683034e-03,1.499780707172964433e+01
3.263021282977415435e-03,1.291528910392725086e-03,1.499780704569987400e+01
3.266626410453437202e-03,1.282981196863401977e-03,1.499780700860772065e+01
3.270209145570856200e-03,1.274424076533089674e-03,1.499780696154535775e+01
3.273769463788178593e-03,1.265857608073950574e-03,1.499780690549583717e+01
3.277307340717928400e-03,1.257281850221598921e-03,1.499780684134399067e+01
3.280822752126791048e-03,1.248696861774742156e-03,1.499780676988627803e+01
3.284315673935746943e-03,1.240102701594825510e-03,1.499780669183958537e+01
3.287786082220214151e-03,1.231499428605679859e-03,1.499780660784922048e+01
3.291233953210187611e-03,1.222887101793147888e-03,1.499780651849605384e+01
3.294659263290388752e-03,1.214265780204714599e-03,1.499780642430295430e+01
3.298061989000401241e-03,1.205635522949136508e-03,1.499780632574060490e+01
3.301442107034821462e-03,1.196996389196064350e-03,1.499780622323270762e+01
3.304799594243399471e-03,1.188348438175662082e-03,1.499780611716069956e+01
3.308134427631189041e-03,1.179691729178222216e-03,1.499780600786796825e+01
3.311446584358692085e-03,1.171026321553779405e-03,1.499780589566364419e+01
3.314736041742001333e-03,1.162352274711726417e-03,1.499780578082605054e+01
3.318002777252951688e-03,1.153669648120413636e-03,1.499780566360577261e+01
3.321246768519262905e-03,1.144978501306771757e-03,1.499780554422842549e+01
3.324467993324684879e-03,1.136278893855902821e-03,1.499780542289716756e+01
3.327666429609146825e-03,1.127570885410687741e-03,1.499780529979492627e+01
3.330842055468895193e-03,1.118854535671391431e-03,1.499780517508644273e+01
3.333994849156645020e-03,1.110129904395262086e-03,1.499780504892006938e+01
3.337124789081720444e-03,1.101397051396129810e-03,1.499780492142942379e+01
3.340231853810196952e-03,1.092656036543999606e-03,1.499780479273485767e+01
3.343316022065049697e-03,1.083906919764658465e-03,1.499780466294477854e+01
3.346377272726288807e-03,1.075149761039257724e-03,1.499780453215685583e+01
3.349415584831102067e-03,1.066384620403920810e-03,1.499780440045908669e+01
3.352430937574001069e-03,1.057611557949324948e-03,1.499780426793075883e+01
3.355423310306952615e-03,1.048830633820302177e-03,1.499780413464332973e+01
3.358392682539524006e-03,1.040041908215429307e-03,1.499780400066120833e+01
3.361339033939015307e-03,1.031245441386614402e-03,1.499780386604245841e+01
3.364262344330604636e-03,1.022441293638691288e-03,1.499780373083943275e+01
3.367162593697476097e-03,1.013629525329009075e-03,1.499780359509935224e+01
3.370039762180958125e-03,1.004810196867017991e-03,1.499780345886479260e+01
3.372893830080660529e-03,9.959833687138580378e-04,1.499780332217419243e+01
3.375724777854603731e-03,9.871491013819528454e-04,1.499780318506222621e+01
3.378532586119354069e-03,9.783074554345851017e-04,1.499780304756020577e+01
3.381317235650155208e-03,9.694584914854943117e-04,1.499780290969640717e+01
3.384078707381053472e-03,9.606022701984550435e-04,1.499780277149637442e+01
3.386816982405034884e-03,9.517388522868676414e-04,1.499780263298318594e+01
3.389532041974150072e-03,9.428682985133356046e-04,1.499780249417772993e+01
3.392223867499639597e-03,9.339906696892607456e-04,1.499780235509887660e+01
3.394892440552061894e-03,9.251060266744198096e-04,1.499780221576373229e+01
3.397537742861422502e-03,9.162144303765473816e-04,1.499780207618776728e+01
3.400159756317292468e-03,9.073159417509233477e-04,1.499780193638501302e+01
3.402758462968933240e-03,8.984106217999521162e-04,1.499780179636819888e+01
3.405333845025420702e-03,8.894985315727469343e-04,1.499780165614886585e+01
3.407885884855764002e-03,8.805797321647113865e-04,1.499780151573751041e+01
3.410414564989028285e-03,8.716542847171175308e-04,1.499780137514366629e+01
3.412919868114450053e-03,8.627222504166941197e-04,1.499780123437602875e+01
3.415401777081559891e-03,8.537836904951999657e-04,1.499780109344250079e+01
3.417860274900293496e-03,8.448386662290077167e-04,1.499780095235029975e+01
3.420295344741110938e-03,8.358872389386878474e-04,1.499780081110602659e+01
3.422706969935111580e-03,8.269294699885793151e-04,1.499780066971570847e+01
3.425095133974145108e-03,8.179654207863795148e-04,1.499780052818487341e+01
3.427459820510927319e-03,8.089951527827115739e-04,1.499780038651859826e+01
3.429801013359147673e-03,8.000187274707148488e-04,1.499780024472154238e+01
3.432118696493583788e-03,7.910362063856147142e-04,1.499780010279800102e+01
3.434412854050204657e-03,7.820476511043077464e-04,1.499779996075194077e+01
3.436683470326287737e-03,7.730531232449296694e-04,1.499779981858702449e+01
3.438930529780518264e-03,7.640526844664432497e-04,1.499779967630664501e+01
3.441154017033094641e-03,7.550463964682123125e-04,1.499779953391396248e+01
3.443353916865840320e-03,7.460343209895730493e-04,1.499779939141191321e+01
3.445530214222302257e-03,7.370165198094198516e-04,1.499779924880324167e+01
3.447682894207851952e-03,7.279930547457746665e-04,1.499779910609051647e+01
3.449811942089792572e-03,7.189639876553632902e-04,1.499779896327613926e+01
3.451917343297454793e-03,7.099293804332012028e-04,1.499779882036238021e+01
3.453999083422296980e-03,7.008892950121521897e-04,1.499779867735137984e+01
3.456057148218004502e-03,6.918437933625201392e-04,1.499779853424515608e+01
3.458091523600585575e-03,6.827929374916109169e-04,1.499779839104562740e+01
3.460102195648467535e-03,6.737367894433167904e-04,1.499779824775463233e+01
3.462089150602591387e-03,6.646754112976879531e-04,1.499779810437389749e+01
3.464052374866506776e-03,6.556088651705032884e-04,1.499779796090509620e+01
3.465991855006462629e-03,6.465372132128468802e-04,1.499779781734983253e+01
3.467907577751501696e-03,6.374605176106837648e-04,1.499779767370963768e+01
3.469799529993545552e-03,6.283788405844312371e-04,1.499779752998599847e+01
3.471667698787488706e-03,6.192922443885328677e-04,1.499779738618034486e+01
3.473512071351284470e-03,6.102007913110320866e-04,1.499779724229406774e+01
3.475332635066031694e-03,6.011045436731444645e-04,1.499779709832852070e+01
3.477129377476066274e-03,5.920035638288278276e-04,1.499779695428501647e+01
3.478902286289034442e-03,5.828979141643596349e-04,1.499779681016483401e+01
3.480651349375987313e-03,5.737876570979040568e-04,1.499779666596922567e+01
3.482376554771456339e-03,5.646728550790898948e-04,1.499779652169942423e+01
3.484077890673540484e-03,5.555535705885755998e-04,1.499779637735662696e+01
3.485755345443981683e-03,5.464298661376276256e-04,1.499779623294201336e+01
3.487408907608246806e-03,5.373018042676819782e-04,1.499779608845675938e+01
3.489038565855602687e-03,5.281694475499312423e-04,1.499779594390200543e+01
3.490644309039196789e-03,5.190328585848762643e-04,1.499779579927887951e+01
3.492226126176130926e-03,5.098921000019133965e-04,1.499779565458850428e+01
3.493784006447535426e-03,5.007472344588945277e-04,1.499779550983197929e+01
3.495317939198643292e-03,4.915983246417012084e-04,1.499779536501040944e+01
3.496827913938864787e-03,4.824454332638180719e-04,1.499779522012487121e+01
3.498313920341855534e-03,4.732886230658927564e-04,1.499779507517644461e+01
3.499775948245586760e-03,4.641279568153189750e-04,1.499779493016619369e+01
3.501213987652413828e-03,4.549634973057952456e-04,1.499779478509518782e+01
3.502628028729151688e-03,4.457953073568970644e-04,1.499779463996447504e+01
3.504018061807129963e-03,4.366234498136522244e-04,1.499779449477510518e+01
3.505384077382265370e-03,4.274479875461060499e-04,1.499779434952812629e+01
3.506726066115126335e-03,4.182689834488830536e-04,1.499779420422457754e+01
3.508044018830995883e-03,4.090865004407651280e-04,1.499779405886549277e+01
3.509337926519929315e-03,3.999006014642603581e-04,1.499779391345190405e+01
3.510607780336822293e-03,3.907113494851613715e-04,1.499779376798483810e+01
3.511853571601467657e-03,3.815188074921242343e-04,1.499779362246531988e+01
3.513075291798613969e-03,3.723230384962355295e-04,1.499779347689437969e+01
3.514272932578020158e-03,3.631241055305740135e-04,1.499779333127303538e+01
3.515446485754519703e-03,3.539220716497791584e-04,1.499779318560230834e+01
3.516595943308073544e-03,3.447169999296279333e-04,1.499779303988321466e+01
3.517721297383815185e-03,3.355089534665920705e-04,1.499779289411676508e+01
3.518822540292120080e-03,3.262979953774068241e-04,1.499779274830397746e+01
3.519899664508641633e-03,3.170841887986466674e-04,1.499779260244586787e+01
3.520952662674374511e-03,3.078675968862833721e-04,1.499779245654344706e+01
3.521981527595697582e-03,2.986482828152560681e-04,1.499779231059772400e+01
3.522986252244426388e-03,2.894263097790350688e-04,1.499779216460971476e+01
3.523966829757856078e-03,2.802017409891975142e-04,1.499779201858042121e+01
3.524923253438811289e-03,2.709746396749851795e-04,1.499779187251085766e+01
3.525855516755689936e-03,2.617450690828739923e-04,1.499779172640203484e+01
3.526763613342513096e-03,2.525130924761401891e-04,1.499779158025494930e+01
3.527647536998953625e-03,2.432787731344265804e-04,1.499779143407062243e+01
3.528507281690395573e-03,2.340421743533087882e-04,1.499779128785005433e+01
3.529342841547962809e-03,2.248033594438616199e-04,1.499779114159425042e+01
3.530154210868563687e-03,2.155623917322246820e-04,1.499779099530422144e+01
3.530941384114925311e-03,2.063193345591645799e-04,1.499779084898097459e+01
3.531704355915639502e-03,1.970742512796515094e-04,1.499779070262551173e+01
3.532443121065186216e-03,1.878272052624139208e-04,1.499779055623884361e+01
3.533157674523979518e-03,1.785782598895083618e-04,1.499779040982197742e+01
3.533848011418398802e-03,1.693274785558844954e-04,1.499779026337590793e+01
3.534514127040815686e-03,1.600749246689501723e-04,1.499779011690165653e+01
3.535156016849633903e-03,1.508206616481376689e-04,1.499778997040021977e+01
3.535773676469314893e-03,1.415647529244679732e-04,1.499778982387260839e+01
3.536367101690407293e-03,1.323072619401164263e-04,1.499778967731982426e+01
3.536936288469577291e-03,1.230482521479779308e-04,1.499778953074287458e+01
3.537481232929634654e-03,1.137877870112313718e-04,1.499778938414276652e+01
3.538001931359557005e-03,1.045259300029053402e-04,1.499778923752050552e+01
3.538498380214516719e-03,9.526274460544228344e-05,1.499778909087709877e+01
3.538970576115905639e-03,8.599829431026401118e-05,1.499778894421355169e+01
3.539418515851353725e-03,7.673264261733592760e-05,1.499778879753086969e+01
3.539842196374753339e-03,6.746585303473192740e-05,1.499778865083005641e+01
3.540241614806277030e-03,5.819798907819914968e-05,1.499778850411211728e+01
3.540616768432402247e-03,4.892911427072247417e-05,1.499778835737807370e+01
3.540967654705920453e-03,3.965929214208913285e-05,1.499778821062891154e+01
3.541294271245962275e-03,3.038858622845320276e-05,1.499778806386564867e+01
3.541596615838008347e-03,2.111706007190003467e-05,1.499778791708929049e+01
3.541874686433904486e-03,1.184477722001090177e-05,1.499778777030083887e+01
3.542128481151876878e-03,2.571801225427155946e-06,1.499778762350130457e+01
3.542357998276542044e-03,-6.701804354585282253e-06,1.499778747669169299e+01
3.542563236258921156e-03,-1.597597595857152896e-05,1.499778732987301133e+01
3.542744193716444809e-03,-2.525065002132349055e-05,1.499778718304625968e+01
3.542900869432966462e-03,-3.452576297431550749e-05,1.499778703621245235e+01
3.543033262358769812e-03,-4.380125124614015408e-05,1.499778688937260007e+01
3.543141371610571393e-03,-5.307705126294383444e-05,1.499778674252769406e+01
3.543225196471529691e-03,-6.235309944886265553e-05,1.499778659567875572e+01
3.543284736391251206e-03,-7.162933222645816460e-05,1.499778644882677980e+01
3.543319990985784821e-03,-8.090568601715304937e-05,1.499778630197278773e+01
3.543330960037634376e-03,-9.018209724166694667e-05,1.499778615511777069e+01
3.543317643495754333e-03,-9.945850232045223751e-05,1.499778600826274477e+01
3.543280041475547169e-03,-1.087348376741297743e-04,1.499778586140871361e+01
3.543218154258866420e-03,-1.180110397239246626e-04,1.499778571455668441e+01
3.543131982294013636e-03,-1.272870448921019609e-04,1.499778556770765903e+01
3.543021526195730582e-03,-1.365627896024026522e-04,1.499778542086265531e+01
3.542886786745200103e-03,-1.458382102804790326e-04,1.499778527402266981e+01
3.542727764890033545e-03,-1.551132433543306820e-04,1.499778512718871504e+01
3.542544461744269457e-03,-1.643878252547400023e-04,1.499778498036178931e+01
3.542336878588365351e-03,-1.736618924157081476e-04,1.499778483354290692e+01
3.542105016869179050e-03,-1.829353812748902230e-04,1.499778468673307330e+01
3.541848878199970862e-03,-1.922082282740314593e-04,1.499778453993328675e+01
3.541568464360385360e-03,-2.014803698594023302e-04,1.499778439314456868e+01
3.541263777296438809e-03,-2.107517424822343748e-04,1.499778424636790852e+01
3.540934819120501818e-03,-2.200222825991555314e-04,1.499778409960432413e+01
3.540581592111293700e-03,-2.292919266726259602e-04,1.499778395285481913e+01
3.540204098713854285e-03,-2.385606111713728622e-04,1.499778380612039896e+01
3.539802341539538284e-03,-2.478282725708264912e-04,1.499778365940206371e+01
3.539376323365988394e-03,-2.570948473535552442e-04,1.499778351270082055e+01
3.538926047137118391e-03,-2.663602720097007787e-04,1.499778336601768025e+01
3.538451515963090578e-03,-2.756244830374135371e-04,1.499778321935364112e+01
3.537952733120299734e-03,-2.848874169432876195e-04,1.499778307270971744e+01
3.537429702051340594e-03,-2.941490102427962543e-04,1.499778292608690933e+01
3.536882426364991363e-03,-3.034091994607264540e-04,1.499778277948622396e+01
3.536310909836186834e-03,-3.126679211316142691e-04,1.499778263290866320e+01
3.535715156405987592e-03,-3.219251118001796065e-04,1.499778248635522893e+01
3.535095170181556164e-03,-3.311807080217610494e-04,1.499778233982693187e+01
3.534450955436131431e-03,-3.404346463627506221e-04,1.499778219332477569e+01
3.533782516608988730e-03,-3.496868634010285551e-04,1.499778204684976224e+01
3.533089858305416865e-03,-3.589372957263974539e-04,1.499778190040289338e+01
3.532372985296686457e-03,-3.681858799410177145e-04,1.499778175398518165e+01
3.531631902520011336e-03,-3.774325526598409876e-04,1.499778160759761647e+01
3.530866615078514723e-03,-3.866772505110450519e-04,1.499778146124121214e+01
3.530077128241200599e-03,-3.959199101364677120e-04,1.499778131491697053e+01
3.529263447442906442e-03,-4.051604681920415634e-04,1.499778116862589172e+01
3.528425578284277199e-03,-4.143988613482273479e-04,1.499778102236898114e+01
3.527563526531711513e-03,-4.236350262904478516e-04,1.499778087614723532e+01
3.526677298117337003e-03,-4.328688997195227783e-04,1.499778072996166500e+01
3.525766899138956488e-03,-4.421004183521010209e-04,1.499778058381326495e+01
3.524832335860015025e-03,-4.513295189210952637e-04,1.499778043770304237e+01
3.523873614709549604e-03,-4.605561381761153926e-04,1.499778029163199200e+01
3.522890742282147516e-03,-4.697802128839014164e-04,1.499778014560112283e+01
3.521883725337900811e-03,-4.790016798287571485e-04,1.499777999961143138e+01
3.520852570802355565e-03,-4.882204758129828027e-04,1.499777985366391952e+01
3.519797285766471974e-03,-4.974365376573092710e-04,1.499777970775958202e+01
3.518717877486562777e-03,-5.066498022013288770e-04,1.499777956189942785e+01
3.517614353384255089e-03,-5.158602063039304658e-04,1.499777941608445175e+01
3.516486721046434023e-03,-5.250676868437302667e-04,1.499777927031565561e+01
3.515334988225185010e-03,-5.342721807195051397e-04,1.499777912459403240e+01
3.514159162837749133e-03,-5.434736248506251725e-04,1.499777897892058931e+01
3.512959252966461540e-03,-5.526719561774844341e-04,1.499777883329631756e+01
3.511735266858699404e-03,-5.618671116619351974e-04,1.499777868772222078e+01
3.510487212926819908e-03,-5.710590282877179343e-04,1.499777854219929729e+01
3.509215099748109936e-03,-5.802476430608942371e-04,1.499777839672854007e+01
3.507918936064716251e-03,-5.894328930102773556e-04,1.499777825131094389e+01
3.506598730783595189e-03,-5.986147151878647935e-04,1.499777810594751237e+01
3.505254492976443703e-03,-6.077930466692687368e-04,1.499777796063924029e+01
3.503886231879637780e-03,-6.169678245541470240e-04,1.499777781538712240e+01
3.502493956894175194e-03,-6.261389859666352010e-04,1.499777767019215169e+01
3.501077677585597014e-03,-6.353064680557756480e-04,1.499777752505532114e+01
3.499637403683939895e-03,-6.444702079959498510e-04,1.499777737997763616e+01
3.498173145083645873e-03,-6.536301429873068785e-04,1.499777723496008441e+01
3.496684911843518130e-03,-6.627862102561957614e-04,1.499777709000365711e+01
3.495172714186632092e-03,-6.719383470555938612e-04,1.499777694510935433e+01
3.493636562500275142e-03,-6.810864906655371897e-04,1.499777680027816551e+01
3.492076467335871598e-03,-6.902305783935507293e-04,1.499777665551108541e+01
3.490492439408908985e-03,-6.993705475750768008e-04,1.499777651080909990e+01
3.488884489598868648e-03,-7.085063355739052750e-04,1.499777636617320731e+01
3.487252628949142480e-03,-7.176378797826020494e-04,1.499777622160439705e+01
3.485596868666964842e-03,-7.267651176229385007e-04,1.499777607710366034e+01
3.483917220123327555e-03,-7.358879865463190941e-04,1.499777593267198839e+01
3.482213694852910515e-03,-7.450064240342113781e-04,1.499777578831036884e+01
3.480486304553991484e-03,-7.541203675985729427e-04,1.499777564401979113e+01
3.478735061088374537e-03,-7.632297547822801138e-04,1.499777549980124824e+01
3.476959976481300719e-03,-7.723345231595555617e-04,1.499777535565572428e+01
3.475161062921371287e-03,-7.814346103363962364e-04,1.499777521158420690e+01
3.473338332760460972e-03,-7.905299539510003259e-04,1.499777506758768908e+01
3.471491798513628210e-03,-7.996204916741943237e-04,1.499777492366715137e+01
3.469621472859039241e-03,-8.087061612098608550e-04,1.499777477982358143e+01
3.467727368637868804e-03,-8.177869002953644427e-04,1.499777463605796868e+01
3.465809498854220769e-03,-8.268626467019782496e-04,1.499777449237129900e+01
3.463867876675030995e-03,-8.359333382353103864e-04,1.499777434876455118e+01
3.461902515429986227e-03,-8.449989127357303287e-04,1.499777420523871463e+01
3.459913428611420885e-03,-8.540593080787943579e-04,1.499777406179477168e+01
3.457900629874229026e-03,-8.631144621756700261e-04,1.499777391843370289e+01
3.455864133035773701e-03,-8.721643129735634405e-04,1.499777377515649590e+01
3.453803952075786780e-03,-8.812087984561429695e-04,1.499777363196412594e+01
3.451720101136273970e-03,-8.902478566439644666e-04,1.499777348885758421e+01
3.449612594521416810e-03,-8.992814255948949767e-04,1.499777334583784594e+01
3.447481446697475953e-03,-9.083094434045385027e-04,1.499777320290588811e+01
3.445326672292688391e-03,-9.173318482066583016e-04,1.499777306006269129e+01
3.443148286097169435e-03,-9.263485781736023258e-04,1.499777291730923956e+01
3.440946303062809505e-03,-9.353595715167250862e-04,1.499777277464651171e+01
3.438720738303170047e-03,-9.443647664868117918e-04,1.499777263207547939e+01
3.436471607093382914e-03,-9.533641013745011890e-04,1.499777248959712317e+01
3.434198924870040647e-03,-9.623575145107080746e-04,1.499777234721242003e+01
3.431902707231091094e-03,-9.713449442670450511e-04,1.499777220492234520e+01
3.429582969935734624e-03,-9.803263290562461239e-04,1.499777206272787211e+01
3.427239728904308766e-03,-9.893016073325871552e-04,1.499777192062997955e+01
3.424873000218180662e-03,-9.982707175923072936e-04,1.499777177862963740e+01
3.422482800119641243e-03,-1.007233598374031053e-03,1.499777163672782265e+01
3.420069145011785973e-03,-1.016190188259188986e-03,1.499777149492550166e+01
3.417632051458405554e-03,-1.025140425872438348e-03,1.499777135322365851e+01
3.415171536183873174e-03,-1.034084249882082692e-03,1.499777121162324889e+01
3.412687616073025246e-03,-1.043021599000492966e-03,1.499777107012525335e+01
3.410180308171048211e-03,-1.051952411984526450e-03,1.499777092873064177e+01
3.407649629683362751e-03,-1.060876627635946347e-03,1.499777078744037695e+01
3.405095597975498021e-03,-1.069794184801841361e-03,1.499777064625543055e+01
3.402518230572981923e-03,-1.078705022375044207e-03,1.499777050517677246e+01
3.399917545161211443e-03,-1.087609079294548807e-03,1.499777036420536902e+01
3.397293559585337283e-03,-1.096506294545930961e-03,1.499777022334219012e+01
3.394646291850138536e-03,-1.105396607161764902e-03,1.499777008258818967e+01
3.391975760119899080e-03,-1.114279956222039404e-03,1.499776994194434110e+01
3.389281982718279213e-03,-1.123156280854577596e-03,1.499776980141160543e+01
3.386564978128195954e-03,-1.132025520235451985e-03,1.499776966099094899e+01
3.383824764991691207e-03,-1.140887613589401228e-03,1.499776952068333102e+01
3.381061362109804257e-03,-1.149742500190246899e-03,1.499776938048971608e+01
3.378274788442442965e-03,-1.158590119361308738e-03,1.499776924041106163e+01
3.375465063108254102e-03,-1.167430410475821419e-03,1.499776910044832867e+01
3.372632205384486735e-03,-1.176263312957346544e-03,1.499776896060247822e+01
3.369776234706869933e-03,-1.185088766280191584e-03,1.499776882087447483e+01
3.366897170669469648e-03,-1.193906709969822302e-03,1.499776868126526175e+01
3.363995033024553410e-03,-1.202717083603275410e-03,1.499776854177580532e+01
3.361069841682462391e-03,-1.211519826809574459e-03,1.499776840240705944e+01
3.358121616711468721e-03,-1.220314879270143144e-03,1.499776826315998157e+01
3.355150378337638014e-03,-1.229102180719217081e-03,1.499776812403552206e+01
3.352156146944690156e-03,-1.237881670944257105e-03,1.499776798503464015e+01
3.349138943073861827e-03,-1.246653289786362135e-03,1.499776784615828085e+01
3.346098787423761219e-03,-1.255416977140679652e-03,1.499776770740739984e+01
3.343035700850227523e-03,-1.264172672956818564e-03,1.499776756878295281e+01
3.339949704366188682e-03,-1.272920317239260553e-03,1.499776743028588477e+01
3.336840819141515240e-03,-1.281659850047769250e-03,1.499776729191714431e+01
3.333709066502872891e-03,-1.290391211497801584e-03,1.499776715367767999e+01
3.330554467933581533e-03,-1.299114341760918912e-03,1.499776701556844571e+01
3.327377045073462176e-03,-1.307829181065194458e-03,1.499776687759037941e+01
3.324176819718687760e-03,-1.316535669695624014e-03,1.499776673974442964e+01
3.320953813821639171e-03,-1.325233747994534897e-03,1.499776660203154499e+01
3.317708049490750415e-03,-1.333923356361994047e-03,1.499776646445266337e+01
3.314439548990353365e-03,-1.342604435256215681e-03,1.499776632700873158e+01
3.311148334740530302e-03,-1.351276925193968742e-03,1.499776618970069286e+01
3.307834429316956065e-03,-1.359940766750984990e-03,1.499776605252948514e+01
3.304497855450746254e-03,-1.368595900562366661e-03,1.499776591549604809e+01
3.301138636028296772e-03,-1.377242267322990659e-03,1.499776577860132853e+01
3.297756794091129869e-03,-1.385879807787916002e-03,1.499776564184625016e+01
3.294352352835736280e-03,-1.394508462772789956e-03,1.499776550523176688e+01
3.290925335613408258e-03,-1.403128173154250501e-03,1.499776536875880240e+01
3.287475765930089524e-03,-1.411738879870334850e-03,1.499776523242830173e+01
3.284003667446207860e-03,-1.420340523920881476e-03,1.499776509624119036e+01
3.280509063976513352e-03,-1.428933046367934735e-03,1.499776496019840266e+01
3.276991979489914456e-03,-1.437516388336147538e-03,1.499776482430088009e+01
3.273452438109314064e-03,-1.446090491013186192e-03,1.499776468854954814e+01
3.269890464111442109e-03,-1.454655295650130039e-03,1.499776455294533406e+01
3.266306081926690329e-03,-1.463210743561877379e-03,1.499776441748917399e+01
3.262699316138944431e-03,-1.471756776127544023e-03,1.499776428218199165e+01
3.259070191485414093e-03,-1.480293334790867051e-03,1.499776414702471428e+01
3.255418732856465557e-03,-1.488820361060604015e-03,1.499776401201827269e+01
3.251744965295443827e-03,-1.497337796510933659e-03,1.499776387716358705e+01
3.248048913998508730e-03,-1.505845582781856207e-03,1.499776374246158461e+01
3.244330604314457547e-03,-1.514343661579593001e-03,1.499776360791318730e+01
3.240590061744549801e-03,-1.522831974676984619e-03,1.499776347351931882e+01
3.236827311942335958e-03,-1.531310463913891813e-03,1.499776333928090466e+01
3.233042380713479613e-03,-1.539779071197590592e-03,1.499776320519885253e+01
3.229235294015575779e-03,-1.548237738503172077e-03,1.499776307127408792e+01
3.225406077957978287e-03,-1.556686407873938017e-03,1.499776293750753453e+01
3.221554758801619799e-03,-1.565125021421799557e-03,1.499776280390010186e+01
3.217681362958827937e-03,-1.573553521327671892e-03,1.499776267045271005e+01
3.213785916993145298e-03,-1.581971849841869344e-03,1.499776253716627394e+01
3.209868447619149915e-03,-1.590379949284505007e-03,1.499776240404169769e+01
3.205928981702267904e-03,-1.598777762045879318e-03,1.499776227107990501e+01
3.201967546258590452e-03,-1.607165230586879694e-03,1.499776213828180182e+01
3.197984168454686034e-03,-1.615542297439369985e-03,1.499776200564830120e+01
3.193978875607418697e-03,-1.623908905206588151e-03,1.499776187318030729e+01
3.189951695183757679e-03,-1.632264996563536578e-03,1.499776174087873493e+01
3.185902654800585720e-03,-1.640610514257374343e-03,1.499776160874448649e+01
3.181831782224515612e-03,-1.648945401107810346e-03,1.499776147677847149e+01
3.177739105371693313e-03,-1.657269600007493402e-03,1.499776134498158697e+01
3.173624652307609727e-03,-1.665583053922404513e-03,1.499776121335474421e+01
3.169488451246908148e-03,-1.673885705892246088e-03,1.499776108189883850e+01
3.165330530553189543e-03,-1.682177499030832043e-03,1.499776095061477754e+01
3.161150918738817820e-03,-1.690458376526478984e-03,1.499776081950345485e+01
3.156949644464722080e-03,-1.698728281642391310e-03,1.499776068856577993e+01
3.152726736540203186e-03,-1.706987157717052396e-03,1.499776055780263562e+01
3.148482223922734712e-03,-1.715234948164612088e-03,1.499776042721492608e+01
3.144216135717762140e-03,-1.723471596475273544e-03,1.499776029680354483e+01
3.139928501178508146e-03,-1.731697046215679861e-03,1.499776016656938893e+01
3.135619349705762691e-03,-1.739911241029300920e-03,1.499776003651335010e+01
3.131288710847691340e-03,-1.748114124636818492e-03,1.499775990663631120e+01
3.126936614299626657e-03,-1.756305640836511349e-03,1.499775977693917639e+01
3.122563089903863075e-03,-1.764485733504640372e-03,1.499775964742282319e+01
3.118168167649456105e-03,-1.772654346595833007e-03,1.499775951808814689e+01
3.113751877672014598e-03,-1.780811424143466208e-03,1.499775938893603033e+01
3.109314250253493884e-03,-1.788956910260048943e-03,1.499775925996735637e+01
3.104855315821986299e-03,-1.797090749137606218e-03,1.499775913118301318e+01
3.100375104951514759e-03,-1.805212885048060063e-03,1.499775900258388184e+01
3.095873648361822852e-03,-1.813323262343610309e-03,1.499775887417084697e+01
3.091350976918160604e-03,-1.821421825457117741e-03,1.499775874594478076e+01
3.086807121631075009e-03,-1.829508518902480318e-03,1.499775861790657139e+01
3.082242113656200998e-03,-1.837583287275017848e-03,1.499775849005708928e+01
3.077655984294038090e-03,-1.845646075251847120e-03,1.499775836239721727e+01
3.073048764989743959e-03,-1.853696827592263329e-03,1.499775823492782045e+01
3.068420487332916297e-03,-1.861735489138115858e-03,1.499775810764978701e+01
3.063771183057373802e-03,-1.869762004814188184e-03,1.499775798056397491e+01
3.059100884040939772e-03,-1.877776319628570844e-03,1.499775785367126524e+01
3.054409622305223095e-03,-1.885778378673042856e-03,1.499775772697252307e+01
3.049697430015400976e-03,-1.893768127123444250e-03,1.499775760046861706e+01
3.044964339479992992e-03,-1.901745510240051206e-03,1.499775747416041227e+01
3.040210383150644680e-03,-1.909710473367952268e-03,1.499775734804878091e+01
3.035435593621899856e-03,-1.917662961937420876e-03,1.499775722213458273e+01
3.030640003630981610e-03,-1.925602921464290070e-03,1.499775709641868460e+01
3.025823646057565052e-03,-1.933530297550323934e-03,1.499775697090193916e+01
3.020986553923548767e-03,-1.941445035883590780e-03,1.499775684558521505e+01
3.016128760392837102e-03,-1.949347082238835245e-03,1.499775672046937025e+01
3.011250298771102514e-03,-1.957236382477848223e-03,1.499775659555526097e+01
3.006351202505562221e-03,-1.965112882549836792e-03,1.499775647084374341e+01
3.001431505184749219e-03,-1.972976528491798050e-03,1.499775634633566845e+01
2.996491240538278963e-03,-1.980827266428882103e-03,1.499775622203189762e+01
2.991530442436619950e-03,-1.988665042574766333e-03,1.499775609793328002e+01
2.986549144890859962e-03,-1.996489803232020556e-03,1.499775597404066296e+01
2.981547382052473615e-03,-2.004301494792474787e-03,1.499775585035489556e+01
2.976525188213088608e-03,-2.012100063737586129e-03,1.499775572687683223e+01
2.971482597804248928e-03,-2.019885456638807406e-03,1.499775560360730786e+01
2.966419645397177628e-03,-2.027657620157945813e-03,1.499775548054717866e+01
2.961336365702543945e-03,-2.035416501047538490e-03,1.499775535769728307e+01
2.956232793570220865e-03,-2.043162046151206831e-03,1.499775523505846664e+01
2.951108963989047037e-03,-2.050894202404026419e-03,1.499775511263156424e+01
2.945964912086588682e-03,-2.058612916832887416e-03,1.499775499041741966e+01
2.940800673128894996e-03,-2.066318136556857549e-03,1.499775486841686778e+01
2.935616282520261359e-03,-2.074009808787544238e-03,1.499775474663074348e+01
2.930411775802979103e-03,-2.081687880829455849e-03,1.499775462505988344e+01
2.925187188657100024e-03,-2.089352300080362084e-03,1.499775450370512431e+01
2.919942556900184411e-03,-2.097003014031653505e-03,1.499775438256729387e+01
2.914677916487059487e-03,-2.104639970268701483e-03,1.499775426164722170e+01
2.909393303509572645e-03,-2.112263116471217294e-03,1.499775414094574089e+01
2.904088754196341212e-03,-2.119872400413606427e-03,1.499775402046367390e+01
2.898764304912505689e-03,-2.127467769965332885e-03,1.499775390020185384e+01
2.893419992159480814e-03,-2.135049173091268723e-03,1.499775378016109251e+01
2.888055852574703593e-03,-2.142616557852053578e-03,1.499775366034222834e+01
2.882671922931383940e-03,-2.150169872404451583e-03,1.499775354074606604e+01
2.877268240138249663e-03,-2.157709065001701780e-03,1.499775342137344047e+01
2.871844841239296672e-03,-2.165234083993874178e-03,1.499775330222515812e+01
2.866401763413531801e-03,-2.172744877828226232e-03,1.499775318330204321e+01
2.860939043974719542e-03,-2.180241395049550227e-03,1.499775306460490931e+01
2.855456720371126172e-03,-2.187723584300528459e-03,1.499775294613456822e+01
2.849954830185259975e-03,-2.195191394322083215e-03,1.499775282789183173e+01
2.844433411133619281e-03,-2.202644773953730661e-03,1.499775270987750986e+01
2.838892501066428778e-03,-2.210083672133926046e-03,1.499775259209241263e+01
2.833332137967380180e-03,-2.217508037900414990e-03,1.499775247453735005e+01
2.827752359953374615e-03,-2.224917820390585627e-03,1.499775235721312860e+01
2.822153205274258950e-03,-2.232312968841809915e-03,1.499775224012054231e+01
2.816534712312563846e-03,-2.239693432591797085e-03,1.499775212326040474e+01
2.810896919583241380e-03,-2.247059161078936683e-03,1.499775200663351349e+01
2.805239865733397467e-03,-2.254410103842643780e-03,1.499775189024066790e+01
2.799563589542034686e-03,-2.261746210523708951e-03,1.499775177408266202e+01
2.793868129919776892e-03,-2.269067430864638718e-03,1.499775165816029698e+01
2.788153525908607273e-03,-2.276373714709998587e-03,1.499775154247436504e+01
2.782419816681601637e-03,-2.283665012006759563e-03,1.499775142702566022e+01
2.776667041542655624e-03,-2.290941272804638586e-03,1.499775131181497478e+01
2.770895239926221033e-03,-2.298202447256440274e-03,1.499775119684309388e+01
2.765104451397029563e-03,-2.305448485618399532e-03,1.499775108211080799e+01
2.759294715649822198e-03,-2.312679338250518083e-03,1.499775096761890580e+01
2.753466072509082926e-03,-2.319894955616908384e-03,1.499775085336817249e+01
2.747618561928759449e-03,-2.327095288286131023e-03,1.499775073935938963e+01
2.741752223991990832e-03,-2.334280286931530828e-03,1.499775062559333350e+01
2.735867098910831682e-03,-2.341449902331575565e-03,1.499775051207079457e+01
2.729963227025981095e-03,-2.348604085370195951e-03,1.499775039879253669e+01
2.724040648806501635e-03,-2.355742787037116981e-03,1.499775028575934854e+01
2.718099404849539606e-03,-2.362865958428193598e-03,1.499775017297200286e+01
2.712139535880054436e-03,-2.369973550745748531e-03,1.499775006043126879e+01
2.706161082750531584e-03,-2.377065515298902761e-03,1.499774994813791906e+01
2.700164086440708447e-03,-2.384141803503912055e-03,1.499774983609272461e+01
2.694148588057289004e-03,-2.391202366884494831e-03,1.499774972429645281e+01
2.688114628833663221e-03,-2.398247157072166524e-03,1.499774961274986751e+01
2.682062250129625593e-03,-2.405276125806570051e-03,1.499774950145373964e+01
2.675991493431092386e-03,-2.412289224935808447e-03,1.499774939040882593e+01
2.669902400349812369e-03,-2.419286406416767087e-03,1.499774927961589022e+01
2.663795012623086655e-03,-2.426267622315451521e-03,1.499774916907568922e+01
2.657669372113480744e-03,-2.433232824807307973e-03,1.499774905878898501e+01
2.651525520808537418e-03,-2.440181966177554229e-03,1.499774894875652542e+01
2.645363500820487480e-03,-2.447114998821504472e-03,1.499774883897907962e+01
2.639183354385963957e-03,-2.454031875244895838e-03,1.499774872945738302e+01
2.632985123865709803e-03,-2.460932548064214114e-03,1.499774862019219945e+01
2.626768851744288626e-03,-2.467816970007013361e-03,1.499774851118426966e+01
2.620534580629795430e-03,-2.474685093912245941e-03,1.499774840243434326e+01
2.614282353253559975e-03,-2.481536872730580844e-03,1.499774829394316811e+01
2.608012212469857944e-03,-2.488372259524723740e-03,1.499774818571148494e+01
2.601724201255614741e-03,-2.495191207469743978e-03,1.499774807774003627e+01
2.595418362710114057e-03,-2.501993669853392038e-03,1.499774797002956284e+01
2.589094740054698196e-03,-2.508779600076414817e-03,1.499774786258080184e+01
2.582753376632471870e-03,-2.515548951652879592e-03,1.499774775539449045e+01
2.576394315908010768e-03,-2.522301678210491904e-03,1.499774764847136055e+01
2.570017601467057544e-03,-2.529037733490909975e-03,1.499774754181214931e+01
2.563623277016226481e-03,-2.535757071350063473e-03,1.349774743541759037e+01
2.557853362854822267e-03,-2.541790142239069416e-03,1.214774733988523181e+01
2.552648299322552664e-03,-2.547208267093319274e-03,1.093274725408622494e+01
2.547953927863008151e-03,-2.552075130681215418e-03,9.839247177012570234e+00
2.543721058326741530e-03,-2.556447638856998439e-03,8.855097107763572950e+00
2.539905058601895325e-03,-2.560376672882057857e-03,7.969362045533889827e+00
2.536465468461308274e-03,-2.563907754216831168e-03,7.172200489603006268e+00
2.533365638504979887e-03,-2.567081631298500592e-03,6.454755089325962203e+00
2.530572394333922750e-03,-2.569934798213265297e-03,5.809054229125129254e+00
2.528055725554594242e-03,-2.572499953803799189e-03,5.227923454982952300e+00
2.525788498834935763e-03,-2.574806408586479984e-03,4.704905758285502948e+00
2.523746193976104165e-03,-2.576880445858244564e-03,4.234189831281772065e+00
2.521906661799351839e-03,-2.578745642523193413e-03,3.810545496997081560e+00
2.520249902552400018e-03,-2.580423154442161842e-03,3.429265596155226969e+00
2.518757863496627440e-03,-2.581931970485467579e-03,3.086113685408438556e+00
2.517414254331518022e-03,-2.583289138934283680e-03,2.777276965744380099e+00
2.516204379135710423e-03,-2.584509969415974169e-03,2.499323918052487326e+00
2.515114983546371669e-03,-2.585608213162128664e-03,2.249166175133684664e+00
2.514134115954265187e-03,-2.586596224035497219e-03,2.024024206509157153e+00
2.513251001556003356e-03,-2.587485102475391499e-03,1.821396434748256299e+00
2.512455928173982795e-03,-2.588284824253869309e-03,1.639031440163629894e+00
2.511740142825704975e-03,-2.589004355711242364e-03,1.474902945036848712e+00
2.511095758095520901e-03,-2.589651756944602590e-03,1.327187299421477951e+00
2.510515667431984736e-03,-2.590234274252759244e-03,1.194243218365850900e+00
2.509993468561832856e-03,-2.590758422992178039e-03,1.074593545413565776e+00
2.509523394276483039e-03,-2.591230061867854945e-03,9.669088397539430391e-01
2.509100249908445719e-03,-2.591654459568495331e-03,8.699926046574362193e-01
2.508719356872800808e-03,-2.592036354554391308e-03,7.827679930675067732e-01
2.508376501702985675e-03,-2.592380008717531936e-03,7.042658426333128219e-01
2.508067890060349751e-03,-2.592689255554883263e-03,6.336139072391321347e-01
2.507790105243481657e-03,-2.592967543426452984e-03,5.700271653808426375e-01
2.507540070766253043e-03,-2.593217974408146709e-03,5.127990977047574006e-01
2.507315016613010858e-03,-2.593443339195018391e-03,4.612938367925769612e-01
2.507112448815592039e-03,-2.593646148462066224e-03,4.149391019678464465e-01
2.506930122030009891e-03,-2.593828661046670807e-03,3.732198406217689945e-01
2.506766014820950138e-03,-2.593992909278578039e-03,3.356725054064371716e-01
2.506618307389878262e-03,-2.594140721749104914e-03,3.018799037087422921e-01
2.506485361507706285e-03,-2.594273743780966309e-03,2.714665621768930781e-01
2.506365702435874639e-03,-2.594393455832880082e-03,2.440945547942825478e-01
2.506258002640478905e-03,-2.594501190048969976e-03,2.194597481459686361e-01
2.506161067122979723e-03,-2.594598145141251058e-03,1.972884221585070874e-01
2.506073820208110352e-03,-2.594685399774187499e-03,1.773342287658007110e-01
2.505995293645109541e-03,-2.594763924602945353e-03,1.593754547083643947e-01
2.505924615892456912e-03,-2.594834593101443248e-03,1.432125580526633080e-01
2.505861002468964989e-03,-2.594898191302472991e-03,1.286659510585176358e-01
2.505803747265578432e-03,-2.594955426559603963e-03,1.155740047597666464e-01
2.505752214722599056e-03,-2.595006935429538045e-03,1.037912530868667499e-01
2.505705832786445271e-03,-2.595053290763477474e-03,9.318677657722951313e-02
2.505664086568522644e-03,-2.595095008087143322e-03,8.364274771452591406e-02
2.505626512636392484e-03,-2.595132551340982412e-03,7.505312173406036846e-02
2.505592693874368615e-03,-2.595166338044917892e-03,6.732245834760733350e-02
2.505562254856883234e-03,-2.595196743945421894e-03,6.036486129576409954e-02
2.505534857683543778e-03,-2.595224107196947641e-03,5.410302394506849577e-02
2.505510198229925385e-03,-2.595248732124418034e-03,4.846737032540482382e-02
2.505488002772643819e-03,-2.595270892608864208e-03,4.339528206366911889e-02
2.505468024951420548e-03,-2.595290835133978128e-03,3.883040262406796395e-02
2.505450043034524073e-03,-2.595308781527602346e-03,3.472201112438738635e-02
2.505433857457338691e-03,-2.595324931428726230e-03,3.102445877063494950e-02
2.505419288606803001e-03,-2.595339464507542566e-03,2.769666164821748752e-02
2.505406174827190871e-03,-2.595352542463238380e-03,2.470164423400122988e-02
2.505394370625125839e-03,-2.595364310821865386e-03,2.200612855716585839e-02
2.505383745053965053e-03,-2.595374900554258020e-03,1.958016444397309153e-02
2.505374180259615276e-03,-2.595384429532055382e-03,1.739679673805853699e-02
2.505365570171685322e-03,-2.595393003838021573e-03,1.543176579869426010e-02
2.505357819325432743e-03,-2.595400718945255637e-03,1.366323794922513421e-02
2.505350841801471350e-03,-2.595407660778422960e-03,1.207156288066156893e-02
2.505344560271446919e-03,-2.595413906668810750e-03,1.063905531491294958e-02
2.505338905139097971e-03,-2.595419526213846653e-03,9.349798501697729677e-03
2.505333813767197503e-03,-2.595424582050611089e-03,8.189467365762533729e-03
2.505329229781758007e-03,-2.595429130551993920e-03,7.145169339379323949e-03
2.505325102445799326e-03,-2.595433222453207185e-03,6.205301111592873703e-03
2.505321386095720956e-03,-2.595436903415623570e-03,5.359419702543488477e-03
2.505318039634028566e-03,-2.595440214534220757e-03,4.598126430357445116e-03
2.505315026072765187e-03,-2.595443192794269060e-03,3.912962481348393300e-03
2.505312312122606831e-03,-2.595445871482344232e-03,3.296314923198625461e-03
2.505309867823022046e-03,-2.595448280556227755e-03,2.741332116822200321e-03
2.505307666209422284e-03,-2.595450446977812416e-03,2.241847587041778840e-03
2.505305683013589902e-03,-2.595452395012711171e-03,1.792311506197755795e-03
2.505303896394057029e-03,-2.595454146499902564e-03,1.387729029396483817e-03
2.505302286693441172e-03,-2.595455721094408995e-03,1.023604796233684895e-03
2.505300836220054374e-03,-2.595457136485702747e-03,6.958929823455083617e-04
2.505299529051334753e-03,-2.595458408594272705e-03,4.009523458044914252e-04
2.505298350856949383e-03,-2.595459551748523219e-03,1.355057688759140114e-04
2.505297288739570961e-03,-2.595460578843993959e-03,-1.033961544014692008e-04
2.505296331091587479e-03,-2.595461501486652414e-03,-3.184078893927788146e-04
2.505295467466126837e-03,-2.595462330121850632e-03,-5.119184549266225098e-04
2.505294688460994734e-03,-2.595463074150394268e-03,-6.860779679487483866e-04
2.505293985614201815e-03,-2.595463742032994622e-03,-8.428215337103284275e-04
2.505293351309955101e-03,-2.595464341384283707e-03,-9.838907469374188856e-04
2.505292778694026903e-03,-2.595464879057423225e-03,-1.110853042883468448e-03
2.505292261597610436e-03,-2.595465361220254154e-03,-1.225119113276580815e-03
2.505291794468775257e-03,-2.595465793423826998e-03,-1.327958580672050767e-03
2.505291372310777028e-03,-2.595466180664084219e-03,-1.420514105369643024e-03
2.505290990626547233e-03,-2.595466527437370087e-03,-1.503814081639144682e-03
2.505290645368717095e-03,-2.595466837790393749e-03,-1.578784064323365604e-03
2.505290332894657013e-03,-2.595467115365190230e-03,-1.646257052780833886e-03
2.505290049925996358e-03,-2.595467363439588060e-03,-1.706982746434224877e-03
2.505289793512198611e-03,-2.595467584963633261e-03,-1.761635874763945635e-03
2.505289560997785072e-03,-2.595467782592366952e-03,-1.810823694302364116e-03
2.505289349992817233e-03,-2.595467958715322147e-03,-1.855092735928610178e-03
2.505289158346358548e-03,-2.595468115483080644e-03,-1.894934877433900955e-03
2.505288984122555195e-03,-2.595468254831165365e-03,-1.930792808830332106e-03
2.505288825579145458e-03,-2.595468378501544857e-03,-1.963064951128789919e-03
2.505288681148092403e-03,-2.595468488061991510e-03,-1.992109883239071445e-03
2.505288549418158584e-03,-2.595468584923500775e-03,-2.018250326179994118e-03
2.505288429119236718e-03,-2.595468670355966564e-03,-2.041776728868494126e-03
2.505288319108223832e-03,-2.595468745502294526e-03,-2.062950495329813651e-03
2.505288218356332194e-03,-2.595468811391098921e-03,-2.082006889186670436e-03
2.505288125937647076e-03,-2.595468868948132279e-03,-2.099157647699510711e-03
2.505288041018848954e-03,-2.595468919006573179e-03,-2.114593334402736519e-03
2.505287962849949649e-03,-2.595468962316280995e-03,-2.128485456477309783e-03
2.505287890755960450e-03,-2.595468999552128647e-03,-2.140988370386094544e-03
2.505287824129390738e-03,-2.595469031321502237e-03,-2.152240996945669824e-03
2.505287762423496437e-03,-2.595469058171052164e-03,-2.162368364890957309e-03
2.505287705146211959e-03,-2.595469080592755981e-03,-2.171483000083384782e-03
2.505287651854676712e-03,-2.595469099029402288e-03,-2.179686175798239370e-03
2.505287602150313691e-03,-2.595469113879495665e-03,-2.187069037983277800e-03
2.505287555674408102e-03,-2.595469125501692793e-03,-2.193713617991480819e-03
2.505287512104112293e-03,-2.595469134218780609e-03,-2.199693744040533572e-03
2.505287471148866588e-03,-2.595469140321273686e-03,-2.205075861526349743e-03
2.505287432547163590e-03,-2.595469144070629980e-03,-2.209919771305253033e-03
2.505287396063652066e-03,-2.595469145702161261e-03,-2.214279294147935163e-03
2.505287361486511870e-03,-2.595469145427651246e-03,-2.218202868748018683e-03
2.505287328625105999e-03,-2.595469143437706579e-03,-2.221734089929762804e-03
2.505287297307858159e-03,-2.595469139903867559e-03,-2.224912193035001508e-03
2.505287267380358011e-03,-2.595469134980524575e-03,-2.227772489871384601e-03
2.505287238703626882e-03,-2.595469128806627678e-03,-2.230346761065799162e-03
2.505287211152587741e-03,-2.595469121507233082e-03,-2.232663609182440785e-03
2.505287184614672213e-03,-2.595469113194890081e-03,-2.234748776529087069e-03
2.505287158988568977e-03,-2.595469103970894816e-03,-2.236625431182737850e-03
2.505287134183093161e-03,-2.595469093926410908e-03,-2.238314424412691985e-03
2.505287110116188008e-03,-2.595469083143486875e-03,-2.239834522361320007e-03
2.505287086713991595e-03,-2.595469071695966860e-03,-2.241202614556754309e-03
2.505287063910034088e-03,-2.595469059650311588e-03,-2.242433901574312442e-03
2.505287041644491813e-03,-2.595469047066334325e-03,-2.243542063931784625e-03
2.505287019863524593e-03,-2.595469033997864841e-03,-2.244539414095178542e-03
2.505286998518674660e-03,-2.595469020493354831e-03,-2.245437033283901110e-03
2.505286977566328899e-03,-2.595469006596407436e-03,-2.246244894595419983e-03
2.505286956967236588e-03,-2.595468992346266872e-03,-2.246971973817456312e-03
2.505286936686072687e-03,-2.595468977778252542e-03,-2.247626349158957353e-03
2.505286916691045352e-03,-2.595468962924151520e-03,-2.248215291007976419e-03
2.505286896953539452e-03,-2.595468947812571564e-03,-2.248745342713762661e-03
2.505286877447804317e-03,-2.595468932469262042e-03,-2.249222393290638278e-03
2.505286858150661440e-03,-2.595468916917396691e-03,-2.249651742851495242e-03
2.505286839041250772e-03,-2.595468901177828622e-03,-2.250038161497934595e-03
2.505286820100801302e-03,-2.595468885269329277e-03,-2.250385942321399442e-03
2.505286801312415525e-03,-2.595468869208792696e-03,-2.250698949104185196e-03
2.505286782660887286e-03,-2.595468853011421127e-03,-2.250980659250361414e-03
2.505286764132531353e-03,-2.595468836690898069e-03,-2.251234202423587401e-03
2.505286745715029888e-03,-2.595468820259539192e-03,-2.251462395321160003e-03
2.505286727397298442e-03,-2.595468803728426775e-03,-2.251667772970642953e-03
2.505286709169359319e-03,-2.595468787107537648e-03,-2.251852616896846907e-03
2.505286691022233156e-03,-2.595468770405848138e-03,-2.252018980472098204e-03
2.505286672947839178e-03,-2.595468753631439453e-03,-2.252168711731492023e-03
2.505286654938902822e-03,-2.595468736791582253e-03,-2.252303473906615110e-03
2.505286636988880711e-03,-2.595468719892822518e-03,-2.252424763905893669e-03
2.505286619091878254e-03,-2.595468702941050500e-03,-2.252533928946913455e-03
2.505286601242595872e-03,-2.595468685941566215e-03,-2.252632181525498697e-03
2.505286583436260039e-03,-2.595468668899142753e-03,-2.252720612887893804e-03
2.505286565668576014e-03,-2.595468651818074422e-03,-2.252800205155717182e-03
2.505286547935679699e-03,-2.595468634702221417e-03,-2.252871842238426611e-03
2.505286530234091674e-03,-2.595468617555066193e-03,-2.252936319654532532e-03
2.505286512560679895e-03,-2.595468600379738193e-03,-2.252994353370696770e-03
2.505286494912629339e-03,-2.595468583179055041e-03,-2.253046587756911585e-03
2.505286477287401673e-03,-2.595468565955549433e-03,-2.253093602746174002e-03
2.505286459682716169e-03,-2.595468548711504699e-03,-2.253135920278176874e-03
2.505286442096517612e-03,-2.595468531448977788e-03,-2.253174010098648195e-03
2.505286424526957222e-03,-2.595468514169815312e-03,-2.253208294978739819e-03
2.505286406972371833e-03,-2.595468496875677402e-03,-2.253239155412489932e-03
2.505286389431263076e-03,-2.595468479568065027e-03,-2.253266933844533249e-03
2.505286371902285675e-03,-2.595468462248325201e-03,-2.253291938475039582e-03
2.505286354384222286e-03,-2.595468444917670928e-03,-2.253314446684163367e-03
2.505286336875983504e-03,-2.595468427577192917e-03,-2.253334708114042295e-03
2.505286319376587040e-03,-2.595468410227872585e-03,-2.253352947442601503e-03
2.505286301885148621e-03,-2.595468392870595945e-03,-2.253369366879971573e-03
2.505286284400874176e-03,-2.595468375506157065e-03,-2.253384148415272896e-03
2.505286266923042928e-03,-2.595468358135274121e-03,-2.253397455838712128e-03
2.505286249451015197e-03,-2.595468340758588528e-03,-2.253409436561474525e-03
2.505286231984208550e-03,-2.595468323376682717e-03,-2.253420223253628160e-03
2.505286214522100402e-03,-2.595468305990076673e-03,-2.253429935318233823e-03
2.505286197064221509e-03,-2.595468288599244843e-03,-2.253438680218046355e-03
2.505286179610149034e-03,-2.595468271204603994e-03,-2.253446554669545632e-03
2.505286162159500469e-03,-2.595468253806539668e-03,-2.253453645717562633e-03
2.505286144711936676e-03,-2.595468236405390570e-03,-2.253460031702444587e-03
2.505286127267144971e-03,-2.595468219001469384e-03,-2.253465783130506259e-03
2.505286109824852135e-03,-2.595468201595048895e-03,-2.253470963457428894e-03
2.505286092384806634e-03,-2.595468184186381505e-03,-2.253475629793326874e-03
2.505286074946783386e-03,-2.595468166775690561e-03,-2.253479833537302187e-03
2.505286057510580731e-03,-2.595468149363179891e-03,-2.253483620948547490e-03
2.505286040076015654e-03,-2.595468131949031209e-03,-2.253487033660335134e-03
2.505286022642924226e-03,-2.595468114533406711e-03,-2.253490109142611102e-03
2.505286005211160294e-03,-2.595468097116456450e-03,-2.253492881118327341e-03
2.505285987780590286e-03,-2.595468079698310532e-03,-2.253495379938139000e-03
2.505285970351095372e-03,-2.595468062279089952e-03,-2.253497632917636408e-03
2.505285952922568001e-03,-2.595468044858900963e-03,-2.253499664640851424e-03
2.505285935494909726e-03,-2.595468027437842010e-03,-2.253501497233412199e-03
2.505285918068035547e-03,-2.595468010015999829e-03,-2.253503150608383854e-03
2.505285900641866098e-03,-2.595467992593451616e-03,-2.253504642687525084e-03
2.505285883216332860e-03,-2.595467975170266759e-03,-2.253505989600419236e-03
2.505285865791368177e-03,-2.595467957746511612e-03,-2.253507205863691191e-03
2.505285848366917839e-03,-2.595467940322242553e-03,-2.253508304542303255e-03
2.505285830942930673e-03,-2.595467922897510757e-03,-2.253509297394721157e-03
2.505285813519360708e-03,-2.595467905472360025e-03,-2.253510195003563879e-03
2.505285796096164575e-03,-2.595467888046835026e-03,-2.253511006893188853e-03
2.505285778673306280e-03,-2.595467870620972190e-03,-2.253511741635517898e-03
2.505285761250750694e-03,-2.595467853194805778e-03,-2.253512406945281776e-03
2.505285743828468328e-03,-2.595467835768365279e-03,-2.253513009765736354e-03
2.505285726406430557e-03,-2.595467818341680617e-03,-2.253513556345811825e-03
2.505285708984614397e-03,-2.595467800914772610e-03,-2.253514052309546316e-03
2.505285691562996429e-03,-2.595467783487665544e-03,-2.253514502718574532e-03
2.505285674141559307e-03,-2.595467766060379367e-03,-2.253514912128365324e-03
2.505285656720280911e-03,-2.595467748632931861e-03,-2.253515284638845251e-03
2.505285639299149100e-03,-2.595467731205337338e-03,-2.253515623939943320e-03
2.505285621878146525e-03,-2.595467713777613143e-03,-2.253515933352598106e-03
2.505285604457261044e-03,-2.595467696349770554e-03,-2.253516215865654024e-03
2.505285587036482249e-03,-2.595467678921822147e-03,-2.253516474169071308e-03
2.505285569615799297e-03,-2.595467661493776595e-03,-2.253516710683813561e-03
2.505285552195200046e-03,-2.595467644065646909e-03,-2.253516927588746811e-03
2.505285534774678424e-03,-2.595467626637438293e-03,-2.253517126844854952e-03
2.505285517354226190e-03,-2.595467609209160722e-03,-2.253517310217017459e-03
2.505285499933835539e-03,-2.595467591780820701e-03,-2.253517479293631279e-03
2.505285482513499966e-03,-2.595467574352424735e-03,-2.253517635504249505e-03
2.505285465093214699e-03,-2.595467556923976727e-03,-2.253517780135472302e-03
2.505285447672977138e-03,-2.595467539495482749e-03,-2.253517914345238866e-03
2.505285430252779041e-03,-2.595467522066948005e-03,-2.253518039175695601e-03
2.505285412832617374e-03,-2.595467504638374664e-03,-2.253518155564773230e-03
2.505285395412489534e-03,-2.595467487209767495e-03,-2.253518264356608580e-03
2.505285377992390750e-03,-2.595467469781131704e-03,-2.253518366310927699e-03
2.505285360572317554e-03,-2.595467452352468590e-03,-2.253518462111480086e-03
2.505285343152269511e-03,-2.595467434923780757e-03,-2.253518552373643714e-03
2.505285325732242285e-03,-2.595467417495069939e-03,-2.253518637651257678e-03
2.505285308312235875e-03,-2.595467400066340039e-03,-2.253518718442775685e-03
2.505285290892245945e-03,-2.595467382637591056e-03,-2.253518795196808935e-03
2.505285273472271628e-03,-2.595467365208826462e-03,-2.253518868317104344e-03
2.505285256052310755e-03,-2.595467347780047989e-03,-2.253518938167036172e-03
2.505285238632362459e-03,-2.595467330351255639e-03,-2.253519005073641428e-03
2.505285221212425872e-03,-2.595467312922452880e-03,-2.253519069331251512e-03
2.505285203792498826e-03,-2.595467295493637111e-03,-2.253519131204766938e-03
2.505285186372581754e-03,-2.595467278064813969e-03,-2.253519190932596825e-03
2.505285168952672489e-03,-2.595467260635980853e-03,-2.253519248729309987e-03
2.505285151532768862e-03,-2.595467243207139930e-03,-2.253519304788017142e-03
2.505285134112872607e-03,-2.595467225778292503e-03,-2.253519359282519802e-03
2.505285116692981991e-03,-2.595467208349438570e-03,-2.253519412369237983e-03
2.505285099273097879e-03,-2.595467190920576830e-03,-2.253519464188950567e-03
2.505285081853218538e-03,-2.595467173491711188e-03,-2.253519514868356985e-03
2.505285064433343100e-03,-2.595467156062840342e-03,-2.253519564521489719e-03
2.505285047013471565e-03,-2.595467138633965158e-03,-2.253519613250973708e-03
2.505285029593602632e-03,-2.595467121205087806e-03,-2.253519661149176040e-03
2.505285012173736735e-03,-2.595467103776203949e-03,-2.253519708299222928e-03
2.505284994753874308e-03,-2.595467086347319659e-03,-2.253519754775931260e-03
2.505284977334012314e-03,-2.595467068918431031e-03,-2.253519800646634329e-03
2.505284959914152489e-03,-2.595467051489540669e-03,-2.253519845971932532e-03
2.505284942494293964e-03,-2.595467034060647271e-03,-2.253519890806366874e-03
2.505284925074438476e-03,-2.595467016631751705e-03,-2.253519935199023091e-03
2.505284907654586023e-03,-2.595466999202855271e-03,-2.253519979194079821e-03
2.505284890234733136e-03,-2.595466981773953633e-03,-2.253520022831295624e-03
2.505284872814881117e-03,-2.595466964345052429e-03,-2.253520066146455243e-03
2.505284855395030832e-03,-2.595466946916149924e-03,-2.253520109171765120e-03
2.505284837975180548e-03,-2.595466929487246551e-03,-2.253520151936209449e-03
2.505284820555331565e-03,-2.595466912058340143e-03,-2.253520194465874569e-03
2.505284803135482147e-03,-2.595466894629433301e-03,-2.253520236784238226e-03
2.505284785715635766e-03,-2.595466877200524724e-03,-2.253520278912431087e-03
2.505284768295788517e-03,-2.595466859771614846e-03,-2.253520320869469625e-03
2.505284750875939968e-03,-2.595466842342704968e-03,-2.253520362672470790e-03
2.505284733456094887e-03,-2.595466824913793789e-03,-2.253520404336836324e-03
2.505284716036248506e-03,-2.595466807484881309e-03,-2.253520445876430571e-03
2.505284698616401691e-03,-2.595466790055967529e-03,-2.253520487303730096e-03
2.505284681196555310e-03,-2.595466772627054615e-03,-2.253520528629966366e-03
2.505284663776708495e-03,-2.595466755198141268e-03,-2.253520569865242844e-03
2.505284646356862981e-03,-2.595466737769225318e-03,-2.253520611018657287e-03
2.505284628937017900e-03,-2.595466720340308935e-03,-2.253520652098394989e-03
2.505284611517171953e-03,-2.595466702911392552e-03,-2.253520693111825055e-03
2.505284594097326439e-03,-2.595466685482475735e-03,-2.253520734065576729e-03
2.505284576677479624e-03,-2.595466668053558485e-03,-2.253520774965617462e-03
2.505284559257633242e-03,-2.595466650624640801e-03,-2.253520815817320125e-03
2.505284541837786427e-03,-2.595466633195723984e-03,-2.253520856625517224e-03
2.505284524417939179e-03,-2.595466615766804999e-03,-2.253520897394559880e-03
2.505284506998090629e-03,-2.595466598337886448e-03,-2.253520938128362495e-03
2.505284489578243814e-03,-2.595466580908967896e-03,-2.253520978830450463e-03
2.505284472158394830e-03,-2.595466563480048477e-03,-2.253521019503993989e-03
2.505284454738549316e-03,-2.595466546051127758e-03,-2.253521060151848429e-03
2.505284437318702068e-03,-2.595466528622204869e-03,-2.253521100776581607e-03
2.505284419898855686e-03,-2.595466511193283282e-03,-2.253521141380507211e-03
2.505284402479008438e-03,-2.595466493764360828e-03,-2.253521181965704740e-03
2.505284385059160755e-03,-2.595466476335437939e-03,-2.253521222534046829e-03
2.505284367639313073e-03,-2.595466458906514617e-03,-2.253521263087219194e-03
2.505284350219464957e-03,-2.595466441477591295e-03,-2.253521303626740153e-03
2.505284332799617274e-03,-2.595466424048667974e-03,-2.253521344153972764e-03
2.505284315379767424e-03,-2.595466406619743351e-03,-2.253521384670147381e-03
2.505284297959918874e-03,-2.595466389190819595e-03,-2.253521425176369022e-03
2.505284280540068589e-03,-2.595466371761894105e-03,-2.253521465673633418e-03
2.505284263120219606e-03,-2.595466354332969482e-03,-2.253521506162835253e-03
2.505284245700369321e-03,-2.595466336904044425e-03,-2.253521546644781173e-03
2.505284228280519471e-03,-2.595466319475118935e-03,-2.253521587120198028e-03
2.505284210860668319e-03,-2.595466302046192143e-03,-2.253521627589737206e-03
2.505284193440818034e-03,-2.595466284617266653e-03,-2.253521668053986345e-03
2.505284176020966015e-03,-2.595466267188339428e-03,-2.253521708513475403e-03
2.505284158601115297e-03,-2.595466249759413070e-03,-2.253521748968680127e-03
2.505284141181263712e-03,-2.595466232330486712e-03,-2.253521789420028995e-03
2.505284123761410825e-03,-2.595466214901558620e-03,-2.253521829867907115e-03
